Copyright 1986-2022 Xilinx, Inc. All Rights Reserved. Copyright 2022-2024 Advanced Micro Devices, Inc. All Rights Reserved.
------------------------------------------------------------------------------------------------------------------------------------------------------------------------------------------------------------------------------------------------------------------------------------------------------
| Tool Version : Vivado v.2024.1 (win64) Build 5076996 Wed May 22 18:37:14 MDT 2024
| Date         : Mon Dec  1 14:46:10 2025
| Host         : LAPTOP-CEB4FDNH running 64-bit major release  (build 9200)
| Command      : report_timing_summary -max_paths 10 -report_unconstrained -file Digital_Spectrometer_from_Chirp_DDC_timing_summary_routed.rpt -pb Digital_Spectrometer_from_Chirp_DDC_timing_summary_routed.pb -rpx Digital_Spectrometer_from_Chirp_DDC_timing_summary_routed.rpx -warn_on_violation
| Design       : Digital_Spectrometer_from_Chirp_DDC
| Device       : 7z020-clg484
| Speed File   : -1  PRODUCTION 1.12 2019-11-22
| Design State : Routed
------------------------------------------------------------------------------------------------------------------------------------------------------------------------------------------------------------------------------------------------------------------------------------------------------

Timing Summary Report

------------------------------------------------------------------------------------------------
| Timer Settings
| --------------
------------------------------------------------------------------------------------------------

  Enable Multi Corner Analysis               :  Yes
  Enable Pessimism Removal                   :  Yes
  Pessimism Removal Resolution               :  Nearest Common Node
  Enable Input Delay Default Clock           :  No
  Enable Preset / Clear Arcs                 :  No
  Disable Flight Delays                      :  No
  Ignore I/O Paths                           :  No
  Timing Early Launch at Borrowing Latches   :  No
  Borrow Time for Max Delay Exceptions       :  Yes
  Merge Timing Exceptions                    :  Yes
  Inter-SLR Compensation                     :  Conservative

  Corner  Analyze    Analyze    
  Name    Max Paths  Min Paths  
  ------  ---------  ---------  
  Slow    Yes        Yes        
  Fast    Yes        Yes        


------------------------------------------------------------------------------------------------
| Report Methodology
| ------------------
------------------------------------------------------------------------------------------------

Rule       Severity  Description                    Violations  
---------  --------  -----------------------------  ----------  
DPIR-1     Warning   Asynchronous driver check      438         
TIMING-16  Warning   Large setup violation          16          
TIMING-18  Warning   Missing input or output delay  64          

Note: This report is based on the most recent report_methodology run and may not be up-to-date. Run report_methodology on the current design for the latest report.



check_timing report

Table of Contents
-----------------
1. checking no_clock (0)
2. checking constant_clock (0)
3. checking pulse_width_clock (0)
4. checking unconstrained_internal_endpoints (0)
5. checking no_input_delay (3)
6. checking no_output_delay (61)
7. checking multiple_clock (0)
8. checking generated_clocks (0)
9. checking loops (0)
10. checking partial_input_delay (0)
11. checking partial_output_delay (0)
12. checking latch_loops (0)

1. checking no_clock (0)
------------------------
 There are 0 register/latch pins with no clock.


2. checking constant_clock (0)
------------------------------
 There are 0 register/latch pins with constant_clock.


3. checking pulse_width_clock (0)
---------------------------------
 There are 0 register/latch pins which need pulse_width check


4. checking unconstrained_internal_endpoints (0)
------------------------------------------------
 There are 0 pins that are not constrained for maximum delay.

 There are 0 pins that are not constrained for maximum delay due to constant clock.


5. checking no_input_delay (3)
------------------------------
 There are 3 input ports with no input delay specified. (HIGH)

 There are 0 input ports with no input delay but user has a false path constraint.


6. checking no_output_delay (61)
--------------------------------
 There are 61 ports with no output delay specified. (HIGH)

 There are 0 ports with no output delay but user has a false path constraint

 There are 0 ports with no output delay but with a timing clock defined on it or propagating through it


7. checking multiple_clock (0)
------------------------------
 There are 0 register/latch pins with multiple clocks.


8. checking generated_clocks (0)
--------------------------------
 There are 0 generated clocks that are not connected to a clock source.


9. checking loops (0)
---------------------
 There are 0 combinational loops in the design.


10. checking partial_input_delay (0)
------------------------------------
 There are 0 input ports with partial input delay specified.


11. checking partial_output_delay (0)
-------------------------------------
 There are 0 ports with partial output delay specified.


12. checking latch_loops (0)
----------------------------
 There are 0 combinational latch loops in the design through latch input



------------------------------------------------------------------------------------------------
| Design Timing Summary
| ---------------------
------------------------------------------------------------------------------------------------

    WNS(ns)      TNS(ns)  TNS Failing Endpoints  TNS Total Endpoints      WHS(ns)      THS(ns)  THS Failing Endpoints  THS Total Endpoints     WPWS(ns)     TPWS(ns)  TPWS Failing Endpoints  TPWS Total Endpoints  
    -------      -------  ---------------------  -------------------      -------      -------  ---------------------  -------------------     --------     --------  ----------------------  --------------------  
     -8.559     -110.540                     16                60697        0.028        0.000                      0                60697        7.083        0.000                       0                 29022  


Timing constraints are not met.


------------------------------------------------------------------------------------------------
| Clock Summary
| -------------
------------------------------------------------------------------------------------------------

Clock  Waveform(ns)       Period(ns)      Frequency(MHz)
-----  ------------       ----------      --------------
MWCLK  {0.000 8.334}      16.667          59.999          


------------------------------------------------------------------------------------------------
| Intra Clock Table
| -----------------
------------------------------------------------------------------------------------------------

Clock             WNS(ns)      TNS(ns)  TNS Failing Endpoints  TNS Total Endpoints      WHS(ns)      THS(ns)  THS Failing Endpoints  THS Total Endpoints     WPWS(ns)     TPWS(ns)  TPWS Failing Endpoints  TPWS Total Endpoints  
-----             -------      -------  ---------------------  -------------------      -------      -------  ---------------------  -------------------     --------     --------  ----------------------  --------------------  
MWCLK              -8.559     -110.540                     16                60697        0.028        0.000                      0                60697        7.083        0.000                       0                 29022  


------------------------------------------------------------------------------------------------
| Inter Clock Table
| -----------------
------------------------------------------------------------------------------------------------

From Clock    To Clock          WNS(ns)      TNS(ns)  TNS Failing Endpoints  TNS Total Endpoints      WHS(ns)      THS(ns)  THS Failing Endpoints  THS Total Endpoints  
----------    --------          -------      -------  ---------------------  -------------------      -------      -------  ---------------------  -------------------  


------------------------------------------------------------------------------------------------
| Other Path Groups Table
| -----------------------
------------------------------------------------------------------------------------------------

Path Group    From Clock    To Clock          WNS(ns)      TNS(ns)  TNS Failing Endpoints  TNS Total Endpoints      WHS(ns)      THS(ns)  THS Failing Endpoints  THS Total Endpoints  
----------    ----------    --------          -------      -------  ---------------------  -------------------      -------      -------  ---------------------  -------------------  


------------------------------------------------------------------------------------------------
| User Ignored Path Table
| -----------------------
------------------------------------------------------------------------------------------------

Path Group    From Clock    To Clock    
----------    ----------    --------    


------------------------------------------------------------------------------------------------
| Unconstrained Path Table
| ------------------------
------------------------------------------------------------------------------------------------

Path Group    From Clock    To Clock    
----------    ----------    --------    
(none)                                    
(none)        MWCLK                       
(none)                      MWCLK         


------------------------------------------------------------------------------------------------
| Timing Details
| --------------
------------------------------------------------------------------------------------------------


---------------------------------------------------------------------------------------------------
From Clock:  MWCLK
  To Clock:  MWCLK

Setup :           16  Failing Endpoints,  Worst Slack       -8.559ns,  Total Violation     -110.540ns
Hold  :            0  Failing Endpoints,  Worst Slack        0.028ns,  Total Violation        0.000ns
PW    :            0  Failing Endpoints,  Worst Slack        7.083ns,  Total Violation        0.000ns
---------------------------------------------------------------------------------------------------


Max Delay Paths
--------------------------------------------------------------------------------------
Slack (VIOLATED) :        -8.559ns  (required time - arrival time)
  Source:                 u_DDC/u_LPF/Product1_mul_temp_i_1_psdsp/C
                            (rising edge-triggered cell FDRE clocked by MWCLK  {rise@0.000ns fall@8.333ns period=16.667ns})
  Destination:            u_DDC/Xfilter_1_reg[15]/D
                            (rising edge-triggered cell FDCE clocked by MWCLK  {rise@0.000ns fall@8.333ns period=16.667ns})
  Path Group:             MWCLK
  Path Type:              Setup (Max at Slow Process Corner)
  Requirement:            16.667ns  (MWCLK rise@16.667ns - MWCLK rise@0.000ns)
  Data Path Delay:        25.204ns  (logic 16.494ns (65.442%)  route 8.710ns (34.558%))
  Logic Levels:           34  (CARRY4=19 DSP48E1=1 LUT2=14)
  Clock Path Skew:        -0.049ns (DCD - SCD + CPR)
    Destination Clock Delay (DCD):    0.924ns = ( 17.591 - 16.667 ) 
    Source Clock Delay      (SCD):    0.973ns
    Clock Pessimism Removal (CPR):    0.000ns
  Clock Uncertainty:      0.035ns  ((TSJ^2 + TIJ^2)^1/2 + DJ) / 2 + PE
    Total System Jitter     (TSJ):    0.071ns
    Total Input Jitter      (TIJ):    0.000ns
    Discrete Jitter          (DJ):    0.000ns
    Phase Error              (PE):    0.000ns

    Location             Delay type                Incr(ns)  Path(ns)    Netlist Resource(s)
  -------------------------------------------------------------------    -------------------
                         (clock MWCLK rise edge)      0.000     0.000 r  
                                                      0.000     0.000 r  clk (IN)
                         net (fo=29022, unset)        0.973     0.973    u_DDC/u_LPF/clk
    SLICE_X95Y1          FDRE                                         r  u_DDC/u_LPF/Product1_mul_temp_i_1_psdsp/C
  -------------------------------------------------------------------    -------------------
    SLICE_X95Y1          FDRE (Prop_fdre_C_Q)         0.456     1.429 r  u_DDC/u_LPF/Product1_mul_temp_i_1_psdsp/Q
                         net (fo=1, routed)           0.401     1.830    u_DDC/u_LPF/P[15]
    SLICE_X95Y2          LUT2 (Prop_lut2_I0_O)        0.124     1.954 r  u_DDC/u_LPF/Product1_mul_temp_i_1/O
                         net (fo=16, routed)          0.785     2.739    u_DDC/u_LPF/Delay_out1[15]
    DSP48_X3Y1           DSP48E1 (Prop_dsp48e1_A[19]_P[17])
                                                      3.841     6.580 r  u_DDC/u_LPF/Product1_mul_temp/P[17]
                         net (fo=1, routed)           0.592     7.172    u_DDC/u_LPF/RESIZE[3]
    SLICE_X93Y4          LUT2 (Prop_lut2_I1_O)        0.124     7.296 r  u_DDC/u_LPF/Sum3_add_temp_carry_i_3/O
                         net (fo=1, routed)           0.000     7.296    u_DDC/u_LPF/Sum3_add_temp_carry_i_3_n_0
    SLICE_X93Y4          CARRY4 (Prop_carry4_S[1]_O[2])
                                                      0.580     7.876 r  u_DDC/u_LPF/Sum3_add_temp_carry/O[2]
                         net (fo=1, routed)           0.570     8.447    u_DDC/u_LPF/Sum3_add_temp[4]
    SLICE_X95Y5          LUT2 (Prop_lut2_I1_O)        0.302     8.749 r  u_DDC/u_LPF/Sum2_add_temp_carry_i_3/O
                         net (fo=1, routed)           0.000     8.749    u_DDC/u_LPF/Sum2_add_temp_carry_i_3_n_0
    SLICE_X95Y5          CARRY4 (Prop_carry4_S[1]_O[2])
                                                      0.580     9.329 r  u_DDC/u_LPF/Sum2_add_temp_carry/O[2]
                         net (fo=1, routed)           0.686    10.014    u_DDC/u_LPF/Sum2_add_temp[2]
    SLICE_X101Y6         LUT2 (Prop_lut2_I1_O)        0.302    10.316 r  u_DDC/u_LPF/Sum5_add_temp_carry_i_2/O
                         net (fo=1, routed)           0.000    10.316    u_DDC/u_LPF/Sum5_add_temp_carry_i_2_n_0
    SLICE_X101Y6         CARRY4 (Prop_carry4_S[2]_CO[3])
                                                      0.398    10.714 r  u_DDC/u_LPF/Sum5_add_temp_carry/CO[3]
                         net (fo=1, routed)           0.000    10.714    u_DDC/u_LPF/Sum5_add_temp_carry_n_0
    SLICE_X101Y7         CARRY4 (Prop_carry4_CI_O[0])
                                                      0.222    10.936 r  u_DDC/u_LPF/Sum5_add_temp_carry__0/O[0]
                         net (fo=1, routed)           0.618    11.554    u_DDC/u_LPF/Sum5_add_temp[4]
    SLICE_X103Y7         LUT2 (Prop_lut2_I1_O)        0.299    11.853 r  u_DDC/u_LPF/Sum4_add_temp_carry_i_3/O
                         net (fo=1, routed)           0.000    11.853    u_DDC/u_LPF/Sum4_add_temp_carry_i_3_n_0
    SLICE_X103Y7         CARRY4 (Prop_carry4_S[1]_O[2])
                                                      0.580    12.433 r  u_DDC/u_LPF/Sum4_add_temp_carry/O[2]
                         net (fo=1, routed)           0.432    12.865    u_DDC/u_LPF/Sum4_add_temp[4]
    SLICE_X102Y9         LUT2 (Prop_lut2_I1_O)        0.302    13.167 r  u_DDC/u_LPF/Sum7_add_temp_carry_i_3/O
                         net (fo=1, routed)           0.000    13.167    u_DDC/u_LPF/Sum7_add_temp_carry_i_3_n_0
    SLICE_X102Y9         CARRY4 (Prop_carry4_S[1]_O[2])
                                                      0.578    13.745 r  u_DDC/u_LPF/Sum7_add_temp_carry/O[2]
                         net (fo=1, routed)           0.595    14.340    u_DDC/u_LPF/Sum7_add_temp[2]
    SLICE_X100Y10        LUT2 (Prop_lut2_I1_O)        0.301    14.641 r  u_DDC/u_LPF/Sum6_add_temp_carry_i_3/O
                         net (fo=1, routed)           0.000    14.641    u_DDC/u_LPF/Sum6_add_temp_carry_i_3_n_0
    SLICE_X100Y10        CARRY4 (Prop_carry4_S[1]_O[2])
                                                      0.578    15.219 r  u_DDC/u_LPF/Sum6_add_temp_carry/O[2]
                         net (fo=1, routed)           0.544    15.763    u_DDC/u_LPF/Sum6_out1[1]
    SLICE_X99Y11         LUT2 (Prop_lut2_I1_O)        0.301    16.064 r  u_DDC/u_LPF/Sum9_out1_carry_i_3/O
                         net (fo=1, routed)           0.000    16.064    u_DDC/u_LPF/Sum9_out1_carry_i_3_n_0
    SLICE_X99Y11         CARRY4 (Prop_carry4_S[1]_CO[3])
                                                      0.550    16.614 r  u_DDC/u_LPF/Sum9_out1_carry/CO[3]
                         net (fo=1, routed)           0.000    16.614    u_DDC/u_LPF/Sum9_out1_carry_n_0
    SLICE_X99Y12         CARRY4 (Prop_carry4_CI_O[0])
                                                      0.222    16.836 r  u_DDC/u_LPF/Sum9_out1_carry__0/O[0]
                         net (fo=1, routed)           0.471    17.307    u_DDC/u_LPF/Sum9_out1[4]
    SLICE_X97Y12         LUT2 (Prop_lut2_I1_O)        0.299    17.606 r  u_DDC/u_LPF/Sum8_add_temp_carry__0_i_3/O
                         net (fo=1, routed)           0.000    17.606    u_DDC/u_LPF/Sum8_add_temp_carry__0_i_3_n_0
    SLICE_X97Y12         CARRY4 (Prop_carry4_S[1]_CO[3])
                                                      0.550    18.156 r  u_DDC/u_LPF/Sum8_add_temp_carry__0/CO[3]
                         net (fo=1, routed)           0.000    18.156    u_DDC/u_LPF/Sum8_add_temp_carry__0_n_0
    SLICE_X97Y13         CARRY4 (Prop_carry4_CI_O[0])
                                                      0.222    18.378 r  u_DDC/u_LPF/Sum8_add_temp_carry__1/O[0]
                         net (fo=1, routed)           0.588    18.966    u_DDC/u_LPF/Sum8_add_temp[8]
    SLICE_X99Y16         LUT2 (Prop_lut2_I1_O)        0.299    19.265 r  u_DDC/u_LPF/Sum11_add_temp_carry__0_i_1/O
                         net (fo=1, routed)           0.000    19.265    u_DDC/u_LPF/Sum11_add_temp_carry__0_i_1_n_0
    SLICE_X99Y16         CARRY4 (Prop_carry4_S[3]_CO[3])
                                                      0.401    19.666 r  u_DDC/u_LPF/Sum11_add_temp_carry__0/CO[3]
                         net (fo=1, routed)           0.000    19.666    u_DDC/u_LPF/Sum11_add_temp_carry__0_n_0
    SLICE_X99Y17         CARRY4 (Prop_carry4_CI_O[1])
                                                      0.334    20.000 r  u_DDC/u_LPF/Sum11_add_temp_carry__1/O[1]
                         net (fo=4, routed)           0.632    20.632    u_DDC/u_LPF/Sum11_add_temp[11]
    SLICE_X98Y17         LUT2 (Prop_lut2_I0_O)        0.303    20.935 r  u_DDC/u_LPF/Sum10_add_temp_carry__1_i_4/O
                         net (fo=1, routed)           0.000    20.935    u_DDC/u_LPF/Sum10_add_temp_carry__1_i_4_n_0
    SLICE_X98Y17         CARRY4 (Prop_carry4_S[1]_O[3])
                                                      0.643    21.578 r  u_DDC/u_LPF/Sum10_add_temp_carry__1/O[3]
                         net (fo=3, routed)           0.563    22.142    u_DDC/u_LPF/Sum10_add_temp[17]
    SLICE_X95Y17         LUT2 (Prop_lut2_I1_O)        0.307    22.449 r  u_DDC/u_LPF/Sum13_add_temp_carry__1_i_2/O
                         net (fo=1, routed)           0.000    22.449    u_DDC/u_LPF/Sum13_add_temp_carry__1_i_2_n_0
    SLICE_X95Y17         CARRY4 (Prop_carry4_S[3]_CO[3])
                                                      0.401    22.850 r  u_DDC/u_LPF/Sum13_add_temp_carry__1/CO[3]
                         net (fo=1, routed)           0.000    22.850    u_DDC/u_LPF/Sum13_add_temp_carry__1_n_0
    SLICE_X95Y18         CARRY4 (Prop_carry4_CI_O[0])
                                                      0.222    23.072 r  u_DDC/u_LPF/Sum13_add_temp_carry__2/O[0]
                         net (fo=3, routed)           0.634    23.705    u_DDC/u_LPF/Sum13_add_temp[17]
    SLICE_X96Y19         LUT2 (Prop_lut2_I0_O)        0.299    24.004 r  u_DDC/u_LPF/Sum12_add_temp_carry__2_i_3/O
                         net (fo=1, routed)           0.000    24.004    u_DDC/u_LPF/Sum12_add_temp_carry__2_i_3_n_0
    SLICE_X96Y19         CARRY4 (Prop_carry4_S[1]_O[3])
                                                      0.643    24.647 r  u_DDC/u_LPF/Sum12_add_temp_carry__2/O[3]
                         net (fo=2, routed)           0.599    25.246    u_DDC/u_LPF/Sum12_add_temp[21]
    SLICE_X97Y19         LUT2 (Prop_lut2_I1_O)        0.307    25.553 r  u_DDC/u_LPF/Sum15_add_temp_carry__2_i_1/O
                         net (fo=1, routed)           0.000    25.553    u_DDC/u_LPF/Sum15_add_temp_carry__2_i_1_n_0
    SLICE_X97Y19         CARRY4 (Prop_carry4_S[3]_CO[3])
                                                      0.401    25.954 r  u_DDC/u_LPF/Sum15_add_temp_carry__2/CO[3]
                         net (fo=1, routed)           0.000    25.954    u_DDC/u_LPF/Sum15_add_temp_carry__2_n_0
    SLICE_X97Y20         CARRY4 (Prop_carry4_CI_O[0])
                                                      0.223    26.177 r  u_DDC/u_LPF/Sum15_add_temp_carry__3/O[0]
                         net (fo=1, routed)           0.000    26.177    u_DDC/Xfilter_signed[15]
    SLICE_X97Y20         FDCE                                         r  u_DDC/Xfilter_1_reg[15]/D
  -------------------------------------------------------------------    -------------------

                         (clock MWCLK rise edge)     16.667    16.667 r  
                                                      0.000    16.667 r  clk (IN)
                         net (fo=29022, unset)        0.924    17.591    u_DDC/clk
    SLICE_X97Y20         FDCE                                         r  u_DDC/Xfilter_1_reg[15]/C
                         clock pessimism              0.000    17.591    
                         clock uncertainty           -0.035    17.556    
    SLICE_X97Y20         FDCE (Setup_fdce_C_D)        0.062    17.618    u_DDC/Xfilter_1_reg[15]
  -------------------------------------------------------------------
                         required time                         17.618    
                         arrival time                         -26.177    
  -------------------------------------------------------------------
                         slack                                 -8.559    

Slack (VIOLATED) :        -8.189ns  (required time - arrival time)
  Source:                 u_DDC/u_LPF/Product1_mul_temp_i_1_psdsp/C
                            (rising edge-triggered cell FDRE clocked by MWCLK  {rise@0.000ns fall@8.333ns period=16.667ns})
  Destination:            u_DDC/Xfilter_1_reg[14]/D
                            (rising edge-triggered cell FDCE clocked by MWCLK  {rise@0.000ns fall@8.333ns period=16.667ns})
  Path Group:             MWCLK
  Path Type:              Setup (Max at Slow Process Corner)
  Requirement:            16.667ns  (MWCLK rise@16.667ns - MWCLK rise@0.000ns)
  Data Path Delay:        24.834ns  (logic 16.275ns (65.536%)  route 8.559ns (34.464%))
  Logic Levels:           33  (CARRY4=18 DSP48E1=1 LUT1=1 LUT2=13)
  Clock Path Skew:        -0.049ns (DCD - SCD + CPR)
    Destination Clock Delay (DCD):    0.924ns = ( 17.591 - 16.667 ) 
    Source Clock Delay      (SCD):    0.973ns
    Clock Pessimism Removal (CPR):    0.000ns
  Clock Uncertainty:      0.035ns  ((TSJ^2 + TIJ^2)^1/2 + DJ) / 2 + PE
    Total System Jitter     (TSJ):    0.071ns
    Total Input Jitter      (TIJ):    0.000ns
    Discrete Jitter          (DJ):    0.000ns
    Phase Error              (PE):    0.000ns

    Location             Delay type                Incr(ns)  Path(ns)    Netlist Resource(s)
  -------------------------------------------------------------------    -------------------
                         (clock MWCLK rise edge)      0.000     0.000 r  
                                                      0.000     0.000 r  clk (IN)
                         net (fo=29022, unset)        0.973     0.973    u_DDC/u_LPF/clk
    SLICE_X95Y1          FDRE                                         r  u_DDC/u_LPF/Product1_mul_temp_i_1_psdsp/C
  -------------------------------------------------------------------    -------------------
    SLICE_X95Y1          FDRE (Prop_fdre_C_Q)         0.456     1.429 r  u_DDC/u_LPF/Product1_mul_temp_i_1_psdsp/Q
                         net (fo=1, routed)           0.401     1.830    u_DDC/u_LPF/P[15]
    SLICE_X95Y2          LUT2 (Prop_lut2_I0_O)        0.124     1.954 r  u_DDC/u_LPF/Product1_mul_temp_i_1/O
                         net (fo=16, routed)          0.785     2.739    u_DDC/u_LPF/Delay_out1[15]
    DSP48_X3Y1           DSP48E1 (Prop_dsp48e1_A[19]_P[17])
                                                      3.841     6.580 r  u_DDC/u_LPF/Product1_mul_temp/P[17]
                         net (fo=1, routed)           0.592     7.172    u_DDC/u_LPF/RESIZE[3]
    SLICE_X93Y4          LUT2 (Prop_lut2_I1_O)        0.124     7.296 r  u_DDC/u_LPF/Sum3_add_temp_carry_i_3/O
                         net (fo=1, routed)           0.000     7.296    u_DDC/u_LPF/Sum3_add_temp_carry_i_3_n_0
    SLICE_X93Y4          CARRY4 (Prop_carry4_S[1]_O[2])
                                                      0.580     7.876 r  u_DDC/u_LPF/Sum3_add_temp_carry/O[2]
                         net (fo=1, routed)           0.570     8.447    u_DDC/u_LPF/Sum3_add_temp[4]
    SLICE_X95Y5          LUT2 (Prop_lut2_I1_O)        0.302     8.749 r  u_DDC/u_LPF/Sum2_add_temp_carry_i_3/O
                         net (fo=1, routed)           0.000     8.749    u_DDC/u_LPF/Sum2_add_temp_carry_i_3_n_0
    SLICE_X95Y5          CARRY4 (Prop_carry4_S[1]_O[2])
                                                      0.580     9.329 r  u_DDC/u_LPF/Sum2_add_temp_carry/O[2]
                         net (fo=1, routed)           0.686    10.014    u_DDC/u_LPF/Sum2_add_temp[2]
    SLICE_X101Y6         LUT2 (Prop_lut2_I1_O)        0.302    10.316 r  u_DDC/u_LPF/Sum5_add_temp_carry_i_2/O
                         net (fo=1, routed)           0.000    10.316    u_DDC/u_LPF/Sum5_add_temp_carry_i_2_n_0
    SLICE_X101Y6         CARRY4 (Prop_carry4_S[2]_CO[3])
                                                      0.398    10.714 r  u_DDC/u_LPF/Sum5_add_temp_carry/CO[3]
                         net (fo=1, routed)           0.000    10.714    u_DDC/u_LPF/Sum5_add_temp_carry_n_0
    SLICE_X101Y7         CARRY4 (Prop_carry4_CI_O[0])
                                                      0.222    10.936 r  u_DDC/u_LPF/Sum5_add_temp_carry__0/O[0]
                         net (fo=1, routed)           0.618    11.554    u_DDC/u_LPF/Sum5_add_temp[4]
    SLICE_X103Y7         LUT2 (Prop_lut2_I1_O)        0.299    11.853 r  u_DDC/u_LPF/Sum4_add_temp_carry_i_3/O
                         net (fo=1, routed)           0.000    11.853    u_DDC/u_LPF/Sum4_add_temp_carry_i_3_n_0
    SLICE_X103Y7         CARRY4 (Prop_carry4_S[1]_O[2])
                                                      0.580    12.433 r  u_DDC/u_LPF/Sum4_add_temp_carry/O[2]
                         net (fo=1, routed)           0.432    12.865    u_DDC/u_LPF/Sum4_add_temp[4]
    SLICE_X102Y9         LUT2 (Prop_lut2_I1_O)        0.302    13.167 r  u_DDC/u_LPF/Sum7_add_temp_carry_i_3/O
                         net (fo=1, routed)           0.000    13.167    u_DDC/u_LPF/Sum7_add_temp_carry_i_3_n_0
    SLICE_X102Y9         CARRY4 (Prop_carry4_S[1]_O[2])
                                                      0.578    13.745 r  u_DDC/u_LPF/Sum7_add_temp_carry/O[2]
                         net (fo=1, routed)           0.595    14.340    u_DDC/u_LPF/Sum7_add_temp[2]
    SLICE_X100Y10        LUT2 (Prop_lut2_I1_O)        0.301    14.641 r  u_DDC/u_LPF/Sum6_add_temp_carry_i_3/O
                         net (fo=1, routed)           0.000    14.641    u_DDC/u_LPF/Sum6_add_temp_carry_i_3_n_0
    SLICE_X100Y10        CARRY4 (Prop_carry4_S[1]_O[2])
                                                      0.578    15.219 r  u_DDC/u_LPF/Sum6_add_temp_carry/O[2]
                         net (fo=1, routed)           0.544    15.763    u_DDC/u_LPF/Sum6_out1[1]
    SLICE_X99Y11         LUT2 (Prop_lut2_I1_O)        0.301    16.064 r  u_DDC/u_LPF/Sum9_out1_carry_i_3/O
                         net (fo=1, routed)           0.000    16.064    u_DDC/u_LPF/Sum9_out1_carry_i_3_n_0
    SLICE_X99Y11         CARRY4 (Prop_carry4_S[1]_CO[3])
                                                      0.550    16.614 r  u_DDC/u_LPF/Sum9_out1_carry/CO[3]
                         net (fo=1, routed)           0.000    16.614    u_DDC/u_LPF/Sum9_out1_carry_n_0
    SLICE_X99Y12         CARRY4 (Prop_carry4_CI_O[0])
                                                      0.222    16.836 r  u_DDC/u_LPF/Sum9_out1_carry__0/O[0]
                         net (fo=1, routed)           0.471    17.307    u_DDC/u_LPF/Sum9_out1[4]
    SLICE_X97Y12         LUT2 (Prop_lut2_I1_O)        0.299    17.606 r  u_DDC/u_LPF/Sum8_add_temp_carry__0_i_3/O
                         net (fo=1, routed)           0.000    17.606    u_DDC/u_LPF/Sum8_add_temp_carry__0_i_3_n_0
    SLICE_X97Y12         CARRY4 (Prop_carry4_S[1]_CO[3])
                                                      0.550    18.156 r  u_DDC/u_LPF/Sum8_add_temp_carry__0/CO[3]
                         net (fo=1, routed)           0.000    18.156    u_DDC/u_LPF/Sum8_add_temp_carry__0_n_0
    SLICE_X97Y13         CARRY4 (Prop_carry4_CI_O[0])
                                                      0.222    18.378 r  u_DDC/u_LPF/Sum8_add_temp_carry__1/O[0]
                         net (fo=1, routed)           0.588    18.966    u_DDC/u_LPF/Sum8_add_temp[8]
    SLICE_X99Y16         LUT2 (Prop_lut2_I1_O)        0.299    19.265 r  u_DDC/u_LPF/Sum11_add_temp_carry__0_i_1/O
                         net (fo=1, routed)           0.000    19.265    u_DDC/u_LPF/Sum11_add_temp_carry__0_i_1_n_0
    SLICE_X99Y16         CARRY4 (Prop_carry4_S[3]_CO[3])
                                                      0.401    19.666 r  u_DDC/u_LPF/Sum11_add_temp_carry__0/CO[3]
                         net (fo=1, routed)           0.000    19.666    u_DDC/u_LPF/Sum11_add_temp_carry__0_n_0
    SLICE_X99Y17         CARRY4 (Prop_carry4_CI_O[1])
                                                      0.334    20.000 r  u_DDC/u_LPF/Sum11_add_temp_carry__1/O[1]
                         net (fo=4, routed)           0.632    20.632    u_DDC/u_LPF/Sum11_add_temp[11]
    SLICE_X98Y17         LUT2 (Prop_lut2_I0_O)        0.303    20.935 r  u_DDC/u_LPF/Sum10_add_temp_carry__1_i_4/O
                         net (fo=1, routed)           0.000    20.935    u_DDC/u_LPF/Sum10_add_temp_carry__1_i_4_n_0
    SLICE_X98Y17         CARRY4 (Prop_carry4_S[1]_O[2])
                                                      0.578    21.513 f  u_DDC/u_LPF/Sum10_add_temp_carry__1/O[2]
                         net (fo=4, routed)           0.628    22.142    u_DDC/u_LPF/Sum10_add_temp[16]
    SLICE_X95Y17         LUT1 (Prop_lut1_I0_O)        0.297    22.439 r  u_DDC/u_LPF/Sum13_add_temp_carry__1_i_1/O
                         net (fo=1, routed)           0.000    22.439    u_DDC/u_LPF/Sum13_add_temp_carry__1_i_1_n_0
    SLICE_X95Y17         CARRY4 (Prop_carry4_DI[2]_O[3])
                                                      0.401    22.840 r  u_DDC/u_LPF/Sum13_add_temp_carry__1/O[3]
                         net (fo=3, routed)           0.581    23.421    u_DDC/u_LPF/Sum13_add_temp[16]
    SLICE_X96Y18         LUT2 (Prop_lut2_I1_O)        0.306    23.727 r  u_DDC/u_LPF/Sum12_add_temp_carry__1_i_2/O
                         net (fo=1, routed)           0.000    23.727    u_DDC/u_LPF/Sum12_add_temp_carry__1_i_2_n_0
    SLICE_X96Y18         CARRY4 (Prop_carry4_S[3]_CO[3])
                                                      0.376    24.103 r  u_DDC/u_LPF/Sum12_add_temp_carry__1/CO[3]
                         net (fo=1, routed)           0.000    24.103    u_DDC/u_LPF/Sum12_add_temp_carry__1_n_0
    SLICE_X96Y19         CARRY4 (Prop_carry4_CI_O[1])
                                                      0.323    24.426 r  u_DDC/u_LPF/Sum12_add_temp_carry__2/O[1]
                         net (fo=3, routed)           0.435    24.861    u_DDC/u_LPF/Sum12_add_temp[19]
    SLICE_X97Y19         LUT2 (Prop_lut2_I1_O)        0.306    25.167 r  u_DDC/u_LPF/Sum15_add_temp_carry__2_i_3/O
                         net (fo=1, routed)           0.000    25.167    u_DDC/u_LPF/Sum15_add_temp_carry__2_i_3_n_0
    SLICE_X97Y19         CARRY4 (Prop_carry4_S[1]_O[3])
                                                      0.640    25.807 r  u_DDC/u_LPF/Sum15_add_temp_carry__2/O[3]
                         net (fo=1, routed)           0.000    25.807    u_DDC/Xfilter_signed[14]
    SLICE_X97Y19         FDCE                                         r  u_DDC/Xfilter_1_reg[14]/D
  -------------------------------------------------------------------    -------------------

                         (clock MWCLK rise edge)     16.667    16.667 r  
                                                      0.000    16.667 r  clk (IN)
                         net (fo=29022, unset)        0.924    17.591    u_DDC/clk
    SLICE_X97Y19         FDCE                                         r  u_DDC/Xfilter_1_reg[14]/C
                         clock pessimism              0.000    17.591    
                         clock uncertainty           -0.035    17.556    
    SLICE_X97Y19         FDCE (Setup_fdce_C_D)        0.062    17.618    u_DDC/Xfilter_1_reg[14]
  -------------------------------------------------------------------
                         required time                         17.618    
                         arrival time                         -25.807    
  -------------------------------------------------------------------
                         slack                                 -8.189    

Slack (VIOLATED) :        -8.129ns  (required time - arrival time)
  Source:                 u_DDC/u_LPF/Product1_mul_temp_i_1_psdsp/C
                            (rising edge-triggered cell FDRE clocked by MWCLK  {rise@0.000ns fall@8.333ns period=16.667ns})
  Destination:            u_DDC/Xfilter_1_reg[13]/D
                            (rising edge-triggered cell FDCE clocked by MWCLK  {rise@0.000ns fall@8.333ns period=16.667ns})
  Path Group:             MWCLK
  Path Type:              Setup (Max at Slow Process Corner)
  Requirement:            16.667ns  (MWCLK rise@16.667ns - MWCLK rise@0.000ns)
  Data Path Delay:        24.774ns  (logic 16.215ns (65.452%)  route 8.559ns (34.548%))
  Logic Levels:           33  (CARRY4=18 DSP48E1=1 LUT1=1 LUT2=13)
  Clock Path Skew:        -0.049ns (DCD - SCD + CPR)
    Destination Clock Delay (DCD):    0.924ns = ( 17.591 - 16.667 ) 
    Source Clock Delay      (SCD):    0.973ns
    Clock Pessimism Removal (CPR):    0.000ns
  Clock Uncertainty:      0.035ns  ((TSJ^2 + TIJ^2)^1/2 + DJ) / 2 + PE
    Total System Jitter     (TSJ):    0.071ns
    Total Input Jitter      (TIJ):    0.000ns
    Discrete Jitter          (DJ):    0.000ns
    Phase Error              (PE):    0.000ns

    Location             Delay type                Incr(ns)  Path(ns)    Netlist Resource(s)
  -------------------------------------------------------------------    -------------------
                         (clock MWCLK rise edge)      0.000     0.000 r  
                                                      0.000     0.000 r  clk (IN)
                         net (fo=29022, unset)        0.973     0.973    u_DDC/u_LPF/clk
    SLICE_X95Y1          FDRE                                         r  u_DDC/u_LPF/Product1_mul_temp_i_1_psdsp/C
  -------------------------------------------------------------------    -------------------
    SLICE_X95Y1          FDRE (Prop_fdre_C_Q)         0.456     1.429 r  u_DDC/u_LPF/Product1_mul_temp_i_1_psdsp/Q
                         net (fo=1, routed)           0.401     1.830    u_DDC/u_LPF/P[15]
    SLICE_X95Y2          LUT2 (Prop_lut2_I0_O)        0.124     1.954 r  u_DDC/u_LPF/Product1_mul_temp_i_1/O
                         net (fo=16, routed)          0.785     2.739    u_DDC/u_LPF/Delay_out1[15]
    DSP48_X3Y1           DSP48E1 (Prop_dsp48e1_A[19]_P[17])
                                                      3.841     6.580 r  u_DDC/u_LPF/Product1_mul_temp/P[17]
                         net (fo=1, routed)           0.592     7.172    u_DDC/u_LPF/RESIZE[3]
    SLICE_X93Y4          LUT2 (Prop_lut2_I1_O)        0.124     7.296 r  u_DDC/u_LPF/Sum3_add_temp_carry_i_3/O
                         net (fo=1, routed)           0.000     7.296    u_DDC/u_LPF/Sum3_add_temp_carry_i_3_n_0
    SLICE_X93Y4          CARRY4 (Prop_carry4_S[1]_O[2])
                                                      0.580     7.876 r  u_DDC/u_LPF/Sum3_add_temp_carry/O[2]
                         net (fo=1, routed)           0.570     8.447    u_DDC/u_LPF/Sum3_add_temp[4]
    SLICE_X95Y5          LUT2 (Prop_lut2_I1_O)        0.302     8.749 r  u_DDC/u_LPF/Sum2_add_temp_carry_i_3/O
                         net (fo=1, routed)           0.000     8.749    u_DDC/u_LPF/Sum2_add_temp_carry_i_3_n_0
    SLICE_X95Y5          CARRY4 (Prop_carry4_S[1]_O[2])
                                                      0.580     9.329 r  u_DDC/u_LPF/Sum2_add_temp_carry/O[2]
                         net (fo=1, routed)           0.686    10.014    u_DDC/u_LPF/Sum2_add_temp[2]
    SLICE_X101Y6         LUT2 (Prop_lut2_I1_O)        0.302    10.316 r  u_DDC/u_LPF/Sum5_add_temp_carry_i_2/O
                         net (fo=1, routed)           0.000    10.316    u_DDC/u_LPF/Sum5_add_temp_carry_i_2_n_0
    SLICE_X101Y6         CARRY4 (Prop_carry4_S[2]_CO[3])
                                                      0.398    10.714 r  u_DDC/u_LPF/Sum5_add_temp_carry/CO[3]
                         net (fo=1, routed)           0.000    10.714    u_DDC/u_LPF/Sum5_add_temp_carry_n_0
    SLICE_X101Y7         CARRY4 (Prop_carry4_CI_O[0])
                                                      0.222    10.936 r  u_DDC/u_LPF/Sum5_add_temp_carry__0/O[0]
                         net (fo=1, routed)           0.618    11.554    u_DDC/u_LPF/Sum5_add_temp[4]
    SLICE_X103Y7         LUT2 (Prop_lut2_I1_O)        0.299    11.853 r  u_DDC/u_LPF/Sum4_add_temp_carry_i_3/O
                         net (fo=1, routed)           0.000    11.853    u_DDC/u_LPF/Sum4_add_temp_carry_i_3_n_0
    SLICE_X103Y7         CARRY4 (Prop_carry4_S[1]_O[2])
                                                      0.580    12.433 r  u_DDC/u_LPF/Sum4_add_temp_carry/O[2]
                         net (fo=1, routed)           0.432    12.865    u_DDC/u_LPF/Sum4_add_temp[4]
    SLICE_X102Y9         LUT2 (Prop_lut2_I1_O)        0.302    13.167 r  u_DDC/u_LPF/Sum7_add_temp_carry_i_3/O
                         net (fo=1, routed)           0.000    13.167    u_DDC/u_LPF/Sum7_add_temp_carry_i_3_n_0
    SLICE_X102Y9         CARRY4 (Prop_carry4_S[1]_O[2])
                                                      0.578    13.745 r  u_DDC/u_LPF/Sum7_add_temp_carry/O[2]
                         net (fo=1, routed)           0.595    14.340    u_DDC/u_LPF/Sum7_add_temp[2]
    SLICE_X100Y10        LUT2 (Prop_lut2_I1_O)        0.301    14.641 r  u_DDC/u_LPF/Sum6_add_temp_carry_i_3/O
                         net (fo=1, routed)           0.000    14.641    u_DDC/u_LPF/Sum6_add_temp_carry_i_3_n_0
    SLICE_X100Y10        CARRY4 (Prop_carry4_S[1]_O[2])
                                                      0.578    15.219 r  u_DDC/u_LPF/Sum6_add_temp_carry/O[2]
                         net (fo=1, routed)           0.544    15.763    u_DDC/u_LPF/Sum6_out1[1]
    SLICE_X99Y11         LUT2 (Prop_lut2_I1_O)        0.301    16.064 r  u_DDC/u_LPF/Sum9_out1_carry_i_3/O
                         net (fo=1, routed)           0.000    16.064    u_DDC/u_LPF/Sum9_out1_carry_i_3_n_0
    SLICE_X99Y11         CARRY4 (Prop_carry4_S[1]_CO[3])
                                                      0.550    16.614 r  u_DDC/u_LPF/Sum9_out1_carry/CO[3]
                         net (fo=1, routed)           0.000    16.614    u_DDC/u_LPF/Sum9_out1_carry_n_0
    SLICE_X99Y12         CARRY4 (Prop_carry4_CI_O[0])
                                                      0.222    16.836 r  u_DDC/u_LPF/Sum9_out1_carry__0/O[0]
                         net (fo=1, routed)           0.471    17.307    u_DDC/u_LPF/Sum9_out1[4]
    SLICE_X97Y12         LUT2 (Prop_lut2_I1_O)        0.299    17.606 r  u_DDC/u_LPF/Sum8_add_temp_carry__0_i_3/O
                         net (fo=1, routed)           0.000    17.606    u_DDC/u_LPF/Sum8_add_temp_carry__0_i_3_n_0
    SLICE_X97Y12         CARRY4 (Prop_carry4_S[1]_CO[3])
                                                      0.550    18.156 r  u_DDC/u_LPF/Sum8_add_temp_carry__0/CO[3]
                         net (fo=1, routed)           0.000    18.156    u_DDC/u_LPF/Sum8_add_temp_carry__0_n_0
    SLICE_X97Y13         CARRY4 (Prop_carry4_CI_O[0])
                                                      0.222    18.378 r  u_DDC/u_LPF/Sum8_add_temp_carry__1/O[0]
                         net (fo=1, routed)           0.588    18.966    u_DDC/u_LPF/Sum8_add_temp[8]
    SLICE_X99Y16         LUT2 (Prop_lut2_I1_O)        0.299    19.265 r  u_DDC/u_LPF/Sum11_add_temp_carry__0_i_1/O
                         net (fo=1, routed)           0.000    19.265    u_DDC/u_LPF/Sum11_add_temp_carry__0_i_1_n_0
    SLICE_X99Y16         CARRY4 (Prop_carry4_S[3]_CO[3])
                                                      0.401    19.666 r  u_DDC/u_LPF/Sum11_add_temp_carry__0/CO[3]
                         net (fo=1, routed)           0.000    19.666    u_DDC/u_LPF/Sum11_add_temp_carry__0_n_0
    SLICE_X99Y17         CARRY4 (Prop_carry4_CI_O[1])
                                                      0.334    20.000 r  u_DDC/u_LPF/Sum11_add_temp_carry__1/O[1]
                         net (fo=4, routed)           0.632    20.632    u_DDC/u_LPF/Sum11_add_temp[11]
    SLICE_X98Y17         LUT2 (Prop_lut2_I0_O)        0.303    20.935 r  u_DDC/u_LPF/Sum10_add_temp_carry__1_i_4/O
                         net (fo=1, routed)           0.000    20.935    u_DDC/u_LPF/Sum10_add_temp_carry__1_i_4_n_0
    SLICE_X98Y17         CARRY4 (Prop_carry4_S[1]_O[2])
                                                      0.578    21.513 f  u_DDC/u_LPF/Sum10_add_temp_carry__1/O[2]
                         net (fo=4, routed)           0.628    22.142    u_DDC/u_LPF/Sum10_add_temp[16]
    SLICE_X95Y17         LUT1 (Prop_lut1_I0_O)        0.297    22.439 r  u_DDC/u_LPF/Sum13_add_temp_carry__1_i_1/O
                         net (fo=1, routed)           0.000    22.439    u_DDC/u_LPF/Sum13_add_temp_carry__1_i_1_n_0
    SLICE_X95Y17         CARRY4 (Prop_carry4_DI[2]_O[3])
                                                      0.401    22.840 r  u_DDC/u_LPF/Sum13_add_temp_carry__1/O[3]
                         net (fo=3, routed)           0.581    23.421    u_DDC/u_LPF/Sum13_add_temp[16]
    SLICE_X96Y18         LUT2 (Prop_lut2_I1_O)        0.306    23.727 r  u_DDC/u_LPF/Sum12_add_temp_carry__1_i_2/O
                         net (fo=1, routed)           0.000    23.727    u_DDC/u_LPF/Sum12_add_temp_carry__1_i_2_n_0
    SLICE_X96Y18         CARRY4 (Prop_carry4_S[3]_CO[3])
                                                      0.376    24.103 r  u_DDC/u_LPF/Sum12_add_temp_carry__1/CO[3]
                         net (fo=1, routed)           0.000    24.103    u_DDC/u_LPF/Sum12_add_temp_carry__1_n_0
    SLICE_X96Y19         CARRY4 (Prop_carry4_CI_O[1])
                                                      0.323    24.426 r  u_DDC/u_LPF/Sum12_add_temp_carry__2/O[1]
                         net (fo=3, routed)           0.435    24.861    u_DDC/u_LPF/Sum12_add_temp[19]
    SLICE_X97Y19         LUT2 (Prop_lut2_I1_O)        0.306    25.167 r  u_DDC/u_LPF/Sum15_add_temp_carry__2_i_3/O
                         net (fo=1, routed)           0.000    25.167    u_DDC/u_LPF/Sum15_add_temp_carry__2_i_3_n_0
    SLICE_X97Y19         CARRY4 (Prop_carry4_S[1]_O[2])
                                                      0.580    25.747 r  u_DDC/u_LPF/Sum15_add_temp_carry__2/O[2]
                         net (fo=1, routed)           0.000    25.747    u_DDC/Xfilter_signed[13]
    SLICE_X97Y19         FDCE                                         r  u_DDC/Xfilter_1_reg[13]/D
  -------------------------------------------------------------------    -------------------

                         (clock MWCLK rise edge)     16.667    16.667 r  
                                                      0.000    16.667 r  clk (IN)
                         net (fo=29022, unset)        0.924    17.591    u_DDC/clk
    SLICE_X97Y19         FDCE                                         r  u_DDC/Xfilter_1_reg[13]/C
                         clock pessimism              0.000    17.591    
                         clock uncertainty           -0.035    17.556    
    SLICE_X97Y19         FDCE (Setup_fdce_C_D)        0.062    17.618    u_DDC/Xfilter_1_reg[13]
  -------------------------------------------------------------------
                         required time                         17.618    
                         arrival time                         -25.747    
  -------------------------------------------------------------------
                         slack                                 -8.129    

Slack (VIOLATED) :        -8.005ns  (required time - arrival time)
  Source:                 u_DDC/u_LPF/Product1_mul_temp_i_1_psdsp/C
                            (rising edge-triggered cell FDRE clocked by MWCLK  {rise@0.000ns fall@8.333ns period=16.667ns})
  Destination:            u_DDC/Xfilter_1_reg[12]/D
                            (rising edge-triggered cell FDCE clocked by MWCLK  {rise@0.000ns fall@8.333ns period=16.667ns})
  Path Group:             MWCLK
  Path Type:              Setup (Max at Slow Process Corner)
  Requirement:            16.667ns  (MWCLK rise@16.667ns - MWCLK rise@0.000ns)
  Data Path Delay:        24.650ns  (logic 15.927ns (64.613%)  route 8.723ns (35.387%))
  Logic Levels:           33  (CARRY4=18 DSP48E1=1 LUT1=1 LUT2=13)
  Clock Path Skew:        -0.049ns (DCD - SCD + CPR)
    Destination Clock Delay (DCD):    0.924ns = ( 17.591 - 16.667 ) 
    Source Clock Delay      (SCD):    0.973ns
    Clock Pessimism Removal (CPR):    0.000ns
  Clock Uncertainty:      0.035ns  ((TSJ^2 + TIJ^2)^1/2 + DJ) / 2 + PE
    Total System Jitter     (TSJ):    0.071ns
    Total Input Jitter      (TIJ):    0.000ns
    Discrete Jitter          (DJ):    0.000ns
    Phase Error              (PE):    0.000ns

    Location             Delay type                Incr(ns)  Path(ns)    Netlist Resource(s)
  -------------------------------------------------------------------    -------------------
                         (clock MWCLK rise edge)      0.000     0.000 r  
                                                      0.000     0.000 r  clk (IN)
                         net (fo=29022, unset)        0.973     0.973    u_DDC/u_LPF/clk
    SLICE_X95Y1          FDRE                                         r  u_DDC/u_LPF/Product1_mul_temp_i_1_psdsp/C
  -------------------------------------------------------------------    -------------------
    SLICE_X95Y1          FDRE (Prop_fdre_C_Q)         0.456     1.429 r  u_DDC/u_LPF/Product1_mul_temp_i_1_psdsp/Q
                         net (fo=1, routed)           0.401     1.830    u_DDC/u_LPF/P[15]
    SLICE_X95Y2          LUT2 (Prop_lut2_I0_O)        0.124     1.954 r  u_DDC/u_LPF/Product1_mul_temp_i_1/O
                         net (fo=16, routed)          0.785     2.739    u_DDC/u_LPF/Delay_out1[15]
    DSP48_X3Y1           DSP48E1 (Prop_dsp48e1_A[19]_P[17])
                                                      3.841     6.580 r  u_DDC/u_LPF/Product1_mul_temp/P[17]
                         net (fo=1, routed)           0.592     7.172    u_DDC/u_LPF/RESIZE[3]
    SLICE_X93Y4          LUT2 (Prop_lut2_I1_O)        0.124     7.296 r  u_DDC/u_LPF/Sum3_add_temp_carry_i_3/O
                         net (fo=1, routed)           0.000     7.296    u_DDC/u_LPF/Sum3_add_temp_carry_i_3_n_0
    SLICE_X93Y4          CARRY4 (Prop_carry4_S[1]_O[2])
                                                      0.580     7.876 r  u_DDC/u_LPF/Sum3_add_temp_carry/O[2]
                         net (fo=1, routed)           0.570     8.447    u_DDC/u_LPF/Sum3_add_temp[4]
    SLICE_X95Y5          LUT2 (Prop_lut2_I1_O)        0.302     8.749 r  u_DDC/u_LPF/Sum2_add_temp_carry_i_3/O
                         net (fo=1, routed)           0.000     8.749    u_DDC/u_LPF/Sum2_add_temp_carry_i_3_n_0
    SLICE_X95Y5          CARRY4 (Prop_carry4_S[1]_O[2])
                                                      0.580     9.329 r  u_DDC/u_LPF/Sum2_add_temp_carry/O[2]
                         net (fo=1, routed)           0.686    10.014    u_DDC/u_LPF/Sum2_add_temp[2]
    SLICE_X101Y6         LUT2 (Prop_lut2_I1_O)        0.302    10.316 r  u_DDC/u_LPF/Sum5_add_temp_carry_i_2/O
                         net (fo=1, routed)           0.000    10.316    u_DDC/u_LPF/Sum5_add_temp_carry_i_2_n_0
    SLICE_X101Y6         CARRY4 (Prop_carry4_S[2]_CO[3])
                                                      0.398    10.714 r  u_DDC/u_LPF/Sum5_add_temp_carry/CO[3]
                         net (fo=1, routed)           0.000    10.714    u_DDC/u_LPF/Sum5_add_temp_carry_n_0
    SLICE_X101Y7         CARRY4 (Prop_carry4_CI_O[0])
                                                      0.222    10.936 r  u_DDC/u_LPF/Sum5_add_temp_carry__0/O[0]
                         net (fo=1, routed)           0.618    11.554    u_DDC/u_LPF/Sum5_add_temp[4]
    SLICE_X103Y7         LUT2 (Prop_lut2_I1_O)        0.299    11.853 r  u_DDC/u_LPF/Sum4_add_temp_carry_i_3/O
                         net (fo=1, routed)           0.000    11.853    u_DDC/u_LPF/Sum4_add_temp_carry_i_3_n_0
    SLICE_X103Y7         CARRY4 (Prop_carry4_S[1]_O[2])
                                                      0.580    12.433 r  u_DDC/u_LPF/Sum4_add_temp_carry/O[2]
                         net (fo=1, routed)           0.432    12.865    u_DDC/u_LPF/Sum4_add_temp[4]
    SLICE_X102Y9         LUT2 (Prop_lut2_I1_O)        0.302    13.167 r  u_DDC/u_LPF/Sum7_add_temp_carry_i_3/O
                         net (fo=1, routed)           0.000    13.167    u_DDC/u_LPF/Sum7_add_temp_carry_i_3_n_0
    SLICE_X102Y9         CARRY4 (Prop_carry4_S[1]_O[2])
                                                      0.578    13.745 r  u_DDC/u_LPF/Sum7_add_temp_carry/O[2]
                         net (fo=1, routed)           0.595    14.340    u_DDC/u_LPF/Sum7_add_temp[2]
    SLICE_X100Y10        LUT2 (Prop_lut2_I1_O)        0.301    14.641 r  u_DDC/u_LPF/Sum6_add_temp_carry_i_3/O
                         net (fo=1, routed)           0.000    14.641    u_DDC/u_LPF/Sum6_add_temp_carry_i_3_n_0
    SLICE_X100Y10        CARRY4 (Prop_carry4_S[1]_O[2])
                                                      0.578    15.219 r  u_DDC/u_LPF/Sum6_add_temp_carry/O[2]
                         net (fo=1, routed)           0.544    15.763    u_DDC/u_LPF/Sum6_out1[1]
    SLICE_X99Y11         LUT2 (Prop_lut2_I1_O)        0.301    16.064 r  u_DDC/u_LPF/Sum9_out1_carry_i_3/O
                         net (fo=1, routed)           0.000    16.064    u_DDC/u_LPF/Sum9_out1_carry_i_3_n_0
    SLICE_X99Y11         CARRY4 (Prop_carry4_S[1]_CO[3])
                                                      0.550    16.614 r  u_DDC/u_LPF/Sum9_out1_carry/CO[3]
                         net (fo=1, routed)           0.000    16.614    u_DDC/u_LPF/Sum9_out1_carry_n_0
    SLICE_X99Y12         CARRY4 (Prop_carry4_CI_O[0])
                                                      0.222    16.836 r  u_DDC/u_LPF/Sum9_out1_carry__0/O[0]
                         net (fo=1, routed)           0.471    17.307    u_DDC/u_LPF/Sum9_out1[4]
    SLICE_X97Y12         LUT2 (Prop_lut2_I1_O)        0.299    17.606 r  u_DDC/u_LPF/Sum8_add_temp_carry__0_i_3/O
                         net (fo=1, routed)           0.000    17.606    u_DDC/u_LPF/Sum8_add_temp_carry__0_i_3_n_0
    SLICE_X97Y12         CARRY4 (Prop_carry4_S[1]_CO[3])
                                                      0.550    18.156 r  u_DDC/u_LPF/Sum8_add_temp_carry__0/CO[3]
                         net (fo=1, routed)           0.000    18.156    u_DDC/u_LPF/Sum8_add_temp_carry__0_n_0
    SLICE_X97Y13         CARRY4 (Prop_carry4_CI_O[0])
                                                      0.222    18.378 r  u_DDC/u_LPF/Sum8_add_temp_carry__1/O[0]
                         net (fo=1, routed)           0.588    18.966    u_DDC/u_LPF/Sum8_add_temp[8]
    SLICE_X99Y16         LUT2 (Prop_lut2_I1_O)        0.299    19.265 r  u_DDC/u_LPF/Sum11_add_temp_carry__0_i_1/O
                         net (fo=1, routed)           0.000    19.265    u_DDC/u_LPF/Sum11_add_temp_carry__0_i_1_n_0
    SLICE_X99Y16         CARRY4 (Prop_carry4_S[3]_CO[3])
                                                      0.401    19.666 r  u_DDC/u_LPF/Sum11_add_temp_carry__0/CO[3]
                         net (fo=1, routed)           0.000    19.666    u_DDC/u_LPF/Sum11_add_temp_carry__0_n_0
    SLICE_X99Y17         CARRY4 (Prop_carry4_CI_O[1])
                                                      0.334    20.000 r  u_DDC/u_LPF/Sum11_add_temp_carry__1/O[1]
                         net (fo=4, routed)           0.632    20.632    u_DDC/u_LPF/Sum11_add_temp[11]
    SLICE_X98Y17         LUT2 (Prop_lut2_I0_O)        0.303    20.935 r  u_DDC/u_LPF/Sum10_add_temp_carry__1_i_4/O
                         net (fo=1, routed)           0.000    20.935    u_DDC/u_LPF/Sum10_add_temp_carry__1_i_4_n_0
    SLICE_X98Y17         CARRY4 (Prop_carry4_S[1]_O[2])
                                                      0.578    21.513 f  u_DDC/u_LPF/Sum10_add_temp_carry__1/O[2]
                         net (fo=4, routed)           0.628    22.142    u_DDC/u_LPF/Sum10_add_temp[16]
    SLICE_X95Y17         LUT1 (Prop_lut1_I0_O)        0.297    22.439 r  u_DDC/u_LPF/Sum13_add_temp_carry__1_i_1/O
                         net (fo=1, routed)           0.000    22.439    u_DDC/u_LPF/Sum13_add_temp_carry__1_i_1_n_0
    SLICE_X95Y17         CARRY4 (Prop_carry4_DI[2]_O[3])
                                                      0.401    22.840 r  u_DDC/u_LPF/Sum13_add_temp_carry__1/O[3]
                         net (fo=3, routed)           0.581    23.421    u_DDC/u_LPF/Sum13_add_temp[16]
    SLICE_X96Y18         LUT2 (Prop_lut2_I1_O)        0.306    23.727 r  u_DDC/u_LPF/Sum12_add_temp_carry__1_i_2/O
                         net (fo=1, routed)           0.000    23.727    u_DDC/u_LPF/Sum12_add_temp_carry__1_i_2_n_0
    SLICE_X96Y18         CARRY4 (Prop_carry4_S[3]_O[3])
                                                      0.255    23.982 r  u_DDC/u_LPF/Sum12_add_temp_carry__1/O[3]
                         net (fo=3, routed)           0.599    24.581    u_DDC/u_LPF/Sum12_add_temp[17]
    SLICE_X97Y18         LUT2 (Prop_lut2_I1_O)        0.307    24.888 r  u_DDC/u_LPF/Sum15_add_temp_carry__1_i_1/O
                         net (fo=1, routed)           0.000    24.888    u_DDC/u_LPF/Sum15_add_temp_carry__1_i_1_n_0
    SLICE_X97Y18         CARRY4 (Prop_carry4_S[3]_CO[3])
                                                      0.401    25.289 r  u_DDC/u_LPF/Sum15_add_temp_carry__1/CO[3]
                         net (fo=1, routed)           0.000    25.289    u_DDC/u_LPF/Sum15_add_temp_carry__1_n_0
    SLICE_X97Y19         CARRY4 (Prop_carry4_CI_O[1])
                                                      0.334    25.623 r  u_DDC/u_LPF/Sum15_add_temp_carry__2/O[1]
                         net (fo=1, routed)           0.000    25.623    u_DDC/Xfilter_signed[12]
    SLICE_X97Y19         FDCE                                         r  u_DDC/Xfilter_1_reg[12]/D
  -------------------------------------------------------------------    -------------------

                         (clock MWCLK rise edge)     16.667    16.667 r  
                                                      0.000    16.667 r  clk (IN)
                         net (fo=29022, unset)        0.924    17.591    u_DDC/clk
    SLICE_X97Y19         FDCE                                         r  u_DDC/Xfilter_1_reg[12]/C
                         clock pessimism              0.000    17.591    
                         clock uncertainty           -0.035    17.556    
    SLICE_X97Y19         FDCE (Setup_fdce_C_D)        0.062    17.618    u_DDC/Xfilter_1_reg[12]
  -------------------------------------------------------------------
                         required time                         17.618    
                         arrival time                         -25.623    
  -------------------------------------------------------------------
                         slack                                 -8.005    

Slack (VIOLATED) :        -7.894ns  (required time - arrival time)
  Source:                 u_DDC/u_LPF/Product1_mul_temp_i_1_psdsp/C
                            (rising edge-triggered cell FDRE clocked by MWCLK  {rise@0.000ns fall@8.333ns period=16.667ns})
  Destination:            u_DDC/Xfilter_1_reg[11]/D
                            (rising edge-triggered cell FDCE clocked by MWCLK  {rise@0.000ns fall@8.333ns period=16.667ns})
  Path Group:             MWCLK
  Path Type:              Setup (Max at Slow Process Corner)
  Requirement:            16.667ns  (MWCLK rise@16.667ns - MWCLK rise@0.000ns)
  Data Path Delay:        24.539ns  (logic 15.816ns (64.453%)  route 8.723ns (35.547%))
  Logic Levels:           33  (CARRY4=18 DSP48E1=1 LUT1=1 LUT2=13)
  Clock Path Skew:        -0.049ns (DCD - SCD + CPR)
    Destination Clock Delay (DCD):    0.924ns = ( 17.591 - 16.667 ) 
    Source Clock Delay      (SCD):    0.973ns
    Clock Pessimism Removal (CPR):    0.000ns
  Clock Uncertainty:      0.035ns  ((TSJ^2 + TIJ^2)^1/2 + DJ) / 2 + PE
    Total System Jitter     (TSJ):    0.071ns
    Total Input Jitter      (TIJ):    0.000ns
    Discrete Jitter          (DJ):    0.000ns
    Phase Error              (PE):    0.000ns

    Location             Delay type                Incr(ns)  Path(ns)    Netlist Resource(s)
  -------------------------------------------------------------------    -------------------
                         (clock MWCLK rise edge)      0.000     0.000 r  
                                                      0.000     0.000 r  clk (IN)
                         net (fo=29022, unset)        0.973     0.973    u_DDC/u_LPF/clk
    SLICE_X95Y1          FDRE                                         r  u_DDC/u_LPF/Product1_mul_temp_i_1_psdsp/C
  -------------------------------------------------------------------    -------------------
    SLICE_X95Y1          FDRE (Prop_fdre_C_Q)         0.456     1.429 r  u_DDC/u_LPF/Product1_mul_temp_i_1_psdsp/Q
                         net (fo=1, routed)           0.401     1.830    u_DDC/u_LPF/P[15]
    SLICE_X95Y2          LUT2 (Prop_lut2_I0_O)        0.124     1.954 r  u_DDC/u_LPF/Product1_mul_temp_i_1/O
                         net (fo=16, routed)          0.785     2.739    u_DDC/u_LPF/Delay_out1[15]
    DSP48_X3Y1           DSP48E1 (Prop_dsp48e1_A[19]_P[17])
                                                      3.841     6.580 r  u_DDC/u_LPF/Product1_mul_temp/P[17]
                         net (fo=1, routed)           0.592     7.172    u_DDC/u_LPF/RESIZE[3]
    SLICE_X93Y4          LUT2 (Prop_lut2_I1_O)        0.124     7.296 r  u_DDC/u_LPF/Sum3_add_temp_carry_i_3/O
                         net (fo=1, routed)           0.000     7.296    u_DDC/u_LPF/Sum3_add_temp_carry_i_3_n_0
    SLICE_X93Y4          CARRY4 (Prop_carry4_S[1]_O[2])
                                                      0.580     7.876 r  u_DDC/u_LPF/Sum3_add_temp_carry/O[2]
                         net (fo=1, routed)           0.570     8.447    u_DDC/u_LPF/Sum3_add_temp[4]
    SLICE_X95Y5          LUT2 (Prop_lut2_I1_O)        0.302     8.749 r  u_DDC/u_LPF/Sum2_add_temp_carry_i_3/O
                         net (fo=1, routed)           0.000     8.749    u_DDC/u_LPF/Sum2_add_temp_carry_i_3_n_0
    SLICE_X95Y5          CARRY4 (Prop_carry4_S[1]_O[2])
                                                      0.580     9.329 r  u_DDC/u_LPF/Sum2_add_temp_carry/O[2]
                         net (fo=1, routed)           0.686    10.014    u_DDC/u_LPF/Sum2_add_temp[2]
    SLICE_X101Y6         LUT2 (Prop_lut2_I1_O)        0.302    10.316 r  u_DDC/u_LPF/Sum5_add_temp_carry_i_2/O
                         net (fo=1, routed)           0.000    10.316    u_DDC/u_LPF/Sum5_add_temp_carry_i_2_n_0
    SLICE_X101Y6         CARRY4 (Prop_carry4_S[2]_CO[3])
                                                      0.398    10.714 r  u_DDC/u_LPF/Sum5_add_temp_carry/CO[3]
                         net (fo=1, routed)           0.000    10.714    u_DDC/u_LPF/Sum5_add_temp_carry_n_0
    SLICE_X101Y7         CARRY4 (Prop_carry4_CI_O[0])
                                                      0.222    10.936 r  u_DDC/u_LPF/Sum5_add_temp_carry__0/O[0]
                         net (fo=1, routed)           0.618    11.554    u_DDC/u_LPF/Sum5_add_temp[4]
    SLICE_X103Y7         LUT2 (Prop_lut2_I1_O)        0.299    11.853 r  u_DDC/u_LPF/Sum4_add_temp_carry_i_3/O
                         net (fo=1, routed)           0.000    11.853    u_DDC/u_LPF/Sum4_add_temp_carry_i_3_n_0
    SLICE_X103Y7         CARRY4 (Prop_carry4_S[1]_O[2])
                                                      0.580    12.433 r  u_DDC/u_LPF/Sum4_add_temp_carry/O[2]
                         net (fo=1, routed)           0.432    12.865    u_DDC/u_LPF/Sum4_add_temp[4]
    SLICE_X102Y9         LUT2 (Prop_lut2_I1_O)        0.302    13.167 r  u_DDC/u_LPF/Sum7_add_temp_carry_i_3/O
                         net (fo=1, routed)           0.000    13.167    u_DDC/u_LPF/Sum7_add_temp_carry_i_3_n_0
    SLICE_X102Y9         CARRY4 (Prop_carry4_S[1]_O[2])
                                                      0.578    13.745 r  u_DDC/u_LPF/Sum7_add_temp_carry/O[2]
                         net (fo=1, routed)           0.595    14.340    u_DDC/u_LPF/Sum7_add_temp[2]
    SLICE_X100Y10        LUT2 (Prop_lut2_I1_O)        0.301    14.641 r  u_DDC/u_LPF/Sum6_add_temp_carry_i_3/O
                         net (fo=1, routed)           0.000    14.641    u_DDC/u_LPF/Sum6_add_temp_carry_i_3_n_0
    SLICE_X100Y10        CARRY4 (Prop_carry4_S[1]_O[2])
                                                      0.578    15.219 r  u_DDC/u_LPF/Sum6_add_temp_carry/O[2]
                         net (fo=1, routed)           0.544    15.763    u_DDC/u_LPF/Sum6_out1[1]
    SLICE_X99Y11         LUT2 (Prop_lut2_I1_O)        0.301    16.064 r  u_DDC/u_LPF/Sum9_out1_carry_i_3/O
                         net (fo=1, routed)           0.000    16.064    u_DDC/u_LPF/Sum9_out1_carry_i_3_n_0
    SLICE_X99Y11         CARRY4 (Prop_carry4_S[1]_CO[3])
                                                      0.550    16.614 r  u_DDC/u_LPF/Sum9_out1_carry/CO[3]
                         net (fo=1, routed)           0.000    16.614    u_DDC/u_LPF/Sum9_out1_carry_n_0
    SLICE_X99Y12         CARRY4 (Prop_carry4_CI_O[0])
                                                      0.222    16.836 r  u_DDC/u_LPF/Sum9_out1_carry__0/O[0]
                         net (fo=1, routed)           0.471    17.307    u_DDC/u_LPF/Sum9_out1[4]
    SLICE_X97Y12         LUT2 (Prop_lut2_I1_O)        0.299    17.606 r  u_DDC/u_LPF/Sum8_add_temp_carry__0_i_3/O
                         net (fo=1, routed)           0.000    17.606    u_DDC/u_LPF/Sum8_add_temp_carry__0_i_3_n_0
    SLICE_X97Y12         CARRY4 (Prop_carry4_S[1]_CO[3])
                                                      0.550    18.156 r  u_DDC/u_LPF/Sum8_add_temp_carry__0/CO[3]
                         net (fo=1, routed)           0.000    18.156    u_DDC/u_LPF/Sum8_add_temp_carry__0_n_0
    SLICE_X97Y13         CARRY4 (Prop_carry4_CI_O[0])
                                                      0.222    18.378 r  u_DDC/u_LPF/Sum8_add_temp_carry__1/O[0]
                         net (fo=1, routed)           0.588    18.966    u_DDC/u_LPF/Sum8_add_temp[8]
    SLICE_X99Y16         LUT2 (Prop_lut2_I1_O)        0.299    19.265 r  u_DDC/u_LPF/Sum11_add_temp_carry__0_i_1/O
                         net (fo=1, routed)           0.000    19.265    u_DDC/u_LPF/Sum11_add_temp_carry__0_i_1_n_0
    SLICE_X99Y16         CARRY4 (Prop_carry4_S[3]_CO[3])
                                                      0.401    19.666 r  u_DDC/u_LPF/Sum11_add_temp_carry__0/CO[3]
                         net (fo=1, routed)           0.000    19.666    u_DDC/u_LPF/Sum11_add_temp_carry__0_n_0
    SLICE_X99Y17         CARRY4 (Prop_carry4_CI_O[1])
                                                      0.334    20.000 r  u_DDC/u_LPF/Sum11_add_temp_carry__1/O[1]
                         net (fo=4, routed)           0.632    20.632    u_DDC/u_LPF/Sum11_add_temp[11]
    SLICE_X98Y17         LUT2 (Prop_lut2_I0_O)        0.303    20.935 r  u_DDC/u_LPF/Sum10_add_temp_carry__1_i_4/O
                         net (fo=1, routed)           0.000    20.935    u_DDC/u_LPF/Sum10_add_temp_carry__1_i_4_n_0
    SLICE_X98Y17         CARRY4 (Prop_carry4_S[1]_O[2])
                                                      0.578    21.513 f  u_DDC/u_LPF/Sum10_add_temp_carry__1/O[2]
                         net (fo=4, routed)           0.628    22.142    u_DDC/u_LPF/Sum10_add_temp[16]
    SLICE_X95Y17         LUT1 (Prop_lut1_I0_O)        0.297    22.439 r  u_DDC/u_LPF/Sum13_add_temp_carry__1_i_1/O
                         net (fo=1, routed)           0.000    22.439    u_DDC/u_LPF/Sum13_add_temp_carry__1_i_1_n_0
    SLICE_X95Y17         CARRY4 (Prop_carry4_DI[2]_O[3])
                                                      0.401    22.840 r  u_DDC/u_LPF/Sum13_add_temp_carry__1/O[3]
                         net (fo=3, routed)           0.581    23.421    u_DDC/u_LPF/Sum13_add_temp[16]
    SLICE_X96Y18         LUT2 (Prop_lut2_I1_O)        0.306    23.727 r  u_DDC/u_LPF/Sum12_add_temp_carry__1_i_2/O
                         net (fo=1, routed)           0.000    23.727    u_DDC/u_LPF/Sum12_add_temp_carry__1_i_2_n_0
    SLICE_X96Y18         CARRY4 (Prop_carry4_S[3]_O[3])
                                                      0.255    23.982 r  u_DDC/u_LPF/Sum12_add_temp_carry__1/O[3]
                         net (fo=3, routed)           0.599    24.581    u_DDC/u_LPF/Sum12_add_temp[17]
    SLICE_X97Y18         LUT2 (Prop_lut2_I1_O)        0.307    24.888 r  u_DDC/u_LPF/Sum15_add_temp_carry__1_i_1/O
                         net (fo=1, routed)           0.000    24.888    u_DDC/u_LPF/Sum15_add_temp_carry__1_i_1_n_0
    SLICE_X97Y18         CARRY4 (Prop_carry4_S[3]_CO[3])
                                                      0.401    25.289 r  u_DDC/u_LPF/Sum15_add_temp_carry__1/CO[3]
                         net (fo=1, routed)           0.000    25.289    u_DDC/u_LPF/Sum15_add_temp_carry__1_n_0
    SLICE_X97Y19         CARRY4 (Prop_carry4_CI_O[0])
                                                      0.223    25.512 r  u_DDC/u_LPF/Sum15_add_temp_carry__2/O[0]
                         net (fo=1, routed)           0.000    25.512    u_DDC/Xfilter_signed[11]
    SLICE_X97Y19         FDCE                                         r  u_DDC/Xfilter_1_reg[11]/D
  -------------------------------------------------------------------    -------------------

                         (clock MWCLK rise edge)     16.667    16.667 r  
                                                      0.000    16.667 r  clk (IN)
                         net (fo=29022, unset)        0.924    17.591    u_DDC/clk
    SLICE_X97Y19         FDCE                                         r  u_DDC/Xfilter_1_reg[11]/C
                         clock pessimism              0.000    17.591    
                         clock uncertainty           -0.035    17.556    
    SLICE_X97Y19         FDCE (Setup_fdce_C_D)        0.062    17.618    u_DDC/Xfilter_1_reg[11]
  -------------------------------------------------------------------
                         required time                         17.618    
                         arrival time                         -25.512    
  -------------------------------------------------------------------
                         slack                                 -7.894    

Slack (VIOLATED) :        -7.518ns  (required time - arrival time)
  Source:                 u_DDC/u_LPF/Product1_mul_temp_i_1_psdsp/C
                            (rising edge-triggered cell FDRE clocked by MWCLK  {rise@0.000ns fall@8.333ns period=16.667ns})
  Destination:            u_DDC/Xfilter_1_reg[10]/D
                            (rising edge-triggered cell FDCE clocked by MWCLK  {rise@0.000ns fall@8.333ns period=16.667ns})
  Path Group:             MWCLK
  Path Type:              Setup (Max at Slow Process Corner)
  Requirement:            16.667ns  (MWCLK rise@16.667ns - MWCLK rise@0.000ns)
  Data Path Delay:        24.163ns  (logic 15.440ns (63.900%)  route 8.723ns (36.100%))
  Logic Levels:           32  (CARRY4=17 DSP48E1=1 LUT1=1 LUT2=13)
  Clock Path Skew:        -0.049ns (DCD - SCD + CPR)
    Destination Clock Delay (DCD):    0.924ns = ( 17.591 - 16.667 ) 
    Source Clock Delay      (SCD):    0.973ns
    Clock Pessimism Removal (CPR):    0.000ns
  Clock Uncertainty:      0.035ns  ((TSJ^2 + TIJ^2)^1/2 + DJ) / 2 + PE
    Total System Jitter     (TSJ):    0.071ns
    Total Input Jitter      (TIJ):    0.000ns
    Discrete Jitter          (DJ):    0.000ns
    Phase Error              (PE):    0.000ns

    Location             Delay type                Incr(ns)  Path(ns)    Netlist Resource(s)
  -------------------------------------------------------------------    -------------------
                         (clock MWCLK rise edge)      0.000     0.000 r  
                                                      0.000     0.000 r  clk (IN)
                         net (fo=29022, unset)        0.973     0.973    u_DDC/u_LPF/clk
    SLICE_X95Y1          FDRE                                         r  u_DDC/u_LPF/Product1_mul_temp_i_1_psdsp/C
  -------------------------------------------------------------------    -------------------
    SLICE_X95Y1          FDRE (Prop_fdre_C_Q)         0.456     1.429 r  u_DDC/u_LPF/Product1_mul_temp_i_1_psdsp/Q
                         net (fo=1, routed)           0.401     1.830    u_DDC/u_LPF/P[15]
    SLICE_X95Y2          LUT2 (Prop_lut2_I0_O)        0.124     1.954 r  u_DDC/u_LPF/Product1_mul_temp_i_1/O
                         net (fo=16, routed)          0.785     2.739    u_DDC/u_LPF/Delay_out1[15]
    DSP48_X3Y1           DSP48E1 (Prop_dsp48e1_A[19]_P[17])
                                                      3.841     6.580 r  u_DDC/u_LPF/Product1_mul_temp/P[17]
                         net (fo=1, routed)           0.592     7.172    u_DDC/u_LPF/RESIZE[3]
    SLICE_X93Y4          LUT2 (Prop_lut2_I1_O)        0.124     7.296 r  u_DDC/u_LPF/Sum3_add_temp_carry_i_3/O
                         net (fo=1, routed)           0.000     7.296    u_DDC/u_LPF/Sum3_add_temp_carry_i_3_n_0
    SLICE_X93Y4          CARRY4 (Prop_carry4_S[1]_O[2])
                                                      0.580     7.876 r  u_DDC/u_LPF/Sum3_add_temp_carry/O[2]
                         net (fo=1, routed)           0.570     8.447    u_DDC/u_LPF/Sum3_add_temp[4]
    SLICE_X95Y5          LUT2 (Prop_lut2_I1_O)        0.302     8.749 r  u_DDC/u_LPF/Sum2_add_temp_carry_i_3/O
                         net (fo=1, routed)           0.000     8.749    u_DDC/u_LPF/Sum2_add_temp_carry_i_3_n_0
    SLICE_X95Y5          CARRY4 (Prop_carry4_S[1]_O[2])
                                                      0.580     9.329 r  u_DDC/u_LPF/Sum2_add_temp_carry/O[2]
                         net (fo=1, routed)           0.686    10.014    u_DDC/u_LPF/Sum2_add_temp[2]
    SLICE_X101Y6         LUT2 (Prop_lut2_I1_O)        0.302    10.316 r  u_DDC/u_LPF/Sum5_add_temp_carry_i_2/O
                         net (fo=1, routed)           0.000    10.316    u_DDC/u_LPF/Sum5_add_temp_carry_i_2_n_0
    SLICE_X101Y6         CARRY4 (Prop_carry4_S[2]_CO[3])
                                                      0.398    10.714 r  u_DDC/u_LPF/Sum5_add_temp_carry/CO[3]
                         net (fo=1, routed)           0.000    10.714    u_DDC/u_LPF/Sum5_add_temp_carry_n_0
    SLICE_X101Y7         CARRY4 (Prop_carry4_CI_O[0])
                                                      0.222    10.936 r  u_DDC/u_LPF/Sum5_add_temp_carry__0/O[0]
                         net (fo=1, routed)           0.618    11.554    u_DDC/u_LPF/Sum5_add_temp[4]
    SLICE_X103Y7         LUT2 (Prop_lut2_I1_O)        0.299    11.853 r  u_DDC/u_LPF/Sum4_add_temp_carry_i_3/O
                         net (fo=1, routed)           0.000    11.853    u_DDC/u_LPF/Sum4_add_temp_carry_i_3_n_0
    SLICE_X103Y7         CARRY4 (Prop_carry4_S[1]_O[2])
                                                      0.580    12.433 r  u_DDC/u_LPF/Sum4_add_temp_carry/O[2]
                         net (fo=1, routed)           0.432    12.865    u_DDC/u_LPF/Sum4_add_temp[4]
    SLICE_X102Y9         LUT2 (Prop_lut2_I1_O)        0.302    13.167 r  u_DDC/u_LPF/Sum7_add_temp_carry_i_3/O
                         net (fo=1, routed)           0.000    13.167    u_DDC/u_LPF/Sum7_add_temp_carry_i_3_n_0
    SLICE_X102Y9         CARRY4 (Prop_carry4_S[1]_O[2])
                                                      0.578    13.745 r  u_DDC/u_LPF/Sum7_add_temp_carry/O[2]
                         net (fo=1, routed)           0.595    14.340    u_DDC/u_LPF/Sum7_add_temp[2]
    SLICE_X100Y10        LUT2 (Prop_lut2_I1_O)        0.301    14.641 r  u_DDC/u_LPF/Sum6_add_temp_carry_i_3/O
                         net (fo=1, routed)           0.000    14.641    u_DDC/u_LPF/Sum6_add_temp_carry_i_3_n_0
    SLICE_X100Y10        CARRY4 (Prop_carry4_S[1]_O[2])
                                                      0.578    15.219 r  u_DDC/u_LPF/Sum6_add_temp_carry/O[2]
                         net (fo=1, routed)           0.544    15.763    u_DDC/u_LPF/Sum6_out1[1]
    SLICE_X99Y11         LUT2 (Prop_lut2_I1_O)        0.301    16.064 r  u_DDC/u_LPF/Sum9_out1_carry_i_3/O
                         net (fo=1, routed)           0.000    16.064    u_DDC/u_LPF/Sum9_out1_carry_i_3_n_0
    SLICE_X99Y11         CARRY4 (Prop_carry4_S[1]_CO[3])
                                                      0.550    16.614 r  u_DDC/u_LPF/Sum9_out1_carry/CO[3]
                         net (fo=1, routed)           0.000    16.614    u_DDC/u_LPF/Sum9_out1_carry_n_0
    SLICE_X99Y12         CARRY4 (Prop_carry4_CI_O[0])
                                                      0.222    16.836 r  u_DDC/u_LPF/Sum9_out1_carry__0/O[0]
                         net (fo=1, routed)           0.471    17.307    u_DDC/u_LPF/Sum9_out1[4]
    SLICE_X97Y12         LUT2 (Prop_lut2_I1_O)        0.299    17.606 r  u_DDC/u_LPF/Sum8_add_temp_carry__0_i_3/O
                         net (fo=1, routed)           0.000    17.606    u_DDC/u_LPF/Sum8_add_temp_carry__0_i_3_n_0
    SLICE_X97Y12         CARRY4 (Prop_carry4_S[1]_CO[3])
                                                      0.550    18.156 r  u_DDC/u_LPF/Sum8_add_temp_carry__0/CO[3]
                         net (fo=1, routed)           0.000    18.156    u_DDC/u_LPF/Sum8_add_temp_carry__0_n_0
    SLICE_X97Y13         CARRY4 (Prop_carry4_CI_O[0])
                                                      0.222    18.378 r  u_DDC/u_LPF/Sum8_add_temp_carry__1/O[0]
                         net (fo=1, routed)           0.588    18.966    u_DDC/u_LPF/Sum8_add_temp[8]
    SLICE_X99Y16         LUT2 (Prop_lut2_I1_O)        0.299    19.265 r  u_DDC/u_LPF/Sum11_add_temp_carry__0_i_1/O
                         net (fo=1, routed)           0.000    19.265    u_DDC/u_LPF/Sum11_add_temp_carry__0_i_1_n_0
    SLICE_X99Y16         CARRY4 (Prop_carry4_S[3]_CO[3])
                                                      0.401    19.666 r  u_DDC/u_LPF/Sum11_add_temp_carry__0/CO[3]
                         net (fo=1, routed)           0.000    19.666    u_DDC/u_LPF/Sum11_add_temp_carry__0_n_0
    SLICE_X99Y17         CARRY4 (Prop_carry4_CI_O[1])
                                                      0.334    20.000 r  u_DDC/u_LPF/Sum11_add_temp_carry__1/O[1]
                         net (fo=4, routed)           0.632    20.632    u_DDC/u_LPF/Sum11_add_temp[11]
    SLICE_X98Y17         LUT2 (Prop_lut2_I0_O)        0.303    20.935 r  u_DDC/u_LPF/Sum10_add_temp_carry__1_i_4/O
                         net (fo=1, routed)           0.000    20.935    u_DDC/u_LPF/Sum10_add_temp_carry__1_i_4_n_0
    SLICE_X98Y17         CARRY4 (Prop_carry4_S[1]_O[2])
                                                      0.578    21.513 f  u_DDC/u_LPF/Sum10_add_temp_carry__1/O[2]
                         net (fo=4, routed)           0.628    22.142    u_DDC/u_LPF/Sum10_add_temp[16]
    SLICE_X95Y17         LUT1 (Prop_lut1_I0_O)        0.297    22.439 r  u_DDC/u_LPF/Sum13_add_temp_carry__1_i_1/O
                         net (fo=1, routed)           0.000    22.439    u_DDC/u_LPF/Sum13_add_temp_carry__1_i_1_n_0
    SLICE_X95Y17         CARRY4 (Prop_carry4_DI[2]_O[3])
                                                      0.401    22.840 r  u_DDC/u_LPF/Sum13_add_temp_carry__1/O[3]
                         net (fo=3, routed)           0.581    23.421    u_DDC/u_LPF/Sum13_add_temp[16]
    SLICE_X96Y18         LUT2 (Prop_lut2_I1_O)        0.306    23.727 r  u_DDC/u_LPF/Sum12_add_temp_carry__1_i_2/O
                         net (fo=1, routed)           0.000    23.727    u_DDC/u_LPF/Sum12_add_temp_carry__1_i_2_n_0
    SLICE_X96Y18         CARRY4 (Prop_carry4_S[3]_O[3])
                                                      0.255    23.982 r  u_DDC/u_LPF/Sum12_add_temp_carry__1/O[3]
                         net (fo=3, routed)           0.599    24.581    u_DDC/u_LPF/Sum12_add_temp[17]
    SLICE_X97Y18         LUT2 (Prop_lut2_I1_O)        0.307    24.888 r  u_DDC/u_LPF/Sum15_add_temp_carry__1_i_1/O
                         net (fo=1, routed)           0.000    24.888    u_DDC/u_LPF/Sum15_add_temp_carry__1_i_1_n_0
    SLICE_X97Y18         CARRY4 (Prop_carry4_S[3]_O[3])
                                                      0.248    25.136 r  u_DDC/u_LPF/Sum15_add_temp_carry__1/O[3]
                         net (fo=1, routed)           0.000    25.136    u_DDC/Xfilter_signed[10]
    SLICE_X97Y18         FDCE                                         r  u_DDC/Xfilter_1_reg[10]/D
  -------------------------------------------------------------------    -------------------

                         (clock MWCLK rise edge)     16.667    16.667 r  
                                                      0.000    16.667 r  clk (IN)
                         net (fo=29022, unset)        0.924    17.591    u_DDC/clk
    SLICE_X97Y18         FDCE                                         r  u_DDC/Xfilter_1_reg[10]/C
                         clock pessimism              0.000    17.591    
                         clock uncertainty           -0.035    17.556    
    SLICE_X97Y18         FDCE (Setup_fdce_C_D)        0.062    17.618    u_DDC/Xfilter_1_reg[10]
  -------------------------------------------------------------------
                         required time                         17.618    
                         arrival time                         -25.136    
  -------------------------------------------------------------------
                         slack                                 -7.518    

Slack (VIOLATED) :        -7.420ns  (required time - arrival time)
  Source:                 u_DDC/u_LPF/Product1_mul_temp_i_1_psdsp/C
                            (rising edge-triggered cell FDRE clocked by MWCLK  {rise@0.000ns fall@8.333ns period=16.667ns})
  Destination:            u_DDC/Xfilter_1_reg[9]/D
                            (rising edge-triggered cell FDCE clocked by MWCLK  {rise@0.000ns fall@8.333ns period=16.667ns})
  Path Group:             MWCLK
  Path Type:              Setup (Max at Slow Process Corner)
  Requirement:            16.667ns  (MWCLK rise@16.667ns - MWCLK rise@0.000ns)
  Data Path Delay:        24.065ns  (logic 15.743ns (65.418%)  route 8.322ns (34.582%))
  Logic Levels:           32  (CARRY4=17 DSP48E1=1 LUT2=14)
  Clock Path Skew:        -0.049ns (DCD - SCD + CPR)
    Destination Clock Delay (DCD):    0.924ns = ( 17.591 - 16.667 ) 
    Source Clock Delay      (SCD):    0.973ns
    Clock Pessimism Removal (CPR):    0.000ns
  Clock Uncertainty:      0.035ns  ((TSJ^2 + TIJ^2)^1/2 + DJ) / 2 + PE
    Total System Jitter     (TSJ):    0.071ns
    Total Input Jitter      (TIJ):    0.000ns
    Discrete Jitter          (DJ):    0.000ns
    Phase Error              (PE):    0.000ns

    Location             Delay type                Incr(ns)  Path(ns)    Netlist Resource(s)
  -------------------------------------------------------------------    -------------------
                         (clock MWCLK rise edge)      0.000     0.000 r  
                                                      0.000     0.000 r  clk (IN)
                         net (fo=29022, unset)        0.973     0.973    u_DDC/u_LPF/clk
    SLICE_X95Y1          FDRE                                         r  u_DDC/u_LPF/Product1_mul_temp_i_1_psdsp/C
  -------------------------------------------------------------------    -------------------
    SLICE_X95Y1          FDRE (Prop_fdre_C_Q)         0.456     1.429 r  u_DDC/u_LPF/Product1_mul_temp_i_1_psdsp/Q
                         net (fo=1, routed)           0.401     1.830    u_DDC/u_LPF/P[15]
    SLICE_X95Y2          LUT2 (Prop_lut2_I0_O)        0.124     1.954 r  u_DDC/u_LPF/Product1_mul_temp_i_1/O
                         net (fo=16, routed)          0.785     2.739    u_DDC/u_LPF/Delay_out1[15]
    DSP48_X3Y1           DSP48E1 (Prop_dsp48e1_A[19]_P[17])
                                                      3.841     6.580 r  u_DDC/u_LPF/Product1_mul_temp/P[17]
                         net (fo=1, routed)           0.592     7.172    u_DDC/u_LPF/RESIZE[3]
    SLICE_X93Y4          LUT2 (Prop_lut2_I1_O)        0.124     7.296 r  u_DDC/u_LPF/Sum3_add_temp_carry_i_3/O
                         net (fo=1, routed)           0.000     7.296    u_DDC/u_LPF/Sum3_add_temp_carry_i_3_n_0
    SLICE_X93Y4          CARRY4 (Prop_carry4_S[1]_O[2])
                                                      0.580     7.876 r  u_DDC/u_LPF/Sum3_add_temp_carry/O[2]
                         net (fo=1, routed)           0.570     8.447    u_DDC/u_LPF/Sum3_add_temp[4]
    SLICE_X95Y5          LUT2 (Prop_lut2_I1_O)        0.302     8.749 r  u_DDC/u_LPF/Sum2_add_temp_carry_i_3/O
                         net (fo=1, routed)           0.000     8.749    u_DDC/u_LPF/Sum2_add_temp_carry_i_3_n_0
    SLICE_X95Y5          CARRY4 (Prop_carry4_S[1]_O[2])
                                                      0.580     9.329 r  u_DDC/u_LPF/Sum2_add_temp_carry/O[2]
                         net (fo=1, routed)           0.686    10.014    u_DDC/u_LPF/Sum2_add_temp[2]
    SLICE_X101Y6         LUT2 (Prop_lut2_I1_O)        0.302    10.316 r  u_DDC/u_LPF/Sum5_add_temp_carry_i_2/O
                         net (fo=1, routed)           0.000    10.316    u_DDC/u_LPF/Sum5_add_temp_carry_i_2_n_0
    SLICE_X101Y6         CARRY4 (Prop_carry4_S[2]_CO[3])
                                                      0.398    10.714 r  u_DDC/u_LPF/Sum5_add_temp_carry/CO[3]
                         net (fo=1, routed)           0.000    10.714    u_DDC/u_LPF/Sum5_add_temp_carry_n_0
    SLICE_X101Y7         CARRY4 (Prop_carry4_CI_O[0])
                                                      0.222    10.936 r  u_DDC/u_LPF/Sum5_add_temp_carry__0/O[0]
                         net (fo=1, routed)           0.618    11.554    u_DDC/u_LPF/Sum5_add_temp[4]
    SLICE_X103Y7         LUT2 (Prop_lut2_I1_O)        0.299    11.853 r  u_DDC/u_LPF/Sum4_add_temp_carry_i_3/O
                         net (fo=1, routed)           0.000    11.853    u_DDC/u_LPF/Sum4_add_temp_carry_i_3_n_0
    SLICE_X103Y7         CARRY4 (Prop_carry4_S[1]_O[2])
                                                      0.580    12.433 r  u_DDC/u_LPF/Sum4_add_temp_carry/O[2]
                         net (fo=1, routed)           0.432    12.865    u_DDC/u_LPF/Sum4_add_temp[4]
    SLICE_X102Y9         LUT2 (Prop_lut2_I1_O)        0.302    13.167 r  u_DDC/u_LPF/Sum7_add_temp_carry_i_3/O
                         net (fo=1, routed)           0.000    13.167    u_DDC/u_LPF/Sum7_add_temp_carry_i_3_n_0
    SLICE_X102Y9         CARRY4 (Prop_carry4_S[1]_O[2])
                                                      0.578    13.745 r  u_DDC/u_LPF/Sum7_add_temp_carry/O[2]
                         net (fo=1, routed)           0.595    14.340    u_DDC/u_LPF/Sum7_add_temp[2]
    SLICE_X100Y10        LUT2 (Prop_lut2_I1_O)        0.301    14.641 r  u_DDC/u_LPF/Sum6_add_temp_carry_i_3/O
                         net (fo=1, routed)           0.000    14.641    u_DDC/u_LPF/Sum6_add_temp_carry_i_3_n_0
    SLICE_X100Y10        CARRY4 (Prop_carry4_S[1]_O[2])
                                                      0.578    15.219 r  u_DDC/u_LPF/Sum6_add_temp_carry/O[2]
                         net (fo=1, routed)           0.544    15.763    u_DDC/u_LPF/Sum6_out1[1]
    SLICE_X99Y11         LUT2 (Prop_lut2_I1_O)        0.301    16.064 r  u_DDC/u_LPF/Sum9_out1_carry_i_3/O
                         net (fo=1, routed)           0.000    16.064    u_DDC/u_LPF/Sum9_out1_carry_i_3_n_0
    SLICE_X99Y11         CARRY4 (Prop_carry4_S[1]_O[2])
                                                      0.580    16.644 r  u_DDC/u_LPF/Sum9_out1_carry/O[2]
                         net (fo=1, routed)           0.307    16.951    u_DDC/u_LPF/Sum9_out1[2]
    SLICE_X97Y11         LUT2 (Prop_lut2_I1_O)        0.302    17.253 r  u_DDC/u_LPF/Sum8_add_temp_carry_i_1/O
                         net (fo=1, routed)           0.000    17.253    u_DDC/u_LPF/Sum8_add_temp_carry_i_1_n_0
    SLICE_X97Y11         CARRY4 (Prop_carry4_S[3]_CO[3])
                                                      0.401    17.654 r  u_DDC/u_LPF/Sum8_add_temp_carry/CO[3]
                         net (fo=1, routed)           0.000    17.654    u_DDC/u_LPF/Sum8_add_temp_carry_n_0
    SLICE_X97Y12         CARRY4 (Prop_carry4_CI_O[0])
                                                      0.222    17.876 r  u_DDC/u_LPF/Sum8_add_temp_carry__0/O[0]
                         net (fo=1, routed)           0.588    18.464    u_DDC/u_LPF/Sum8_add_temp[4]
    SLICE_X99Y15         LUT2 (Prop_lut2_I1_O)        0.299    18.763 r  u_DDC/u_LPF/Sum11_add_temp_carry_i_1/O
                         net (fo=1, routed)           0.000    18.763    u_DDC/u_LPF/Sum11_add_temp_carry_i_1_n_0
    SLICE_X99Y15         CARRY4 (Prop_carry4_S[3]_CO[3])
                                                      0.401    19.164 r  u_DDC/u_LPF/Sum11_add_temp_carry/CO[3]
                         net (fo=1, routed)           0.000    19.164    u_DDC/u_LPF/Sum11_add_temp_carry_n_0
    SLICE_X99Y16         CARRY4 (Prop_carry4_CI_O[0])
                                                      0.222    19.386 r  u_DDC/u_LPF/Sum11_add_temp_carry__0/O[0]
                         net (fo=1, routed)           0.429    19.815    u_DDC/u_LPF/Sum11_add_temp[6]
    SLICE_X98Y16         LUT2 (Prop_lut2_I1_O)        0.299    20.114 r  u_DDC/u_LPF/Sum10_add_temp_carry__0_i_4/O
                         net (fo=1, routed)           0.000    20.114    u_DDC/u_LPF/Sum10_add_temp_carry__0_i_4_n_0
    SLICE_X98Y16         CARRY4 (Prop_carry4_S[0]_O[1])
                                                      0.427    20.541 r  u_DDC/u_LPF/Sum10_add_temp_carry__0/O[1]
                         net (fo=1, routed)           0.563    21.104    u_DDC/u_LPF/Sum10_add_temp[11]
    SLICE_X95Y16         LUT2 (Prop_lut2_I1_O)        0.306    21.410 r  u_DDC/u_LPF/Sum13_add_temp_carry__0_i_3/O
                         net (fo=1, routed)           0.000    21.410    u_DDC/u_LPF/Sum13_add_temp_carry__0_i_3_n_0
    SLICE_X95Y16         CARRY4 (Prop_carry4_S[1]_O[3])
                                                      0.640    22.050 r  u_DDC/u_LPF/Sum13_add_temp_carry__0/O[3]
                         net (fo=1, routed)           0.566    22.616    u_DDC/u_LPF/Sum13_add_temp[12]
    SLICE_X96Y17         LUT2 (Prop_lut2_I1_O)        0.306    22.922 r  u_DDC/u_LPF/Sum12_add_temp_carry__0_i_1/O
                         net (fo=1, routed)           0.000    22.922    u_DDC/u_LPF/Sum12_add_temp_carry__0_i_1_n_0
    SLICE_X96Y17         CARRY4 (Prop_carry4_S[3]_CO[3])
                                                      0.376    23.298 r  u_DDC/u_LPF/Sum12_add_temp_carry__0/CO[3]
                         net (fo=1, routed)           0.000    23.298    u_DDC/u_LPF/Sum12_add_temp_carry__0_n_0
    SLICE_X96Y18         CARRY4 (Prop_carry4_CI_O[0])
                                                      0.219    23.517 r  u_DDC/u_LPF/Sum12_add_temp_carry__1/O[0]
                         net (fo=3, routed)           0.646    24.163    u_DDC/u_LPF/Sum12_add_temp[14]
    SLICE_X97Y18         LUT2 (Prop_lut2_I0_O)        0.295    24.458 r  u_DDC/u_LPF/Sum15_add_temp_carry__1_i_3/O
                         net (fo=1, routed)           0.000    24.458    u_DDC/u_LPF/Sum15_add_temp_carry__1_i_3_n_0
    SLICE_X97Y18         CARRY4 (Prop_carry4_S[1]_O[2])
                                                      0.580    25.038 r  u_DDC/u_LPF/Sum15_add_temp_carry__1/O[2]
                         net (fo=1, routed)           0.000    25.038    u_DDC/Xfilter_signed[9]
    SLICE_X97Y18         FDCE                                         r  u_DDC/Xfilter_1_reg[9]/D
  -------------------------------------------------------------------    -------------------

                         (clock MWCLK rise edge)     16.667    16.667 r  
                                                      0.000    16.667 r  clk (IN)
                         net (fo=29022, unset)        0.924    17.591    u_DDC/clk
    SLICE_X97Y18         FDCE                                         r  u_DDC/Xfilter_1_reg[9]/C
                         clock pessimism              0.000    17.591    
                         clock uncertainty           -0.035    17.556    
    SLICE_X97Y18         FDCE (Setup_fdce_C_D)        0.062    17.618    u_DDC/Xfilter_1_reg[9]
  -------------------------------------------------------------------
                         required time                         17.618    
                         arrival time                         -25.038    
  -------------------------------------------------------------------
                         slack                                 -7.420    

Slack (VIOLATED) :        -7.266ns  (required time - arrival time)
  Source:                 u_DDC/u_LPF/Product1_mul_temp_i_1_psdsp/C
                            (rising edge-triggered cell FDRE clocked by MWCLK  {rise@0.000ns fall@8.333ns period=16.667ns})
  Destination:            u_DDC/Xfilter_1_reg[8]/D
                            (rising edge-triggered cell FDCE clocked by MWCLK  {rise@0.000ns fall@8.333ns period=16.667ns})
  Path Group:             MWCLK
  Path Type:              Setup (Max at Slow Process Corner)
  Requirement:            16.667ns  (MWCLK rise@16.667ns - MWCLK rise@0.000ns)
  Data Path Delay:        23.911ns  (logic 15.587ns (65.187%)  route 8.324ns (34.813%))
  Logic Levels:           32  (CARRY4=17 DSP48E1=1 LUT2=14)
  Clock Path Skew:        -0.049ns (DCD - SCD + CPR)
    Destination Clock Delay (DCD):    0.924ns = ( 17.591 - 16.667 ) 
    Source Clock Delay      (SCD):    0.973ns
    Clock Pessimism Removal (CPR):    0.000ns
  Clock Uncertainty:      0.035ns  ((TSJ^2 + TIJ^2)^1/2 + DJ) / 2 + PE
    Total System Jitter     (TSJ):    0.071ns
    Total Input Jitter      (TIJ):    0.000ns
    Discrete Jitter          (DJ):    0.000ns
    Phase Error              (PE):    0.000ns

    Location             Delay type                Incr(ns)  Path(ns)    Netlist Resource(s)
  -------------------------------------------------------------------    -------------------
                         (clock MWCLK rise edge)      0.000     0.000 r  
                                                      0.000     0.000 r  clk (IN)
                         net (fo=29022, unset)        0.973     0.973    u_DDC/u_LPF/clk
    SLICE_X95Y1          FDRE                                         r  u_DDC/u_LPF/Product1_mul_temp_i_1_psdsp/C
  -------------------------------------------------------------------    -------------------
    SLICE_X95Y1          FDRE (Prop_fdre_C_Q)         0.456     1.429 r  u_DDC/u_LPF/Product1_mul_temp_i_1_psdsp/Q
                         net (fo=1, routed)           0.401     1.830    u_DDC/u_LPF/P[15]
    SLICE_X95Y2          LUT2 (Prop_lut2_I0_O)        0.124     1.954 r  u_DDC/u_LPF/Product1_mul_temp_i_1/O
                         net (fo=16, routed)          0.785     2.739    u_DDC/u_LPF/Delay_out1[15]
    DSP48_X3Y1           DSP48E1 (Prop_dsp48e1_A[19]_P[17])
                                                      3.841     6.580 r  u_DDC/u_LPF/Product1_mul_temp/P[17]
                         net (fo=1, routed)           0.592     7.172    u_DDC/u_LPF/RESIZE[3]
    SLICE_X93Y4          LUT2 (Prop_lut2_I1_O)        0.124     7.296 r  u_DDC/u_LPF/Sum3_add_temp_carry_i_3/O
                         net (fo=1, routed)           0.000     7.296    u_DDC/u_LPF/Sum3_add_temp_carry_i_3_n_0
    SLICE_X93Y4          CARRY4 (Prop_carry4_S[1]_O[2])
                                                      0.580     7.876 r  u_DDC/u_LPF/Sum3_add_temp_carry/O[2]
                         net (fo=1, routed)           0.570     8.447    u_DDC/u_LPF/Sum3_add_temp[4]
    SLICE_X95Y5          LUT2 (Prop_lut2_I1_O)        0.302     8.749 r  u_DDC/u_LPF/Sum2_add_temp_carry_i_3/O
                         net (fo=1, routed)           0.000     8.749    u_DDC/u_LPF/Sum2_add_temp_carry_i_3_n_0
    SLICE_X95Y5          CARRY4 (Prop_carry4_S[1]_O[2])
                                                      0.580     9.329 r  u_DDC/u_LPF/Sum2_add_temp_carry/O[2]
                         net (fo=1, routed)           0.686    10.014    u_DDC/u_LPF/Sum2_add_temp[2]
    SLICE_X101Y6         LUT2 (Prop_lut2_I1_O)        0.302    10.316 r  u_DDC/u_LPF/Sum5_add_temp_carry_i_2/O
                         net (fo=1, routed)           0.000    10.316    u_DDC/u_LPF/Sum5_add_temp_carry_i_2_n_0
    SLICE_X101Y6         CARRY4 (Prop_carry4_S[2]_CO[3])
                                                      0.398    10.714 r  u_DDC/u_LPF/Sum5_add_temp_carry/CO[3]
                         net (fo=1, routed)           0.000    10.714    u_DDC/u_LPF/Sum5_add_temp_carry_n_0
    SLICE_X101Y7         CARRY4 (Prop_carry4_CI_O[0])
                                                      0.222    10.936 r  u_DDC/u_LPF/Sum5_add_temp_carry__0/O[0]
                         net (fo=1, routed)           0.618    11.554    u_DDC/u_LPF/Sum5_add_temp[4]
    SLICE_X103Y7         LUT2 (Prop_lut2_I1_O)        0.299    11.853 r  u_DDC/u_LPF/Sum4_add_temp_carry_i_3/O
                         net (fo=1, routed)           0.000    11.853    u_DDC/u_LPF/Sum4_add_temp_carry_i_3_n_0
    SLICE_X103Y7         CARRY4 (Prop_carry4_S[1]_O[2])
                                                      0.580    12.433 r  u_DDC/u_LPF/Sum4_add_temp_carry/O[2]
                         net (fo=1, routed)           0.432    12.865    u_DDC/u_LPF/Sum4_add_temp[4]
    SLICE_X102Y9         LUT2 (Prop_lut2_I1_O)        0.302    13.167 r  u_DDC/u_LPF/Sum7_add_temp_carry_i_3/O
                         net (fo=1, routed)           0.000    13.167    u_DDC/u_LPF/Sum7_add_temp_carry_i_3_n_0
    SLICE_X102Y9         CARRY4 (Prop_carry4_S[1]_O[2])
                                                      0.578    13.745 r  u_DDC/u_LPF/Sum7_add_temp_carry/O[2]
                         net (fo=1, routed)           0.595    14.340    u_DDC/u_LPF/Sum7_add_temp[2]
    SLICE_X100Y10        LUT2 (Prop_lut2_I1_O)        0.301    14.641 r  u_DDC/u_LPF/Sum6_add_temp_carry_i_3/O
                         net (fo=1, routed)           0.000    14.641    u_DDC/u_LPF/Sum6_add_temp_carry_i_3_n_0
    SLICE_X100Y10        CARRY4 (Prop_carry4_S[1]_O[2])
                                                      0.578    15.219 r  u_DDC/u_LPF/Sum6_add_temp_carry/O[2]
                         net (fo=1, routed)           0.544    15.763    u_DDC/u_LPF/Sum6_out1[1]
    SLICE_X99Y11         LUT2 (Prop_lut2_I1_O)        0.301    16.064 r  u_DDC/u_LPF/Sum9_out1_carry_i_3/O
                         net (fo=1, routed)           0.000    16.064    u_DDC/u_LPF/Sum9_out1_carry_i_3_n_0
    SLICE_X99Y11         CARRY4 (Prop_carry4_S[1]_O[2])
                                                      0.580    16.644 r  u_DDC/u_LPF/Sum9_out1_carry/O[2]
                         net (fo=1, routed)           0.307    16.951    u_DDC/u_LPF/Sum9_out1[2]
    SLICE_X97Y11         LUT2 (Prop_lut2_I1_O)        0.302    17.253 r  u_DDC/u_LPF/Sum8_add_temp_carry_i_1/O
                         net (fo=1, routed)           0.000    17.253    u_DDC/u_LPF/Sum8_add_temp_carry_i_1_n_0
    SLICE_X97Y11         CARRY4 (Prop_carry4_S[3]_CO[3])
                                                      0.401    17.654 r  u_DDC/u_LPF/Sum8_add_temp_carry/CO[3]
                         net (fo=1, routed)           0.000    17.654    u_DDC/u_LPF/Sum8_add_temp_carry_n_0
    SLICE_X97Y12         CARRY4 (Prop_carry4_CI_O[0])
                                                      0.222    17.876 r  u_DDC/u_LPF/Sum8_add_temp_carry__0/O[0]
                         net (fo=1, routed)           0.588    18.464    u_DDC/u_LPF/Sum8_add_temp[4]
    SLICE_X99Y15         LUT2 (Prop_lut2_I1_O)        0.299    18.763 r  u_DDC/u_LPF/Sum11_add_temp_carry_i_1/O
                         net (fo=1, routed)           0.000    18.763    u_DDC/u_LPF/Sum11_add_temp_carry_i_1_n_0
    SLICE_X99Y15         CARRY4 (Prop_carry4_S[3]_CO[3])
                                                      0.401    19.164 r  u_DDC/u_LPF/Sum11_add_temp_carry/CO[3]
                         net (fo=1, routed)           0.000    19.164    u_DDC/u_LPF/Sum11_add_temp_carry_n_0
    SLICE_X99Y16         CARRY4 (Prop_carry4_CI_O[0])
                                                      0.222    19.386 r  u_DDC/u_LPF/Sum11_add_temp_carry__0/O[0]
                         net (fo=1, routed)           0.429    19.815    u_DDC/u_LPF/Sum11_add_temp[6]
    SLICE_X98Y16         LUT2 (Prop_lut2_I1_O)        0.299    20.114 r  u_DDC/u_LPF/Sum10_add_temp_carry__0_i_4/O
                         net (fo=1, routed)           0.000    20.114    u_DDC/u_LPF/Sum10_add_temp_carry__0_i_4_n_0
    SLICE_X98Y16         CARRY4 (Prop_carry4_S[0]_O[1])
                                                      0.427    20.541 r  u_DDC/u_LPF/Sum10_add_temp_carry__0/O[1]
                         net (fo=1, routed)           0.563    21.104    u_DDC/u_LPF/Sum10_add_temp[11]
    SLICE_X95Y16         LUT2 (Prop_lut2_I1_O)        0.306    21.410 r  u_DDC/u_LPF/Sum13_add_temp_carry__0_i_3/O
                         net (fo=1, routed)           0.000    21.410    u_DDC/u_LPF/Sum13_add_temp_carry__0_i_3_n_0
    SLICE_X95Y16         CARRY4 (Prop_carry4_S[1]_O[3])
                                                      0.640    22.050 r  u_DDC/u_LPF/Sum13_add_temp_carry__0/O[3]
                         net (fo=1, routed)           0.566    22.616    u_DDC/u_LPF/Sum13_add_temp[12]
    SLICE_X96Y17         LUT2 (Prop_lut2_I1_O)        0.306    22.922 r  u_DDC/u_LPF/Sum12_add_temp_carry__0_i_1/O
                         net (fo=1, routed)           0.000    22.922    u_DDC/u_LPF/Sum12_add_temp_carry__0_i_1_n_0
    SLICE_X96Y17         CARRY4 (Prop_carry4_S[3]_CO[3])
                                                      0.376    23.298 r  u_DDC/u_LPF/Sum12_add_temp_carry__0/CO[3]
                         net (fo=1, routed)           0.000    23.298    u_DDC/u_LPF/Sum12_add_temp_carry__0_n_0
    SLICE_X96Y18         CARRY4 (Prop_carry4_CI_O[0])
                                                      0.219    23.517 r  u_DDC/u_LPF/Sum12_add_temp_carry__1/O[0]
                         net (fo=3, routed)           0.648    24.165    u_DDC/u_LPF/Sum12_add_temp[14]
    SLICE_X97Y18         LUT2 (Prop_lut2_I1_O)        0.295    24.460 r  u_DDC/u_LPF/Sum15_add_temp_carry__1_i_4/O
                         net (fo=1, routed)           0.000    24.460    u_DDC/u_LPF/Sum15_add_temp_carry__1_i_4_n_0
    SLICE_X97Y18         CARRY4 (Prop_carry4_S[0]_O[1])
                                                      0.424    24.884 r  u_DDC/u_LPF/Sum15_add_temp_carry__1/O[1]
                         net (fo=1, routed)           0.000    24.884    u_DDC/Xfilter_signed[8]
    SLICE_X97Y18         FDCE                                         r  u_DDC/Xfilter_1_reg[8]/D
  -------------------------------------------------------------------    -------------------

                         (clock MWCLK rise edge)     16.667    16.667 r  
                                                      0.000    16.667 r  clk (IN)
                         net (fo=29022, unset)        0.924    17.591    u_DDC/clk
    SLICE_X97Y18         FDCE                                         r  u_DDC/Xfilter_1_reg[8]/C
                         clock pessimism              0.000    17.591    
                         clock uncertainty           -0.035    17.556    
    SLICE_X97Y18         FDCE (Setup_fdce_C_D)        0.062    17.618    u_DDC/Xfilter_1_reg[8]
  -------------------------------------------------------------------
                         required time                         17.618    
                         arrival time                         -24.884    
  -------------------------------------------------------------------
                         slack                                 -7.266    

Slack (VIOLATED) :        -7.105ns  (required time - arrival time)
  Source:                 u_DDC/u_LPF/Product1_mul_temp_i_1_psdsp/C
                            (rising edge-triggered cell FDRE clocked by MWCLK  {rise@0.000ns fall@8.333ns period=16.667ns})
  Destination:            u_DDC/Xfilter_1_reg[7]/D
                            (rising edge-triggered cell FDCE clocked by MWCLK  {rise@0.000ns fall@8.333ns period=16.667ns})
  Path Group:             MWCLK
  Path Type:              Setup (Max at Slow Process Corner)
  Requirement:            16.667ns  (MWCLK rise@16.667ns - MWCLK rise@0.000ns)
  Data Path Delay:        23.750ns  (logic 15.459ns (65.092%)  route 8.291ns (34.908%))
  Logic Levels:           32  (CARRY4=17 DSP48E1=1 LUT2=14)
  Clock Path Skew:        -0.049ns (DCD - SCD + CPR)
    Destination Clock Delay (DCD):    0.924ns = ( 17.591 - 16.667 ) 
    Source Clock Delay      (SCD):    0.973ns
    Clock Pessimism Removal (CPR):    0.000ns
  Clock Uncertainty:      0.035ns  ((TSJ^2 + TIJ^2)^1/2 + DJ) / 2 + PE
    Total System Jitter     (TSJ):    0.071ns
    Total Input Jitter      (TIJ):    0.000ns
    Discrete Jitter          (DJ):    0.000ns
    Phase Error              (PE):    0.000ns

    Location             Delay type                Incr(ns)  Path(ns)    Netlist Resource(s)
  -------------------------------------------------------------------    -------------------
                         (clock MWCLK rise edge)      0.000     0.000 r  
                                                      0.000     0.000 r  clk (IN)
                         net (fo=29022, unset)        0.973     0.973    u_DDC/u_LPF/clk
    SLICE_X95Y1          FDRE                                         r  u_DDC/u_LPF/Product1_mul_temp_i_1_psdsp/C
  -------------------------------------------------------------------    -------------------
    SLICE_X95Y1          FDRE (Prop_fdre_C_Q)         0.456     1.429 r  u_DDC/u_LPF/Product1_mul_temp_i_1_psdsp/Q
                         net (fo=1, routed)           0.401     1.830    u_DDC/u_LPF/P[15]
    SLICE_X95Y2          LUT2 (Prop_lut2_I0_O)        0.124     1.954 r  u_DDC/u_LPF/Product1_mul_temp_i_1/O
                         net (fo=16, routed)          0.785     2.739    u_DDC/u_LPF/Delay_out1[15]
    DSP48_X3Y1           DSP48E1 (Prop_dsp48e1_A[19]_P[17])
                                                      3.841     6.580 r  u_DDC/u_LPF/Product1_mul_temp/P[17]
                         net (fo=1, routed)           0.592     7.172    u_DDC/u_LPF/RESIZE[3]
    SLICE_X93Y4          LUT2 (Prop_lut2_I1_O)        0.124     7.296 r  u_DDC/u_LPF/Sum3_add_temp_carry_i_3/O
                         net (fo=1, routed)           0.000     7.296    u_DDC/u_LPF/Sum3_add_temp_carry_i_3_n_0
    SLICE_X93Y4          CARRY4 (Prop_carry4_S[1]_O[2])
                                                      0.580     7.876 r  u_DDC/u_LPF/Sum3_add_temp_carry/O[2]
                         net (fo=1, routed)           0.570     8.447    u_DDC/u_LPF/Sum3_add_temp[4]
    SLICE_X95Y5          LUT2 (Prop_lut2_I1_O)        0.302     8.749 r  u_DDC/u_LPF/Sum2_add_temp_carry_i_3/O
                         net (fo=1, routed)           0.000     8.749    u_DDC/u_LPF/Sum2_add_temp_carry_i_3_n_0
    SLICE_X95Y5          CARRY4 (Prop_carry4_S[1]_O[2])
                                                      0.580     9.329 r  u_DDC/u_LPF/Sum2_add_temp_carry/O[2]
                         net (fo=1, routed)           0.686    10.014    u_DDC/u_LPF/Sum2_add_temp[2]
    SLICE_X101Y6         LUT2 (Prop_lut2_I1_O)        0.302    10.316 r  u_DDC/u_LPF/Sum5_add_temp_carry_i_2/O
                         net (fo=1, routed)           0.000    10.316    u_DDC/u_LPF/Sum5_add_temp_carry_i_2_n_0
    SLICE_X101Y6         CARRY4 (Prop_carry4_S[2]_CO[3])
                                                      0.398    10.714 r  u_DDC/u_LPF/Sum5_add_temp_carry/CO[3]
                         net (fo=1, routed)           0.000    10.714    u_DDC/u_LPF/Sum5_add_temp_carry_n_0
    SLICE_X101Y7         CARRY4 (Prop_carry4_CI_O[0])
                                                      0.222    10.936 r  u_DDC/u_LPF/Sum5_add_temp_carry__0/O[0]
                         net (fo=1, routed)           0.618    11.554    u_DDC/u_LPF/Sum5_add_temp[4]
    SLICE_X103Y7         LUT2 (Prop_lut2_I1_O)        0.299    11.853 r  u_DDC/u_LPF/Sum4_add_temp_carry_i_3/O
                         net (fo=1, routed)           0.000    11.853    u_DDC/u_LPF/Sum4_add_temp_carry_i_3_n_0
    SLICE_X103Y7         CARRY4 (Prop_carry4_S[1]_O[2])
                                                      0.580    12.433 r  u_DDC/u_LPF/Sum4_add_temp_carry/O[2]
                         net (fo=1, routed)           0.432    12.865    u_DDC/u_LPF/Sum4_add_temp[4]
    SLICE_X102Y9         LUT2 (Prop_lut2_I1_O)        0.302    13.167 r  u_DDC/u_LPF/Sum7_add_temp_carry_i_3/O
                         net (fo=1, routed)           0.000    13.167    u_DDC/u_LPF/Sum7_add_temp_carry_i_3_n_0
    SLICE_X102Y9         CARRY4 (Prop_carry4_S[1]_O[2])
                                                      0.578    13.745 r  u_DDC/u_LPF/Sum7_add_temp_carry/O[2]
                         net (fo=1, routed)           0.595    14.340    u_DDC/u_LPF/Sum7_add_temp[2]
    SLICE_X100Y10        LUT2 (Prop_lut2_I1_O)        0.301    14.641 r  u_DDC/u_LPF/Sum6_add_temp_carry_i_3/O
                         net (fo=1, routed)           0.000    14.641    u_DDC/u_LPF/Sum6_add_temp_carry_i_3_n_0
    SLICE_X100Y10        CARRY4 (Prop_carry4_S[1]_O[2])
                                                      0.578    15.219 r  u_DDC/u_LPF/Sum6_add_temp_carry/O[2]
                         net (fo=1, routed)           0.544    15.763    u_DDC/u_LPF/Sum6_out1[1]
    SLICE_X99Y11         LUT2 (Prop_lut2_I1_O)        0.301    16.064 r  u_DDC/u_LPF/Sum9_out1_carry_i_3/O
                         net (fo=1, routed)           0.000    16.064    u_DDC/u_LPF/Sum9_out1_carry_i_3_n_0
    SLICE_X99Y11         CARRY4 (Prop_carry4_S[1]_O[2])
                                                      0.580    16.644 r  u_DDC/u_LPF/Sum9_out1_carry/O[2]
                         net (fo=1, routed)           0.307    16.951    u_DDC/u_LPF/Sum9_out1[2]
    SLICE_X97Y11         LUT2 (Prop_lut2_I1_O)        0.302    17.253 r  u_DDC/u_LPF/Sum8_add_temp_carry_i_1/O
                         net (fo=1, routed)           0.000    17.253    u_DDC/u_LPF/Sum8_add_temp_carry_i_1_n_0
    SLICE_X97Y11         CARRY4 (Prop_carry4_S[3]_CO[3])
                                                      0.401    17.654 r  u_DDC/u_LPF/Sum8_add_temp_carry/CO[3]
                         net (fo=1, routed)           0.000    17.654    u_DDC/u_LPF/Sum8_add_temp_carry_n_0
    SLICE_X97Y12         CARRY4 (Prop_carry4_CI_O[0])
                                                      0.222    17.876 r  u_DDC/u_LPF/Sum8_add_temp_carry__0/O[0]
                         net (fo=1, routed)           0.588    18.464    u_DDC/u_LPF/Sum8_add_temp[4]
    SLICE_X99Y15         LUT2 (Prop_lut2_I1_O)        0.299    18.763 r  u_DDC/u_LPF/Sum11_add_temp_carry_i_1/O
                         net (fo=1, routed)           0.000    18.763    u_DDC/u_LPF/Sum11_add_temp_carry_i_1_n_0
    SLICE_X99Y15         CARRY4 (Prop_carry4_S[3]_CO[3])
                                                      0.401    19.164 r  u_DDC/u_LPF/Sum11_add_temp_carry/CO[3]
                         net (fo=1, routed)           0.000    19.164    u_DDC/u_LPF/Sum11_add_temp_carry_n_0
    SLICE_X99Y16         CARRY4 (Prop_carry4_CI_O[0])
                                                      0.222    19.386 r  u_DDC/u_LPF/Sum11_add_temp_carry__0/O[0]
                         net (fo=1, routed)           0.429    19.815    u_DDC/u_LPF/Sum11_add_temp[6]
    SLICE_X98Y16         LUT2 (Prop_lut2_I1_O)        0.299    20.114 r  u_DDC/u_LPF/Sum10_add_temp_carry__0_i_4/O
                         net (fo=1, routed)           0.000    20.114    u_DDC/u_LPF/Sum10_add_temp_carry__0_i_4_n_0
    SLICE_X98Y16         CARRY4 (Prop_carry4_S[0]_O[1])
                                                      0.427    20.541 r  u_DDC/u_LPF/Sum10_add_temp_carry__0/O[1]
                         net (fo=1, routed)           0.563    21.104    u_DDC/u_LPF/Sum10_add_temp[11]
    SLICE_X95Y16         LUT2 (Prop_lut2_I1_O)        0.306    21.410 r  u_DDC/u_LPF/Sum13_add_temp_carry__0_i_3/O
                         net (fo=1, routed)           0.000    21.410    u_DDC/u_LPF/Sum13_add_temp_carry__0_i_3_n_0
    SLICE_X95Y16         CARRY4 (Prop_carry4_S[1]_O[3])
                                                      0.640    22.050 r  u_DDC/u_LPF/Sum13_add_temp_carry__0/O[3]
                         net (fo=1, routed)           0.566    22.616    u_DDC/u_LPF/Sum13_add_temp[12]
    SLICE_X96Y17         LUT2 (Prop_lut2_I1_O)        0.306    22.922 r  u_DDC/u_LPF/Sum12_add_temp_carry__0_i_1/O
                         net (fo=1, routed)           0.000    22.922    u_DDC/u_LPF/Sum12_add_temp_carry__0_i_1_n_0
    SLICE_X96Y17         CARRY4 (Prop_carry4_S[3]_O[3])
                                                      0.255    23.177 r  u_DDC/u_LPF/Sum12_add_temp_carry__0/O[3]
                         net (fo=3, routed)           0.615    23.792    u_DDC/u_LPF/Sum12_add_temp[13]
    SLICE_X97Y17         LUT2 (Prop_lut2_I1_O)        0.307    24.099 r  u_DDC/u_LPF/Sum15_add_temp_carry__0_i_2/O
                         net (fo=1, routed)           0.000    24.099    u_DDC/u_LPF/Sum15_add_temp_carry__0_i_2_n_0
    SLICE_X97Y17         CARRY4 (Prop_carry4_S[3]_CO[3])
                                                      0.401    24.500 r  u_DDC/u_LPF/Sum15_add_temp_carry__0/CO[3]
                         net (fo=1, routed)           0.000    24.500    u_DDC/u_LPF/Sum15_add_temp_carry__0_n_0
    SLICE_X97Y18         CARRY4 (Prop_carry4_CI_O[0])
                                                      0.223    24.723 r  u_DDC/u_LPF/Sum15_add_temp_carry__1/O[0]
                         net (fo=1, routed)           0.000    24.723    u_DDC/Xfilter_signed[7]
    SLICE_X97Y18         FDCE                                         r  u_DDC/Xfilter_1_reg[7]/D
  -------------------------------------------------------------------    -------------------

                         (clock MWCLK rise edge)     16.667    16.667 r  
                                                      0.000    16.667 r  clk (IN)
                         net (fo=29022, unset)        0.924    17.591    u_DDC/clk
    SLICE_X97Y18         FDCE                                         r  u_DDC/Xfilter_1_reg[7]/C
                         clock pessimism              0.000    17.591    
                         clock uncertainty           -0.035    17.556    
    SLICE_X97Y18         FDCE (Setup_fdce_C_D)        0.062    17.618    u_DDC/Xfilter_1_reg[7]
  -------------------------------------------------------------------
                         required time                         17.618    
                         arrival time                         -24.723    
  -------------------------------------------------------------------
                         slack                                 -7.105    

Slack (VIOLATED) :        -6.729ns  (required time - arrival time)
  Source:                 u_DDC/u_LPF/Product1_mul_temp_i_1_psdsp/C
                            (rising edge-triggered cell FDRE clocked by MWCLK  {rise@0.000ns fall@8.333ns period=16.667ns})
  Destination:            u_DDC/Xfilter_1_reg[6]/D
                            (rising edge-triggered cell FDCE clocked by MWCLK  {rise@0.000ns fall@8.333ns period=16.667ns})
  Path Group:             MWCLK
  Path Type:              Setup (Max at Slow Process Corner)
  Requirement:            16.667ns  (MWCLK rise@16.667ns - MWCLK rise@0.000ns)
  Data Path Delay:        23.374ns  (logic 15.083ns (64.530%)  route 8.291ns (35.470%))
  Logic Levels:           31  (CARRY4=16 DSP48E1=1 LUT2=14)
  Clock Path Skew:        -0.049ns (DCD - SCD + CPR)
    Destination Clock Delay (DCD):    0.924ns = ( 17.591 - 16.667 ) 
    Source Clock Delay      (SCD):    0.973ns
    Clock Pessimism Removal (CPR):    0.000ns
  Clock Uncertainty:      0.035ns  ((TSJ^2 + TIJ^2)^1/2 + DJ) / 2 + PE
    Total System Jitter     (TSJ):    0.071ns
    Total Input Jitter      (TIJ):    0.000ns
    Discrete Jitter          (DJ):    0.000ns
    Phase Error              (PE):    0.000ns

    Location             Delay type                Incr(ns)  Path(ns)    Netlist Resource(s)
  -------------------------------------------------------------------    -------------------
                         (clock MWCLK rise edge)      0.000     0.000 r  
                                                      0.000     0.000 r  clk (IN)
                         net (fo=29022, unset)        0.973     0.973    u_DDC/u_LPF/clk
    SLICE_X95Y1          FDRE                                         r  u_DDC/u_LPF/Product1_mul_temp_i_1_psdsp/C
  -------------------------------------------------------------------    -------------------
    SLICE_X95Y1          FDRE (Prop_fdre_C_Q)         0.456     1.429 r  u_DDC/u_LPF/Product1_mul_temp_i_1_psdsp/Q
                         net (fo=1, routed)           0.401     1.830    u_DDC/u_LPF/P[15]
    SLICE_X95Y2          LUT2 (Prop_lut2_I0_O)        0.124     1.954 r  u_DDC/u_LPF/Product1_mul_temp_i_1/O
                         net (fo=16, routed)          0.785     2.739    u_DDC/u_LPF/Delay_out1[15]
    DSP48_X3Y1           DSP48E1 (Prop_dsp48e1_A[19]_P[17])
                                                      3.841     6.580 r  u_DDC/u_LPF/Product1_mul_temp/P[17]
                         net (fo=1, routed)           0.592     7.172    u_DDC/u_LPF/RESIZE[3]
    SLICE_X93Y4          LUT2 (Prop_lut2_I1_O)        0.124     7.296 r  u_DDC/u_LPF/Sum3_add_temp_carry_i_3/O
                         net (fo=1, routed)           0.000     7.296    u_DDC/u_LPF/Sum3_add_temp_carry_i_3_n_0
    SLICE_X93Y4          CARRY4 (Prop_carry4_S[1]_O[2])
                                                      0.580     7.876 r  u_DDC/u_LPF/Sum3_add_temp_carry/O[2]
                         net (fo=1, routed)           0.570     8.447    u_DDC/u_LPF/Sum3_add_temp[4]
    SLICE_X95Y5          LUT2 (Prop_lut2_I1_O)        0.302     8.749 r  u_DDC/u_LPF/Sum2_add_temp_carry_i_3/O
                         net (fo=1, routed)           0.000     8.749    u_DDC/u_LPF/Sum2_add_temp_carry_i_3_n_0
    SLICE_X95Y5          CARRY4 (Prop_carry4_S[1]_O[2])
                                                      0.580     9.329 r  u_DDC/u_LPF/Sum2_add_temp_carry/O[2]
                         net (fo=1, routed)           0.686    10.014    u_DDC/u_LPF/Sum2_add_temp[2]
    SLICE_X101Y6         LUT2 (Prop_lut2_I1_O)        0.302    10.316 r  u_DDC/u_LPF/Sum5_add_temp_carry_i_2/O
                         net (fo=1, routed)           0.000    10.316    u_DDC/u_LPF/Sum5_add_temp_carry_i_2_n_0
    SLICE_X101Y6         CARRY4 (Prop_carry4_S[2]_CO[3])
                                                      0.398    10.714 r  u_DDC/u_LPF/Sum5_add_temp_carry/CO[3]
                         net (fo=1, routed)           0.000    10.714    u_DDC/u_LPF/Sum5_add_temp_carry_n_0
    SLICE_X101Y7         CARRY4 (Prop_carry4_CI_O[0])
                                                      0.222    10.936 r  u_DDC/u_LPF/Sum5_add_temp_carry__0/O[0]
                         net (fo=1, routed)           0.618    11.554    u_DDC/u_LPF/Sum5_add_temp[4]
    SLICE_X103Y7         LUT2 (Prop_lut2_I1_O)        0.299    11.853 r  u_DDC/u_LPF/Sum4_add_temp_carry_i_3/O
                         net (fo=1, routed)           0.000    11.853    u_DDC/u_LPF/Sum4_add_temp_carry_i_3_n_0
    SLICE_X103Y7         CARRY4 (Prop_carry4_S[1]_O[2])
                                                      0.580    12.433 r  u_DDC/u_LPF/Sum4_add_temp_carry/O[2]
                         net (fo=1, routed)           0.432    12.865    u_DDC/u_LPF/Sum4_add_temp[4]
    SLICE_X102Y9         LUT2 (Prop_lut2_I1_O)        0.302    13.167 r  u_DDC/u_LPF/Sum7_add_temp_carry_i_3/O
                         net (fo=1, routed)           0.000    13.167    u_DDC/u_LPF/Sum7_add_temp_carry_i_3_n_0
    SLICE_X102Y9         CARRY4 (Prop_carry4_S[1]_O[2])
                                                      0.578    13.745 r  u_DDC/u_LPF/Sum7_add_temp_carry/O[2]
                         net (fo=1, routed)           0.595    14.340    u_DDC/u_LPF/Sum7_add_temp[2]
    SLICE_X100Y10        LUT2 (Prop_lut2_I1_O)        0.301    14.641 r  u_DDC/u_LPF/Sum6_add_temp_carry_i_3/O
                         net (fo=1, routed)           0.000    14.641    u_DDC/u_LPF/Sum6_add_temp_carry_i_3_n_0
    SLICE_X100Y10        CARRY4 (Prop_carry4_S[1]_O[2])
                                                      0.578    15.219 r  u_DDC/u_LPF/Sum6_add_temp_carry/O[2]
                         net (fo=1, routed)           0.544    15.763    u_DDC/u_LPF/Sum6_out1[1]
    SLICE_X99Y11         LUT2 (Prop_lut2_I1_O)        0.301    16.064 r  u_DDC/u_LPF/Sum9_out1_carry_i_3/O
                         net (fo=1, routed)           0.000    16.064    u_DDC/u_LPF/Sum9_out1_carry_i_3_n_0
    SLICE_X99Y11         CARRY4 (Prop_carry4_S[1]_O[2])
                                                      0.580    16.644 r  u_DDC/u_LPF/Sum9_out1_carry/O[2]
                         net (fo=1, routed)           0.307    16.951    u_DDC/u_LPF/Sum9_out1[2]
    SLICE_X97Y11         LUT2 (Prop_lut2_I1_O)        0.302    17.253 r  u_DDC/u_LPF/Sum8_add_temp_carry_i_1/O
                         net (fo=1, routed)           0.000    17.253    u_DDC/u_LPF/Sum8_add_temp_carry_i_1_n_0
    SLICE_X97Y11         CARRY4 (Prop_carry4_S[3]_CO[3])
                                                      0.401    17.654 r  u_DDC/u_LPF/Sum8_add_temp_carry/CO[3]
                         net (fo=1, routed)           0.000    17.654    u_DDC/u_LPF/Sum8_add_temp_carry_n_0
    SLICE_X97Y12         CARRY4 (Prop_carry4_CI_O[0])
                                                      0.222    17.876 r  u_DDC/u_LPF/Sum8_add_temp_carry__0/O[0]
                         net (fo=1, routed)           0.588    18.464    u_DDC/u_LPF/Sum8_add_temp[4]
    SLICE_X99Y15         LUT2 (Prop_lut2_I1_O)        0.299    18.763 r  u_DDC/u_LPF/Sum11_add_temp_carry_i_1/O
                         net (fo=1, routed)           0.000    18.763    u_DDC/u_LPF/Sum11_add_temp_carry_i_1_n_0
    SLICE_X99Y15         CARRY4 (Prop_carry4_S[3]_CO[3])
                                                      0.401    19.164 r  u_DDC/u_LPF/Sum11_add_temp_carry/CO[3]
                         net (fo=1, routed)           0.000    19.164    u_DDC/u_LPF/Sum11_add_temp_carry_n_0
    SLICE_X99Y16         CARRY4 (Prop_carry4_CI_O[0])
                                                      0.222    19.386 r  u_DDC/u_LPF/Sum11_add_temp_carry__0/O[0]
                         net (fo=1, routed)           0.429    19.815    u_DDC/u_LPF/Sum11_add_temp[6]
    SLICE_X98Y16         LUT2 (Prop_lut2_I1_O)        0.299    20.114 r  u_DDC/u_LPF/Sum10_add_temp_carry__0_i_4/O
                         net (fo=1, routed)           0.000    20.114    u_DDC/u_LPF/Sum10_add_temp_carry__0_i_4_n_0
    SLICE_X98Y16         CARRY4 (Prop_carry4_S[0]_O[1])
                                                      0.427    20.541 r  u_DDC/u_LPF/Sum10_add_temp_carry__0/O[1]
                         net (fo=1, routed)           0.563    21.104    u_DDC/u_LPF/Sum10_add_temp[11]
    SLICE_X95Y16         LUT2 (Prop_lut2_I1_O)        0.306    21.410 r  u_DDC/u_LPF/Sum13_add_temp_carry__0_i_3/O
                         net (fo=1, routed)           0.000    21.410    u_DDC/u_LPF/Sum13_add_temp_carry__0_i_3_n_0
    SLICE_X95Y16         CARRY4 (Prop_carry4_S[1]_O[3])
                                                      0.640    22.050 r  u_DDC/u_LPF/Sum13_add_temp_carry__0/O[3]
                         net (fo=1, routed)           0.566    22.616    u_DDC/u_LPF/Sum13_add_temp[12]
    SLICE_X96Y17         LUT2 (Prop_lut2_I1_O)        0.306    22.922 r  u_DDC/u_LPF/Sum12_add_temp_carry__0_i_1/O
                         net (fo=1, routed)           0.000    22.922    u_DDC/u_LPF/Sum12_add_temp_carry__0_i_1_n_0
    SLICE_X96Y17         CARRY4 (Prop_carry4_S[3]_O[3])
                                                      0.255    23.177 r  u_DDC/u_LPF/Sum12_add_temp_carry__0/O[3]
                         net (fo=3, routed)           0.615    23.792    u_DDC/u_LPF/Sum12_add_temp[13]
    SLICE_X97Y17         LUT2 (Prop_lut2_I1_O)        0.307    24.099 r  u_DDC/u_LPF/Sum15_add_temp_carry__0_i_2/O
                         net (fo=1, routed)           0.000    24.099    u_DDC/u_LPF/Sum15_add_temp_carry__0_i_2_n_0
    SLICE_X97Y17         CARRY4 (Prop_carry4_S[3]_O[3])
                                                      0.248    24.347 r  u_DDC/u_LPF/Sum15_add_temp_carry__0/O[3]
                         net (fo=1, routed)           0.000    24.347    u_DDC/Xfilter_signed[6]
    SLICE_X97Y17         FDCE                                         r  u_DDC/Xfilter_1_reg[6]/D
  -------------------------------------------------------------------    -------------------

                         (clock MWCLK rise edge)     16.667    16.667 r  
                                                      0.000    16.667 r  clk (IN)
                         net (fo=29022, unset)        0.924    17.591    u_DDC/clk
    SLICE_X97Y17         FDCE                                         r  u_DDC/Xfilter_1_reg[6]/C
                         clock pessimism              0.000    17.591    
                         clock uncertainty           -0.035    17.556    
    SLICE_X97Y17         FDCE (Setup_fdce_C_D)        0.062    17.618    u_DDC/Xfilter_1_reg[6]
  -------------------------------------------------------------------
                         required time                         17.618    
                         arrival time                         -24.347    
  -------------------------------------------------------------------
                         slack                                 -6.729    





Min Delay Paths
--------------------------------------------------------------------------------------
Slack (MET) :             0.028ns  (arrival time - required time)
  Source:                 u_Digital_Spectrometer/u_512_pt_FFT/u_SDF1_1_1/u_SDFCOMMUTATOR_1/SDFCummutator_wrXData_re_reg_reg[0]/C
                            (rising edge-triggered cell FDCE clocked by MWCLK  {rise@0.000ns fall@8.333ns period=16.667ns})
  Destination:            u_Digital_Spectrometer/u_512_pt_FFT/u_SDF1_1_1/u_SDFCOMMUTATOR_1/u_dataXMEM_re_0_1/ram_reg_0_7_0_5/RAMA/I
                            (rising edge-triggered cell RAMD32 clocked by MWCLK  {rise@0.000ns fall@8.333ns period=16.667ns})
  Path Group:             MWCLK
  Path Type:              Hold (Min at Fast Process Corner)
  Requirement:            0.000ns  (MWCLK rise@0.000ns - MWCLK rise@0.000ns)
  Data Path Delay:        0.197ns  (logic 0.141ns (71.611%)  route 0.056ns (28.389%))
  Logic Levels:           0  
  Clock Path Skew:        0.022ns (DCD - SCD - CPR)
    Destination Clock Delay (DCD):    0.432ns
    Source Clock Delay      (SCD):    0.410ns
    Clock Pessimism Removal (CPR):    -0.000ns

    Location             Delay type                Incr(ns)  Path(ns)    Netlist Resource(s)
  -------------------------------------------------------------------    -------------------
                         (clock MWCLK rise edge)      0.000     0.000 r  
                                                      0.000     0.000 r  clk (IN)
                         net (fo=29022, unset)        0.410     0.410    u_Digital_Spectrometer/u_512_pt_FFT/u_SDF1_1_1/u_SDFCOMMUTATOR_1/clk
    SLICE_X67Y13         FDCE                                         r  u_Digital_Spectrometer/u_512_pt_FFT/u_SDF1_1_1/u_SDFCOMMUTATOR_1/SDFCummutator_wrXData_re_reg_reg[0]/C
  -------------------------------------------------------------------    -------------------
    SLICE_X67Y13         FDCE (Prop_fdce_C_Q)         0.141     0.551 r  u_Digital_Spectrometer/u_512_pt_FFT/u_SDF1_1_1/u_SDFCOMMUTATOR_1/SDFCummutator_wrXData_re_reg_reg[0]/Q
                         net (fo=1, routed)           0.056     0.607    u_Digital_Spectrometer/u_512_pt_FFT/u_SDF1_1_1/u_SDFCOMMUTATOR_1/u_dataXMEM_re_0_1/ram_reg_0_7_0_5/DIA0
    SLICE_X66Y13         RAMD32                                       r  u_Digital_Spectrometer/u_512_pt_FFT/u_SDF1_1_1/u_SDFCOMMUTATOR_1/u_dataXMEM_re_0_1/ram_reg_0_7_0_5/RAMA/I
  -------------------------------------------------------------------    -------------------

                         (clock MWCLK rise edge)      0.000     0.000 r  
                                                      0.000     0.000 r  clk (IN)
                         net (fo=29022, unset)        0.432     0.432    u_Digital_Spectrometer/u_512_pt_FFT/u_SDF1_1_1/u_SDFCOMMUTATOR_1/u_dataXMEM_re_0_1/ram_reg_0_7_0_5/WCLK
    SLICE_X66Y13         RAMD32                                       r  u_Digital_Spectrometer/u_512_pt_FFT/u_SDF1_1_1/u_SDFCOMMUTATOR_1/u_dataXMEM_re_0_1/ram_reg_0_7_0_5/RAMA/CLK
                         clock pessimism              0.000     0.432    
    SLICE_X66Y13         RAMD32 (Hold_ramd32_CLK_I)
                                                      0.147     0.579    u_Digital_Spectrometer/u_512_pt_FFT/u_SDF1_1_1/u_SDFCOMMUTATOR_1/u_dataXMEM_re_0_1/ram_reg_0_7_0_5/RAMA
  -------------------------------------------------------------------
                         required time                         -0.579    
                         arrival time                           0.607    
  -------------------------------------------------------------------
                         slack                                  0.028    

Slack (MET) :             0.028ns  (arrival time - required time)
  Source:                 u_Digital_Spectrometer/u_512_pt_FFT/u_SDF1_1_1/u_SDFCOMMUTATOR_1/SDFCummutator_wrXData_re_reg_reg[12]/C
                            (rising edge-triggered cell FDCE clocked by MWCLK  {rise@0.000ns fall@8.333ns period=16.667ns})
  Destination:            u_Digital_Spectrometer/u_512_pt_FFT/u_SDF1_1_1/u_SDFCOMMUTATOR_1/u_dataXMEM_re_0_1/ram_reg_0_7_12_16/RAMA/I
                            (rising edge-triggered cell RAMD32 clocked by MWCLK  {rise@0.000ns fall@8.333ns period=16.667ns})
  Path Group:             MWCLK
  Path Type:              Hold (Min at Fast Process Corner)
  Requirement:            0.000ns  (MWCLK rise@0.000ns - MWCLK rise@0.000ns)
  Data Path Delay:        0.197ns  (logic 0.141ns (71.611%)  route 0.056ns (28.389%))
  Logic Levels:           0  
  Clock Path Skew:        0.022ns (DCD - SCD - CPR)
    Destination Clock Delay (DCD):    0.432ns
    Source Clock Delay      (SCD):    0.410ns
    Clock Pessimism Removal (CPR):    -0.000ns

    Location             Delay type                Incr(ns)  Path(ns)    Netlist Resource(s)
  -------------------------------------------------------------------    -------------------
                         (clock MWCLK rise edge)      0.000     0.000 r  
                                                      0.000     0.000 r  clk (IN)
                         net (fo=29022, unset)        0.410     0.410    u_Digital_Spectrometer/u_512_pt_FFT/u_SDF1_1_1/u_SDFCOMMUTATOR_1/clk
    SLICE_X67Y16         FDCE                                         r  u_Digital_Spectrometer/u_512_pt_FFT/u_SDF1_1_1/u_SDFCOMMUTATOR_1/SDFCummutator_wrXData_re_reg_reg[12]/C
  -------------------------------------------------------------------    -------------------
    SLICE_X67Y16         FDCE (Prop_fdce_C_Q)         0.141     0.551 r  u_Digital_Spectrometer/u_512_pt_FFT/u_SDF1_1_1/u_SDFCOMMUTATOR_1/SDFCummutator_wrXData_re_reg_reg[12]/Q
                         net (fo=1, routed)           0.056     0.607    u_Digital_Spectrometer/u_512_pt_FFT/u_SDF1_1_1/u_SDFCOMMUTATOR_1/u_dataXMEM_re_0_1/ram_reg_0_7_12_16/DIA0
    SLICE_X66Y16         RAMD32                                       r  u_Digital_Spectrometer/u_512_pt_FFT/u_SDF1_1_1/u_SDFCOMMUTATOR_1/u_dataXMEM_re_0_1/ram_reg_0_7_12_16/RAMA/I
  -------------------------------------------------------------------    -------------------

                         (clock MWCLK rise edge)      0.000     0.000 r  
                                                      0.000     0.000 r  clk (IN)
                         net (fo=29022, unset)        0.432     0.432    u_Digital_Spectrometer/u_512_pt_FFT/u_SDF1_1_1/u_SDFCOMMUTATOR_1/u_dataXMEM_re_0_1/ram_reg_0_7_12_16/WCLK
    SLICE_X66Y16         RAMD32                                       r  u_Digital_Spectrometer/u_512_pt_FFT/u_SDF1_1_1/u_SDFCOMMUTATOR_1/u_dataXMEM_re_0_1/ram_reg_0_7_12_16/RAMA/CLK
                         clock pessimism              0.000     0.432    
    SLICE_X66Y16         RAMD32 (Hold_ramd32_CLK_I)
                                                      0.147     0.579    u_Digital_Spectrometer/u_512_pt_FFT/u_SDF1_1_1/u_SDFCOMMUTATOR_1/u_dataXMEM_re_0_1/ram_reg_0_7_12_16/RAMA
  -------------------------------------------------------------------
                         required time                         -0.579    
                         arrival time                           0.607    
  -------------------------------------------------------------------
                         slack                                  0.028    

Slack (MET) :             0.028ns  (arrival time - required time)
  Source:                 u_Digital_Spectrometer/u_512_pt_FFT/u_SDF1_7_1/u_SDFCOMMUTATOR_7/SDFCummutator_wrXData_re_reg_reg[12]/C
                            (rising edge-triggered cell FDCE clocked by MWCLK  {rise@0.000ns fall@8.333ns period=16.667ns})
  Destination:            u_Digital_Spectrometer/u_512_pt_FFT/u_SDF1_7_1/u_SDFCOMMUTATOR_7/u_dataXMEM_re_0_7/ram_reg_0_7_12_17/RAMA/I
                            (rising edge-triggered cell RAMD32 clocked by MWCLK  {rise@0.000ns fall@8.333ns period=16.667ns})
  Path Group:             MWCLK
  Path Type:              Hold (Min at Fast Process Corner)
  Requirement:            0.000ns  (MWCLK rise@0.000ns - MWCLK rise@0.000ns)
  Data Path Delay:        0.197ns  (logic 0.141ns (71.611%)  route 0.056ns (28.389%))
  Logic Levels:           0  
  Clock Path Skew:        0.022ns (DCD - SCD - CPR)
    Destination Clock Delay (DCD):    0.432ns
    Source Clock Delay      (SCD):    0.410ns
    Clock Pessimism Removal (CPR):    -0.000ns

    Location             Delay type                Incr(ns)  Path(ns)    Netlist Resource(s)
  -------------------------------------------------------------------    -------------------
                         (clock MWCLK rise edge)      0.000     0.000 r  
                                                      0.000     0.000 r  clk (IN)
                         net (fo=29022, unset)        0.410     0.410    u_Digital_Spectrometer/u_512_pt_FFT/u_SDF1_7_1/u_SDFCOMMUTATOR_7/clk
    SLICE_X35Y27         FDCE                                         r  u_Digital_Spectrometer/u_512_pt_FFT/u_SDF1_7_1/u_SDFCOMMUTATOR_7/SDFCummutator_wrXData_re_reg_reg[12]/C
  -------------------------------------------------------------------    -------------------
    SLICE_X35Y27         FDCE (Prop_fdce_C_Q)         0.141     0.551 r  u_Digital_Spectrometer/u_512_pt_FFT/u_SDF1_7_1/u_SDFCOMMUTATOR_7/SDFCummutator_wrXData_re_reg_reg[12]/Q
                         net (fo=1, routed)           0.056     0.607    u_Digital_Spectrometer/u_512_pt_FFT/u_SDF1_7_1/u_SDFCOMMUTATOR_7/u_dataXMEM_re_0_7/ram_reg_0_7_12_17/DIA0
    SLICE_X34Y27         RAMD32                                       r  u_Digital_Spectrometer/u_512_pt_FFT/u_SDF1_7_1/u_SDFCOMMUTATOR_7/u_dataXMEM_re_0_7/ram_reg_0_7_12_17/RAMA/I
  -------------------------------------------------------------------    -------------------

                         (clock MWCLK rise edge)      0.000     0.000 r  
                                                      0.000     0.000 r  clk (IN)
                         net (fo=29022, unset)        0.432     0.432    u_Digital_Spectrometer/u_512_pt_FFT/u_SDF1_7_1/u_SDFCOMMUTATOR_7/u_dataXMEM_re_0_7/ram_reg_0_7_12_17/WCLK
    SLICE_X34Y27         RAMD32                                       r  u_Digital_Spectrometer/u_512_pt_FFT/u_SDF1_7_1/u_SDFCOMMUTATOR_7/u_dataXMEM_re_0_7/ram_reg_0_7_12_17/RAMA/CLK
                         clock pessimism              0.000     0.432    
    SLICE_X34Y27         RAMD32 (Hold_ramd32_CLK_I)
                                                      0.147     0.579    u_Digital_Spectrometer/u_512_pt_FFT/u_SDF1_7_1/u_SDFCOMMUTATOR_7/u_dataXMEM_re_0_7/ram_reg_0_7_12_17/RAMA
  -------------------------------------------------------------------
                         required time                         -0.579    
                         arrival time                           0.607    
  -------------------------------------------------------------------
                         slack                                  0.028    

Slack (MET) :             0.028ns  (arrival time - required time)
  Source:                 u_Digital_Spectrometer/u_512_pt_FFT/u_SDF2_6_1/u_SDFCOMMUTATOR_6/SDFCummutator_wrXData_re_reg_reg[0]/C
                            (rising edge-triggered cell FDCE clocked by MWCLK  {rise@0.000ns fall@8.333ns period=16.667ns})
  Destination:            u_Digital_Spectrometer/u_512_pt_FFT/u_SDF2_6_1/u_SDFCOMMUTATOR_6/u_dataXMEM_re_0_6/ram_reg_0_7_0_5/RAMA/I
                            (rising edge-triggered cell RAMD32 clocked by MWCLK  {rise@0.000ns fall@8.333ns period=16.667ns})
  Path Group:             MWCLK
  Path Type:              Hold (Min at Fast Process Corner)
  Requirement:            0.000ns  (MWCLK rise@0.000ns - MWCLK rise@0.000ns)
  Data Path Delay:        0.197ns  (logic 0.141ns (71.611%)  route 0.056ns (28.389%))
  Logic Levels:           0  
  Clock Path Skew:        0.022ns (DCD - SCD - CPR)
    Destination Clock Delay (DCD):    0.432ns
    Source Clock Delay      (SCD):    0.410ns
    Clock Pessimism Removal (CPR):    -0.000ns

    Location             Delay type                Incr(ns)  Path(ns)    Netlist Resource(s)
  -------------------------------------------------------------------    -------------------
                         (clock MWCLK rise edge)      0.000     0.000 r  
                                                      0.000     0.000 r  clk (IN)
                         net (fo=29022, unset)        0.410     0.410    u_Digital_Spectrometer/u_512_pt_FFT/u_SDF2_6_1/u_SDFCOMMUTATOR_6/clk
    SLICE_X35Y4          FDCE                                         r  u_Digital_Spectrometer/u_512_pt_FFT/u_SDF2_6_1/u_SDFCOMMUTATOR_6/SDFCummutator_wrXData_re_reg_reg[0]/C
  -------------------------------------------------------------------    -------------------
    SLICE_X35Y4          FDCE (Prop_fdce_C_Q)         0.141     0.551 r  u_Digital_Spectrometer/u_512_pt_FFT/u_SDF2_6_1/u_SDFCOMMUTATOR_6/SDFCummutator_wrXData_re_reg_reg[0]/Q
                         net (fo=1, routed)           0.056     0.607    u_Digital_Spectrometer/u_512_pt_FFT/u_SDF2_6_1/u_SDFCOMMUTATOR_6/u_dataXMEM_re_0_6/ram_reg_0_7_0_5/DIA0
    SLICE_X34Y4          RAMD32                                       r  u_Digital_Spectrometer/u_512_pt_FFT/u_SDF2_6_1/u_SDFCOMMUTATOR_6/u_dataXMEM_re_0_6/ram_reg_0_7_0_5/RAMA/I
  -------------------------------------------------------------------    -------------------

                         (clock MWCLK rise edge)      0.000     0.000 r  
                                                      0.000     0.000 r  clk (IN)
                         net (fo=29022, unset)        0.432     0.432    u_Digital_Spectrometer/u_512_pt_FFT/u_SDF2_6_1/u_SDFCOMMUTATOR_6/u_dataXMEM_re_0_6/ram_reg_0_7_0_5/WCLK
    SLICE_X34Y4          RAMD32                                       r  u_Digital_Spectrometer/u_512_pt_FFT/u_SDF2_6_1/u_SDFCOMMUTATOR_6/u_dataXMEM_re_0_6/ram_reg_0_7_0_5/RAMA/CLK
                         clock pessimism              0.000     0.432    
    SLICE_X34Y4          RAMD32 (Hold_ramd32_CLK_I)
                                                      0.147     0.579    u_Digital_Spectrometer/u_512_pt_FFT/u_SDF2_6_1/u_SDFCOMMUTATOR_6/u_dataXMEM_re_0_6/ram_reg_0_7_0_5/RAMA
  -------------------------------------------------------------------
                         required time                         -0.579    
                         arrival time                           0.607    
  -------------------------------------------------------------------
                         slack                                  0.028    

Slack (MET) :             0.051ns  (arrival time - required time)
  Source:                 u_Digital_Spectrometer/u_512_pt_FFT/u_SDF2_6_1/u_SDFCOMMUTATOR_6/SDFOutmux_btf2Pipe_im_reg[0]/C
                            (rising edge-triggered cell FDCE clocked by MWCLK  {rise@0.000ns fall@8.333ns period=16.667ns})
  Destination:            u_Digital_Spectrometer/u_512_pt_FFT/intdelay_reg_10_reg[1][0]_srl2_Delay_reg_reg_c_0/D
                            (rising edge-triggered cell SRL16E clocked by MWCLK  {rise@0.000ns fall@8.333ns period=16.667ns})
  Path Group:             MWCLK
  Path Type:              Hold (Min at Fast Process Corner)
  Requirement:            0.000ns  (MWCLK rise@0.000ns - MWCLK rise@0.000ns)
  Data Path Delay:        0.256ns  (logic 0.141ns (55.071%)  route 0.115ns (44.929%))
  Logic Levels:           0  
  Clock Path Skew:        0.022ns (DCD - SCD - CPR)
    Destination Clock Delay (DCD):    0.432ns
    Source Clock Delay      (SCD):    0.410ns
    Clock Pessimism Removal (CPR):    -0.000ns

    Location             Delay type                Incr(ns)  Path(ns)    Netlist Resource(s)
  -------------------------------------------------------------------    -------------------
                         (clock MWCLK rise edge)      0.000     0.000 r  
                                                      0.000     0.000 r  clk (IN)
                         net (fo=29022, unset)        0.410     0.410    u_Digital_Spectrometer/u_512_pt_FFT/u_SDF2_6_1/u_SDFCOMMUTATOR_6/clk
    SLICE_X29Y3          FDCE                                         r  u_Digital_Spectrometer/u_512_pt_FFT/u_SDF2_6_1/u_SDFCOMMUTATOR_6/SDFOutmux_btf2Pipe_im_reg[0]/C
  -------------------------------------------------------------------    -------------------
    SLICE_X29Y3          FDCE (Prop_fdce_C_Q)         0.141     0.551 r  u_Digital_Spectrometer/u_512_pt_FFT/u_SDF2_6_1/u_SDFCOMMUTATOR_6/SDFOutmux_btf2Pipe_im_reg[0]/Q
                         net (fo=1, routed)           0.115     0.666    u_Digital_Spectrometer/u_512_pt_FFT/dout_6_1_im_signed[0]
    SLICE_X26Y3          SRL16E                                       r  u_Digital_Spectrometer/u_512_pt_FFT/intdelay_reg_10_reg[1][0]_srl2_Delay_reg_reg_c_0/D
  -------------------------------------------------------------------    -------------------

                         (clock MWCLK rise edge)      0.000     0.000 r  
                                                      0.000     0.000 r  clk (IN)
                         net (fo=29022, unset)        0.432     0.432    u_Digital_Spectrometer/u_512_pt_FFT/clk
    SLICE_X26Y3          SRL16E                                       r  u_Digital_Spectrometer/u_512_pt_FFT/intdelay_reg_10_reg[1][0]_srl2_Delay_reg_reg_c_0/CLK
                         clock pessimism              0.000     0.432    
    SLICE_X26Y3          SRL16E (Hold_srl16e_CLK_D)
                                                      0.183     0.615    u_Digital_Spectrometer/u_512_pt_FFT/intdelay_reg_10_reg[1][0]_srl2_Delay_reg_reg_c_0
  -------------------------------------------------------------------
                         required time                         -0.615    
                         arrival time                           0.666    
  -------------------------------------------------------------------
                         slack                                  0.051    

Slack (MET) :             0.072ns  (arrival time - required time)
  Source:                 u_Digital_Spectrometer/u_512_pt_FFT/u_SDF2_4_1/u_SDFCOMMUTATOR_4/SDFCummutator_wrData_im_reg_reg[6]/C
                            (rising edge-triggered cell FDCE clocked by MWCLK  {rise@0.000ns fall@8.333ns period=16.667ns})
  Destination:            u_Digital_Spectrometer/u_512_pt_FFT/u_SDF2_4_1/u_dataMEM_im_0_4/ram_reg/DIADI[6]
                            (rising edge-triggered cell RAMB18E1 clocked by MWCLK  {rise@0.000ns fall@8.333ns period=16.667ns})
  Path Group:             MWCLK
  Path Type:              Hold (Min at Fast Process Corner)
  Requirement:            0.000ns  (MWCLK rise@0.000ns - MWCLK rise@0.000ns)
  Data Path Delay:        0.249ns  (logic 0.141ns (56.669%)  route 0.108ns (43.331%))
  Logic Levels:           0  
  Clock Path Skew:        0.022ns (DCD - SCD - CPR)
    Destination Clock Delay (DCD):    0.432ns
    Source Clock Delay      (SCD):    0.410ns
    Clock Pessimism Removal (CPR):    -0.000ns

    Location             Delay type                Incr(ns)  Path(ns)    Netlist Resource(s)
  -------------------------------------------------------------------    -------------------
                         (clock MWCLK rise edge)      0.000     0.000 r  
                                                      0.000     0.000 r  clk (IN)
                         net (fo=29022, unset)        0.410     0.410    u_Digital_Spectrometer/u_512_pt_FFT/u_SDF2_4_1/u_SDFCOMMUTATOR_4/clk
    SLICE_X55Y9          FDCE                                         r  u_Digital_Spectrometer/u_512_pt_FFT/u_SDF2_4_1/u_SDFCOMMUTATOR_4/SDFCummutator_wrData_im_reg_reg[6]/C
  -------------------------------------------------------------------    -------------------
    SLICE_X55Y9          FDCE (Prop_fdce_C_Q)         0.141     0.551 r  u_Digital_Spectrometer/u_512_pt_FFT/u_SDF2_4_1/u_SDFCOMMUTATOR_4/SDFCummutator_wrData_im_reg_reg[6]/Q
                         net (fo=1, routed)           0.108     0.659    u_Digital_Spectrometer/u_512_pt_FFT/u_SDF2_4_1/u_dataMEM_im_0_4/ram_reg_1[6]
    RAMB18_X3Y3          RAMB18E1                                     r  u_Digital_Spectrometer/u_512_pt_FFT/u_SDF2_4_1/u_dataMEM_im_0_4/ram_reg/DIADI[6]
  -------------------------------------------------------------------    -------------------

                         (clock MWCLK rise edge)      0.000     0.000 r  
                                                      0.000     0.000 r  clk (IN)
                         net (fo=29022, unset)        0.432     0.432    u_Digital_Spectrometer/u_512_pt_FFT/u_SDF2_4_1/u_dataMEM_im_0_4/clk
    RAMB18_X3Y3          RAMB18E1                                     r  u_Digital_Spectrometer/u_512_pt_FFT/u_SDF2_4_1/u_dataMEM_im_0_4/ram_reg/CLKBWRCLK
                         clock pessimism              0.000     0.432    
    RAMB18_X3Y3          RAMB18E1 (Hold_ramb18e1_CLKBWRCLK_DIADI[6])
                                                      0.155     0.587    u_Digital_Spectrometer/u_512_pt_FFT/u_SDF2_4_1/u_dataMEM_im_0_4/ram_reg
  -------------------------------------------------------------------
                         required time                         -0.587    
                         arrival time                           0.659    
  -------------------------------------------------------------------
                         slack                                  0.072    

Slack (MET) :             0.072ns  (arrival time - required time)
  Source:                 u_Digital_Spectrometer/u_512_pt_FFT/u_SDF2_4_1/u_SDFCOMMUTATOR_4/SDFCummutator_wrData_re_reg_reg[3]/C
                            (rising edge-triggered cell FDCE clocked by MWCLK  {rise@0.000ns fall@8.333ns period=16.667ns})
  Destination:            u_Digital_Spectrometer/u_512_pt_FFT/u_SDF2_4_1/u_dataMEM_re_0_4/ram_reg/DIADI[3]
                            (rising edge-triggered cell RAMB18E1 clocked by MWCLK  {rise@0.000ns fall@8.333ns period=16.667ns})
  Path Group:             MWCLK
  Path Type:              Hold (Min at Fast Process Corner)
  Requirement:            0.000ns  (MWCLK rise@0.000ns - MWCLK rise@0.000ns)
  Data Path Delay:        0.249ns  (logic 0.141ns (56.669%)  route 0.108ns (43.331%))
  Logic Levels:           0  
  Clock Path Skew:        0.022ns (DCD - SCD - CPR)
    Destination Clock Delay (DCD):    0.432ns
    Source Clock Delay      (SCD):    0.410ns
    Clock Pessimism Removal (CPR):    -0.000ns

    Location             Delay type                Incr(ns)  Path(ns)    Netlist Resource(s)
  -------------------------------------------------------------------    -------------------
                         (clock MWCLK rise edge)      0.000     0.000 r  
                                                      0.000     0.000 r  clk (IN)
                         net (fo=29022, unset)        0.410     0.410    u_Digital_Spectrometer/u_512_pt_FFT/u_SDF2_4_1/u_SDFCOMMUTATOR_4/clk
    SLICE_X55Y5          FDCE                                         r  u_Digital_Spectrometer/u_512_pt_FFT/u_SDF2_4_1/u_SDFCOMMUTATOR_4/SDFCummutator_wrData_re_reg_reg[3]/C
  -------------------------------------------------------------------    -------------------
    SLICE_X55Y5          FDCE (Prop_fdce_C_Q)         0.141     0.551 r  u_Digital_Spectrometer/u_512_pt_FFT/u_SDF2_4_1/u_SDFCOMMUTATOR_4/SDFCummutator_wrData_re_reg_reg[3]/Q
                         net (fo=1, routed)           0.108     0.659    u_Digital_Spectrometer/u_512_pt_FFT/u_SDF2_4_1/u_dataMEM_re_0_4/ram_reg_1[3]
    RAMB18_X3Y2          RAMB18E1                                     r  u_Digital_Spectrometer/u_512_pt_FFT/u_SDF2_4_1/u_dataMEM_re_0_4/ram_reg/DIADI[3]
  -------------------------------------------------------------------    -------------------

                         (clock MWCLK rise edge)      0.000     0.000 r  
                                                      0.000     0.000 r  clk (IN)
                         net (fo=29022, unset)        0.432     0.432    u_Digital_Spectrometer/u_512_pt_FFT/u_SDF2_4_1/u_dataMEM_re_0_4/clk
    RAMB18_X3Y2          RAMB18E1                                     r  u_Digital_Spectrometer/u_512_pt_FFT/u_SDF2_4_1/u_dataMEM_re_0_4/ram_reg/CLKBWRCLK
                         clock pessimism              0.000     0.432    
    RAMB18_X3Y2          RAMB18E1 (Hold_ramb18e1_CLKBWRCLK_DIADI[3])
                                                      0.155     0.587    u_Digital_Spectrometer/u_512_pt_FFT/u_SDF2_4_1/u_dataMEM_re_0_4/ram_reg
  -------------------------------------------------------------------
                         required time                         -0.587    
                         arrival time                           0.659    
  -------------------------------------------------------------------
                         slack                                  0.072    

Slack (MET) :             0.072ns  (arrival time - required time)
  Source:                 u_Digital_Spectrometer/u_512_pt_FFT/u_SDF1_7_1/u_SDFCOMMUTATOR_7/SDFCummutator_wrXData_im_reg_reg[8]/C
                            (rising edge-triggered cell FDCE clocked by MWCLK  {rise@0.000ns fall@8.333ns period=16.667ns})
  Destination:            u_Digital_Spectrometer/u_512_pt_FFT/u_SDF1_7_1/u_SDFCOMMUTATOR_7/u_dataXMEM_im_0_7/ram_reg_0_7_6_11/RAMB/I
                            (rising edge-triggered cell RAMD32 clocked by MWCLK  {rise@0.000ns fall@8.333ns period=16.667ns})
  Path Group:             MWCLK
  Path Type:              Hold (Min at Fast Process Corner)
  Requirement:            0.000ns  (MWCLK rise@0.000ns - MWCLK rise@0.000ns)
  Data Path Delay:        0.187ns  (logic 0.128ns (68.470%)  route 0.059ns (31.530%))
  Logic Levels:           0  
  Clock Path Skew:        0.022ns (DCD - SCD - CPR)
    Destination Clock Delay (DCD):    0.432ns
    Source Clock Delay      (SCD):    0.410ns
    Clock Pessimism Removal (CPR):    -0.000ns

    Location             Delay type                Incr(ns)  Path(ns)    Netlist Resource(s)
  -------------------------------------------------------------------    -------------------
                         (clock MWCLK rise edge)      0.000     0.000 r  
                                                      0.000     0.000 r  clk (IN)
                         net (fo=29022, unset)        0.410     0.410    u_Digital_Spectrometer/u_512_pt_FFT/u_SDF1_7_1/u_SDFCOMMUTATOR_7/clk
    SLICE_X39Y26         FDCE                                         r  u_Digital_Spectrometer/u_512_pt_FFT/u_SDF1_7_1/u_SDFCOMMUTATOR_7/SDFCummutator_wrXData_im_reg_reg[8]/C
  -------------------------------------------------------------------    -------------------
    SLICE_X39Y26         FDCE (Prop_fdce_C_Q)         0.128     0.538 r  u_Digital_Spectrometer/u_512_pt_FFT/u_SDF1_7_1/u_SDFCOMMUTATOR_7/SDFCummutator_wrXData_im_reg_reg[8]/Q
                         net (fo=1, routed)           0.059     0.597    u_Digital_Spectrometer/u_512_pt_FFT/u_SDF1_7_1/u_SDFCOMMUTATOR_7/u_dataXMEM_im_0_7/ram_reg_0_7_6_11/DIB0
    SLICE_X38Y26         RAMD32                                       r  u_Digital_Spectrometer/u_512_pt_FFT/u_SDF1_7_1/u_SDFCOMMUTATOR_7/u_dataXMEM_im_0_7/ram_reg_0_7_6_11/RAMB/I
  -------------------------------------------------------------------    -------------------

                         (clock MWCLK rise edge)      0.000     0.000 r  
                                                      0.000     0.000 r  clk (IN)
                         net (fo=29022, unset)        0.432     0.432    u_Digital_Spectrometer/u_512_pt_FFT/u_SDF1_7_1/u_SDFCOMMUTATOR_7/u_dataXMEM_im_0_7/ram_reg_0_7_6_11/WCLK
    SLICE_X38Y26         RAMD32                                       r  u_Digital_Spectrometer/u_512_pt_FFT/u_SDF1_7_1/u_SDFCOMMUTATOR_7/u_dataXMEM_im_0_7/ram_reg_0_7_6_11/RAMB/CLK
                         clock pessimism              0.000     0.432    
    SLICE_X38Y26         RAMD32 (Hold_ramd32_CLK_I)
                                                      0.093     0.525    u_Digital_Spectrometer/u_512_pt_FFT/u_SDF1_7_1/u_SDFCOMMUTATOR_7/u_dataXMEM_im_0_7/ram_reg_0_7_6_11/RAMB
  -------------------------------------------------------------------
                         required time                         -0.525    
                         arrival time                           0.597    
  -------------------------------------------------------------------
                         slack                                  0.072    

Slack (MET) :             0.072ns  (arrival time - required time)
  Source:                 u_Digital_Spectrometer/u_512_pt_FFT/u_SDF1_5_1/u_SDFCOMMUTATOR_5/SDFCummutator_wrAddr_reg_reg[1]/C
                            (rising edge-triggered cell FDCE clocked by MWCLK  {rise@0.000ns fall@8.333ns period=16.667ns})
  Destination:            u_Digital_Spectrometer/u_512_pt_FFT/u_SDF1_5_1/u_dataMEM_im_0_5/ram_reg_0_15_12_17/RAMA/WADR1
                            (rising edge-triggered cell RAMD32 clocked by MWCLK  {rise@0.000ns fall@8.333ns period=16.667ns})
  Path Group:             MWCLK
  Path Type:              Hold (Min at Fast Process Corner)
  Requirement:            0.000ns  (MWCLK rise@0.000ns - MWCLK rise@0.000ns)
  Data Path Delay:        0.403ns  (logic 0.141ns (34.989%)  route 0.262ns (65.011%))
  Logic Levels:           0  
  Clock Path Skew:        0.022ns (DCD - SCD - CPR)
    Destination Clock Delay (DCD):    0.432ns
    Source Clock Delay      (SCD):    0.410ns
    Clock Pessimism Removal (CPR):    -0.000ns

    Location             Delay type                Incr(ns)  Path(ns)    Netlist Resource(s)
  -------------------------------------------------------------------    -------------------
                         (clock MWCLK rise edge)      0.000     0.000 r  
                                                      0.000     0.000 r  clk (IN)
                         net (fo=29022, unset)        0.410     0.410    u_Digital_Spectrometer/u_512_pt_FFT/u_SDF1_5_1/u_SDFCOMMUTATOR_5/clk
    SLICE_X40Y16         FDCE                                         r  u_Digital_Spectrometer/u_512_pt_FFT/u_SDF1_5_1/u_SDFCOMMUTATOR_5/SDFCummutator_wrAddr_reg_reg[1]/C
  -------------------------------------------------------------------    -------------------
    SLICE_X40Y16         FDCE (Prop_fdce_C_Q)         0.141     0.551 r  u_Digital_Spectrometer/u_512_pt_FFT/u_SDF1_5_1/u_SDFCOMMUTATOR_5/SDFCummutator_wrAddr_reg_reg[1]/Q
                         net (fo=67, routed)          0.262     0.813    u_Digital_Spectrometer/u_512_pt_FFT/u_SDF1_5_1/u_dataMEM_im_0_5/ram_reg_0_15_12_17/ADDRD1
    SLICE_X42Y15         RAMD32                                       r  u_Digital_Spectrometer/u_512_pt_FFT/u_SDF1_5_1/u_dataMEM_im_0_5/ram_reg_0_15_12_17/RAMA/WADR1
  -------------------------------------------------------------------    -------------------

                         (clock MWCLK rise edge)      0.000     0.000 r  
                                                      0.000     0.000 r  clk (IN)
                         net (fo=29022, unset)        0.432     0.432    u_Digital_Spectrometer/u_512_pt_FFT/u_SDF1_5_1/u_dataMEM_im_0_5/ram_reg_0_15_12_17/WCLK
    SLICE_X42Y15         RAMD32                                       r  u_Digital_Spectrometer/u_512_pt_FFT/u_SDF1_5_1/u_dataMEM_im_0_5/ram_reg_0_15_12_17/RAMA/CLK
                         clock pessimism              0.000     0.432    
    SLICE_X42Y15         RAMD32 (Hold_ramd32_CLK_WADR1)
                                                      0.309     0.741    u_Digital_Spectrometer/u_512_pt_FFT/u_SDF1_5_1/u_dataMEM_im_0_5/ram_reg_0_15_12_17/RAMA
  -------------------------------------------------------------------
                         required time                         -0.741    
                         arrival time                           0.813    
  -------------------------------------------------------------------
                         slack                                  0.072    

Slack (MET) :             0.072ns  (arrival time - required time)
  Source:                 u_Digital_Spectrometer/u_512_pt_FFT/u_SDF1_5_1/u_SDFCOMMUTATOR_5/SDFCummutator_wrAddr_reg_reg[1]/C
                            (rising edge-triggered cell FDCE clocked by MWCLK  {rise@0.000ns fall@8.333ns period=16.667ns})
  Destination:            u_Digital_Spectrometer/u_512_pt_FFT/u_SDF1_5_1/u_dataMEM_im_0_5/ram_reg_0_15_12_17/RAMA_D1/WADR1
                            (rising edge-triggered cell RAMD32 clocked by MWCLK  {rise@0.000ns fall@8.333ns period=16.667ns})
  Path Group:             MWCLK
  Path Type:              Hold (Min at Fast Process Corner)
  Requirement:            0.000ns  (MWCLK rise@0.000ns - MWCLK rise@0.000ns)
  Data Path Delay:        0.403ns  (logic 0.141ns (34.989%)  route 0.262ns (65.011%))
  Logic Levels:           0  
  Clock Path Skew:        0.022ns (DCD - SCD - CPR)
    Destination Clock Delay (DCD):    0.432ns
    Source Clock Delay      (SCD):    0.410ns
    Clock Pessimism Removal (CPR):    -0.000ns

    Location             Delay type                Incr(ns)  Path(ns)    Netlist Resource(s)
  -------------------------------------------------------------------    -------------------
                         (clock MWCLK rise edge)      0.000     0.000 r  
                                                      0.000     0.000 r  clk (IN)
                         net (fo=29022, unset)        0.410     0.410    u_Digital_Spectrometer/u_512_pt_FFT/u_SDF1_5_1/u_SDFCOMMUTATOR_5/clk
    SLICE_X40Y16         FDCE                                         r  u_Digital_Spectrometer/u_512_pt_FFT/u_SDF1_5_1/u_SDFCOMMUTATOR_5/SDFCummutator_wrAddr_reg_reg[1]/C
  -------------------------------------------------------------------    -------------------
    SLICE_X40Y16         FDCE (Prop_fdce_C_Q)         0.141     0.551 r  u_Digital_Spectrometer/u_512_pt_FFT/u_SDF1_5_1/u_SDFCOMMUTATOR_5/SDFCummutator_wrAddr_reg_reg[1]/Q
                         net (fo=67, routed)          0.262     0.813    u_Digital_Spectrometer/u_512_pt_FFT/u_SDF1_5_1/u_dataMEM_im_0_5/ram_reg_0_15_12_17/ADDRD1
    SLICE_X42Y15         RAMD32                                       r  u_Digital_Spectrometer/u_512_pt_FFT/u_SDF1_5_1/u_dataMEM_im_0_5/ram_reg_0_15_12_17/RAMA_D1/WADR1
  -------------------------------------------------------------------    -------------------

                         (clock MWCLK rise edge)      0.000     0.000 r  
                                                      0.000     0.000 r  clk (IN)
                         net (fo=29022, unset)        0.432     0.432    u_Digital_Spectrometer/u_512_pt_FFT/u_SDF1_5_1/u_dataMEM_im_0_5/ram_reg_0_15_12_17/WCLK
    SLICE_X42Y15         RAMD32                                       r  u_Digital_Spectrometer/u_512_pt_FFT/u_SDF1_5_1/u_dataMEM_im_0_5/ram_reg_0_15_12_17/RAMA_D1/CLK
                         clock pessimism              0.000     0.432    
    SLICE_X42Y15         RAMD32 (Hold_ramd32_CLK_WADR1)
                                                      0.309     0.741    u_Digital_Spectrometer/u_512_pt_FFT/u_SDF1_5_1/u_dataMEM_im_0_5/ram_reg_0_15_12_17/RAMA_D1
  -------------------------------------------------------------------
                         required time                         -0.741    
                         arrival time                           0.813    
  -------------------------------------------------------------------
                         slack                                  0.072    





Pulse Width Checks
--------------------------------------------------------------------------------------
Clock Name:         MWCLK
Waveform(ns):       { 0.000 8.333 }
Period(ns):         16.667
Sources:            { clk }

Check Type        Corner  Lib Pin             Reference Pin  Required(ns)  Actual(ns)  Slack(ns)  Location      Pin
Min Period        n/a     RAMB18E1/CLKARDCLK  n/a            2.944         16.667      13.723     RAMB18_X0Y2   u_Digital_Spectrometer/u_512_pt_FFT/u_NaturalOrder_Stage/u_dataMEM_im_1/ram_reg/CLKARDCLK
Min Period        n/a     RAMB18E1/CLKBWRCLK  n/a            2.944         16.667      13.723     RAMB18_X0Y2   u_Digital_Spectrometer/u_512_pt_FFT/u_NaturalOrder_Stage/u_dataMEM_im_1/ram_reg/CLKBWRCLK
Min Period        n/a     RAMB18E1/CLKARDCLK  n/a            2.944         16.667      13.723     RAMB18_X0Y3   u_Digital_Spectrometer/u_512_pt_FFT/u_NaturalOrder_Stage/u_dataMEM_re_1/ram_reg/CLKARDCLK
Min Period        n/a     RAMB18E1/CLKBWRCLK  n/a            2.944         16.667      13.723     RAMB18_X0Y3   u_Digital_Spectrometer/u_512_pt_FFT/u_NaturalOrder_Stage/u_dataMEM_re_1/ram_reg/CLKBWRCLK
Min Period        n/a     RAMB18E1/CLKARDCLK  n/a            2.944         16.667      13.723     RAMB18_X3Y5   u_Digital_Spectrometer/u_512_pt_FFT/u_SDF1_1_1/u_dataMEM_re_0_1_generic/ram_reg/CLKARDCLK
Min Period        n/a     RAMB18E1/CLKARDCLK  n/a            2.944         16.667      13.723     RAMB18_X3Y10  u_Digital_Spectrometer/u_512_pt_FFT/u_SDF1_3_1/u_dataMEM_im_0_3/ram_reg/CLKARDCLK
Min Period        n/a     RAMB18E1/CLKBWRCLK  n/a            2.944         16.667      13.723     RAMB18_X3Y10  u_Digital_Spectrometer/u_512_pt_FFT/u_SDF1_3_1/u_dataMEM_im_0_3/ram_reg/CLKBWRCLK
Min Period        n/a     RAMB18E1/CLKARDCLK  n/a            2.944         16.667      13.723     RAMB18_X3Y11  u_Digital_Spectrometer/u_512_pt_FFT/u_SDF1_3_1/u_dataMEM_re_0_3/ram_reg/CLKARDCLK
Min Period        n/a     RAMB18E1/CLKBWRCLK  n/a            2.944         16.667      13.723     RAMB18_X3Y11  u_Digital_Spectrometer/u_512_pt_FFT/u_SDF1_3_1/u_dataMEM_re_0_3/ram_reg/CLKBWRCLK
Min Period        n/a     RAMB18E1/CLKARDCLK  n/a            2.944         16.667      13.723     RAMB18_X3Y7   u_Digital_Spectrometer/u_512_pt_FFT/u_SDF2_2_1/u_dataMEM_im_0_2/ram_reg/CLKARDCLK
Low Pulse Width   Slow    RAMS32/CLK          n/a            1.250         8.334       7.084      SLICE_X8Y3    u_Digital_Spectrometer/u_512_pt_FFT/u_RADIX2/u_SDFCOMMUTATOR_9/u_dataXMEM_im_0_9/ram_reg_0_7_0_0/SP/CLK
Low Pulse Width   Fast    RAMS32/CLK          n/a            1.250         8.334       7.084      SLICE_X8Y3    u_Digital_Spectrometer/u_512_pt_FFT/u_RADIX2/u_SDFCOMMUTATOR_9/u_dataXMEM_im_0_9/ram_reg_0_7_0_0/SP/CLK
Low Pulse Width   Slow    RAMS32/CLK          n/a            1.250         8.334       7.084      SLICE_X8Y3    u_Digital_Spectrometer/u_512_pt_FFT/u_RADIX2/u_SDFCOMMUTATOR_9/u_dataXMEM_im_0_9/ram_reg_0_7_10_10/SP/CLK
Low Pulse Width   Fast    RAMS32/CLK          n/a            1.250         8.334       7.084      SLICE_X8Y3    u_Digital_Spectrometer/u_512_pt_FFT/u_RADIX2/u_SDFCOMMUTATOR_9/u_dataXMEM_im_0_9/ram_reg_0_7_10_10/SP/CLK
Low Pulse Width   Slow    RAMS32/CLK          n/a            1.250         8.334       7.084      SLICE_X8Y3    u_Digital_Spectrometer/u_512_pt_FFT/u_RADIX2/u_SDFCOMMUTATOR_9/u_dataXMEM_im_0_9/ram_reg_0_7_11_11/SP/CLK
Low Pulse Width   Fast    RAMS32/CLK          n/a            1.250         8.334       7.084      SLICE_X8Y3    u_Digital_Spectrometer/u_512_pt_FFT/u_RADIX2/u_SDFCOMMUTATOR_9/u_dataXMEM_im_0_9/ram_reg_0_7_11_11/SP/CLK
Low Pulse Width   Slow    RAMS32/CLK          n/a            1.250         8.334       7.084      SLICE_X8Y3    u_Digital_Spectrometer/u_512_pt_FFT/u_RADIX2/u_SDFCOMMUTATOR_9/u_dataXMEM_im_0_9/ram_reg_0_7_12_12/SP/CLK
Low Pulse Width   Fast    RAMS32/CLK          n/a            1.250         8.334       7.084      SLICE_X8Y3    u_Digital_Spectrometer/u_512_pt_FFT/u_RADIX2/u_SDFCOMMUTATOR_9/u_dataXMEM_im_0_9/ram_reg_0_7_12_12/SP/CLK
Low Pulse Width   Slow    RAMS32/CLK          n/a            1.250         8.334       7.084      SLICE_X10Y3   u_Digital_Spectrometer/u_512_pt_FFT/u_RADIX2/u_SDFCOMMUTATOR_9/u_dataXMEM_im_0_9/ram_reg_0_7_13_13/SP/CLK
Low Pulse Width   Fast    RAMS32/CLK          n/a            1.250         8.334       7.084      SLICE_X10Y3   u_Digital_Spectrometer/u_512_pt_FFT/u_RADIX2/u_SDFCOMMUTATOR_9/u_dataXMEM_im_0_9/ram_reg_0_7_13_13/SP/CLK
High Pulse Width  Slow    RAMS32/CLK          n/a            1.250         8.334       7.084      SLICE_X8Y3    u_Digital_Spectrometer/u_512_pt_FFT/u_RADIX2/u_SDFCOMMUTATOR_9/u_dataXMEM_im_0_9/ram_reg_0_7_0_0/SP/CLK
High Pulse Width  Fast    RAMS32/CLK          n/a            1.250         8.334       7.084      SLICE_X8Y3    u_Digital_Spectrometer/u_512_pt_FFT/u_RADIX2/u_SDFCOMMUTATOR_9/u_dataXMEM_im_0_9/ram_reg_0_7_0_0/SP/CLK
High Pulse Width  Slow    RAMS32/CLK          n/a            1.250         8.334       7.084      SLICE_X8Y3    u_Digital_Spectrometer/u_512_pt_FFT/u_RADIX2/u_SDFCOMMUTATOR_9/u_dataXMEM_im_0_9/ram_reg_0_7_10_10/SP/CLK
High Pulse Width  Fast    RAMS32/CLK          n/a            1.250         8.334       7.084      SLICE_X8Y3    u_Digital_Spectrometer/u_512_pt_FFT/u_RADIX2/u_SDFCOMMUTATOR_9/u_dataXMEM_im_0_9/ram_reg_0_7_10_10/SP/CLK
High Pulse Width  Slow    RAMS32/CLK          n/a            1.250         8.334       7.084      SLICE_X8Y3    u_Digital_Spectrometer/u_512_pt_FFT/u_RADIX2/u_SDFCOMMUTATOR_9/u_dataXMEM_im_0_9/ram_reg_0_7_11_11/SP/CLK
High Pulse Width  Fast    RAMS32/CLK          n/a            1.250         8.334       7.084      SLICE_X8Y3    u_Digital_Spectrometer/u_512_pt_FFT/u_RADIX2/u_SDFCOMMUTATOR_9/u_dataXMEM_im_0_9/ram_reg_0_7_11_11/SP/CLK
High Pulse Width  Slow    RAMS32/CLK          n/a            1.250         8.334       7.084      SLICE_X8Y3    u_Digital_Spectrometer/u_512_pt_FFT/u_RADIX2/u_SDFCOMMUTATOR_9/u_dataXMEM_im_0_9/ram_reg_0_7_12_12/SP/CLK
High Pulse Width  Fast    RAMS32/CLK          n/a            1.250         8.334       7.084      SLICE_X8Y3    u_Digital_Spectrometer/u_512_pt_FFT/u_RADIX2/u_SDFCOMMUTATOR_9/u_dataXMEM_im_0_9/ram_reg_0_7_12_12/SP/CLK
High Pulse Width  Slow    RAMS32/CLK          n/a            1.250         8.334       7.084      SLICE_X10Y3   u_Digital_Spectrometer/u_512_pt_FFT/u_RADIX2/u_SDFCOMMUTATOR_9/u_dataXMEM_im_0_9/ram_reg_0_7_13_13/SP/CLK
High Pulse Width  Fast    RAMS32/CLK          n/a            1.250         8.334       7.084      SLICE_X10Y3   u_Digital_Spectrometer/u_512_pt_FFT/u_RADIX2/u_SDFCOMMUTATOR_9/u_dataXMEM_im_0_9/ram_reg_0_7_13_13/SP/CLK



--------------------------------------------------------------------------------------
Path Group:  (none)
From Clock:  
  To Clock:  

Max Delay             1 Endpoint
Min Delay             1 Endpoint
--------------------------------------------------------------------------------------


Max Delay Paths
--------------------------------------------------------------------------------------
Slack:                    inf
  Source:                 clk_enable
                            (input port)
  Destination:            ce_out
                            (output port)
  Path Group:             (none)
  Path Type:              Max at Slow Process Corner
  Data Path Delay:        2.096ns  (logic 0.150ns (7.156%)  route 1.946ns (92.844%))
  Logic Levels:           1  (LUT2=1)

    Location             Delay type                Incr(ns)  Path(ns)    Netlist Resource(s)
  -------------------------------------------------------------------    -------------------
                                                      0.000     0.000 r  clk_enable (IN)
                         net (fo=546, unset)          0.973     0.973    u_Digital_Spectrometer_from_Chirp_DDC_tc/clk_enable
    SLICE_X101Y18        LUT2 (Prop_lut2_I1_O)        0.150     1.123 r  u_Digital_Spectrometer_from_Chirp_DDC_tc/ce_out_INST_0/O
                         net (fo=17, unset)           0.973     2.096    ce_out
                                                                      r  ce_out (OUT)
  -------------------------------------------------------------------    -------------------





Min Delay Paths
--------------------------------------------------------------------------------------
Slack:                    inf
  Source:                 clk_enable
                            (input port)
  Destination:            ce_out
                            (output port)
  Path Group:             (none)
  Path Type:              Min at Fast Process Corner
  Data Path Delay:        0.865ns  (logic 0.045ns (5.201%)  route 0.820ns (94.799%))
  Logic Levels:           1  (LUT2=1)

    Location             Delay type                Incr(ns)  Path(ns)    Netlist Resource(s)
  -------------------------------------------------------------------    -------------------
                                                      0.000     0.000 r  clk_enable (IN)
                         net (fo=546, unset)          0.410     0.410    u_Digital_Spectrometer_from_Chirp_DDC_tc/clk_enable
    SLICE_X101Y18        LUT2 (Prop_lut2_I1_O)        0.045     0.455 r  u_Digital_Spectrometer_from_Chirp_DDC_tc/ce_out_INST_0/O
                         net (fo=17, unset)           0.410     0.865    ce_out
                                                                      r  ce_out (OUT)
  -------------------------------------------------------------------    -------------------





--------------------------------------------------------------------------------------
Path Group:  (none)
From Clock:  MWCLK
  To Clock:  

Max Delay            61 Endpoints
Min Delay            61 Endpoints
--------------------------------------------------------------------------------------


Max Delay Paths
--------------------------------------------------------------------------------------
Slack:                    inf
  Source:                 u_Digital_Spectrometer/u_Spectral_Averager/u_Simple_Dual_Port_RAM/ram_reg_1/CLKBWRCLK
                            (rising edge-triggered cell RAMB36E1 clocked by MWCLK  {rise@0.000ns fall@8.333ns period=16.667ns})
  Destination:            avg_out[29]
                            (output port)
  Path Group:             (none)
  Path Type:              Max at Slow Process Corner
  Data Path Delay:        9.606ns  (logic 5.293ns (55.100%)  route 4.313ns (44.900%))
  Logic Levels:           14  (CARRY4=12 LUT2=2)
  Clock Uncertainty:      0.025ns  ((TSJ^2 + TIJ^2)^1/2 + DJ) / 2 + PE
    Total System Jitter     (TSJ):    0.050ns
    Total Input Jitter      (TIJ):    0.000ns
    Discrete Jitter          (DJ):    0.000ns
    Phase Error              (PE):    0.000ns

    Location             Delay type                Incr(ns)  Path(ns)    Netlist Resource(s)
  -------------------------------------------------------------------    -------------------
                         (clock MWCLK rise edge)      0.000     0.000 r  
                                                      0.000     0.000 r  clk (IN)
                         net (fo=29022, unset)        0.973     0.973    u_Digital_Spectrometer/u_Spectral_Averager/u_Simple_Dual_Port_RAM/clk
    RAMB36_X0Y3          RAMB36E1                                     r  u_Digital_Spectrometer/u_Spectral_Averager/u_Simple_Dual_Port_RAM/ram_reg_1/CLKBWRCLK
  -------------------------------------------------------------------    -------------------
    RAMB36_X0Y3          RAMB36E1 (Prop_ramb36e1_CLKBWRCLK_DOBDO[0])
                                                      2.454     3.427 r  u_Digital_Spectrometer/u_Spectral_Averager/u_Simple_Dual_Port_RAM/ram_reg_1/DOBDO[0]
                         net (fo=1, routed)           1.830     5.257    u_Digital_Spectrometer/u_Spectral_Averager/u_Simple_Dual_Port_RAM/Simple_Dual_Port_RAM_out1[2]
    SLICE_X25Y20         LUT2 (Prop_lut2_I1_O)        0.124     5.381 r  u_Digital_Spectrometer/u_Spectral_Averager/u_Simple_Dual_Port_RAM/avg_out[0]_INST_0_i_17/O
                         net (fo=1, routed)           0.000     5.381    u_Digital_Spectrometer/u_Spectral_Averager/u_Simple_Dual_Port_RAM/avg_out[0]_INST_0_i_17_n_0
    SLICE_X25Y20         CARRY4 (Prop_carry4_S[2]_CO[3])
                                                      0.398     5.779 r  u_Digital_Spectrometer/u_Spectral_Averager/u_Simple_Dual_Port_RAM/avg_out[0]_INST_0_i_11/CO[3]
                         net (fo=1, routed)           0.000     5.779    u_Digital_Spectrometer/u_Spectral_Averager/u_Simple_Dual_Port_RAM/avg_out[0]_INST_0_i_11_n_0
    SLICE_X25Y21         CARRY4 (Prop_carry4_CI_CO[3])
                                                      0.114     5.893 r  u_Digital_Spectrometer/u_Spectral_Averager/u_Simple_Dual_Port_RAM/avg_out[0]_INST_0_i_6/CO[3]
                         net (fo=1, routed)           0.000     5.893    u_Digital_Spectrometer/u_Spectral_Averager/u_Simple_Dual_Port_RAM/avg_out[0]_INST_0_i_6_n_0
    SLICE_X25Y22         CARRY4 (Prop_carry4_CI_CO[3])
                                                      0.114     6.007 r  u_Digital_Spectrometer/u_Spectral_Averager/u_Simple_Dual_Port_RAM/avg_out[0]_INST_0_i_5/CO[3]
                         net (fo=1, routed)           0.000     6.007    u_Digital_Spectrometer/u_Spectral_Averager/u_Simple_Dual_Port_RAM/avg_out[0]_INST_0_i_5_n_0
    SLICE_X25Y23         CARRY4 (Prop_carry4_CI_CO[3])
                                                      0.114     6.121 r  u_Digital_Spectrometer/u_Spectral_Averager/u_Simple_Dual_Port_RAM/avg_out[4]_INST_0_i_5/CO[3]
                         net (fo=1, routed)           0.000     6.121    u_Digital_Spectrometer/u_Spectral_Averager/u_Simple_Dual_Port_RAM/avg_out[4]_INST_0_i_5_n_0
    SLICE_X25Y24         CARRY4 (Prop_carry4_CI_CO[3])
                                                      0.114     6.235 r  u_Digital_Spectrometer/u_Spectral_Averager/u_Simple_Dual_Port_RAM/avg_out[12]_INST_0_i_7/CO[3]
                         net (fo=1, routed)           0.009     6.244    u_Digital_Spectrometer/u_Spectral_Averager/u_Simple_Dual_Port_RAM/avg_out[12]_INST_0_i_7_n_0
    SLICE_X25Y25         CARRY4 (Prop_carry4_CI_O[0])
                                                      0.222     6.466 r  u_Digital_Spectrometer/u_Spectral_Averager/u_Simple_Dual_Port_RAM/avg_out[12]_INST_0_i_2/O[0]
                         net (fo=1, routed)           1.501     7.967    u_Digital_Spectrometer/u_Spectral_Averager/u_Simple_Dual_Port_RAM/RESIZE[9]
    SLICE_X15Y17         LUT2 (Prop_lut2_I1_O)        0.299     8.266 r  u_Digital_Spectrometer/u_Spectral_Averager/u_Simple_Dual_Port_RAM/avg_out[8]_INST_0_i_3/O
                         net (fo=1, routed)           0.000     8.266    u_Digital_Spectrometer/u_Spectral_Averager/u_Simple_Dual_Port_RAM/avg_out[8]_INST_0_i_3_n_0
    SLICE_X15Y17         CARRY4 (Prop_carry4_S[1]_CO[3])
                                                      0.550     8.816 r  u_Digital_Spectrometer/u_Spectral_Averager/u_Simple_Dual_Port_RAM/avg_out[8]_INST_0/CO[3]
                         net (fo=1, routed)           0.000     8.816    u_Digital_Spectrometer/u_Spectral_Averager/u_Simple_Dual_Port_RAM/avg_out[8]_INST_0_n_0
    SLICE_X15Y18         CARRY4 (Prop_carry4_CI_CO[3])
                                                      0.114     8.930 r  u_Digital_Spectrometer/u_Spectral_Averager/u_Simple_Dual_Port_RAM/avg_out[12]_INST_0/CO[3]
                         net (fo=1, routed)           0.000     8.930    u_Digital_Spectrometer/u_Spectral_Averager/u_Simple_Dual_Port_RAM/avg_out[12]_INST_0_n_0
    SLICE_X15Y19         CARRY4 (Prop_carry4_CI_CO[3])
                                                      0.114     9.044 r  u_Digital_Spectrometer/u_Spectral_Averager/u_Simple_Dual_Port_RAM/avg_out[16]_INST_0/CO[3]
                         net (fo=1, routed)           0.000     9.044    u_Digital_Spectrometer/u_Spectral_Averager/u_Simple_Dual_Port_RAM/avg_out[16]_INST_0_n_0
    SLICE_X15Y20         CARRY4 (Prop_carry4_CI_CO[3])
                                                      0.114     9.158 r  u_Digital_Spectrometer/u_Spectral_Averager/u_Simple_Dual_Port_RAM/avg_out[20]_INST_0/CO[3]
                         net (fo=1, routed)           0.000     9.158    u_Digital_Spectrometer/u_Spectral_Averager/u_Simple_Dual_Port_RAM/avg_out[20]_INST_0_n_0
    SLICE_X15Y21         CARRY4 (Prop_carry4_CI_CO[3])
                                                      0.114     9.272 r  u_Digital_Spectrometer/u_Spectral_Averager/u_Simple_Dual_Port_RAM/avg_out[24]_INST_0/CO[3]
                         net (fo=1, routed)           0.000     9.272    u_Digital_Spectrometer/u_Spectral_Averager/u_Simple_Dual_Port_RAM/avg_out[24]_INST_0_n_0
    SLICE_X15Y22         CARRY4 (Prop_carry4_CI_O[1])
                                                      0.334     9.606 r  u_Digital_Spectrometer/u_Spectral_Averager/u_Simple_Dual_Port_RAM/avg_out[28]_INST_0/O[1]
                         net (fo=1, unset)            0.973    10.579    avg_out[29]
                                                                      r  avg_out[29] (OUT)
  -------------------------------------------------------------------    -------------------

Slack:                    inf
  Source:                 u_Digital_Spectrometer/u_Spectral_Averager/u_Simple_Dual_Port_RAM/ram_reg_1/CLKBWRCLK
                            (rising edge-triggered cell RAMB36E1 clocked by MWCLK  {rise@0.000ns fall@8.333ns period=16.667ns})
  Destination:            avg_out[31]
                            (output port)
  Path Group:             (none)
  Path Type:              Max at Slow Process Corner
  Data Path Delay:        9.585ns  (logic 5.272ns (55.002%)  route 4.313ns (44.998%))
  Logic Levels:           14  (CARRY4=12 LUT2=2)
  Clock Uncertainty:      0.025ns  ((TSJ^2 + TIJ^2)^1/2 + DJ) / 2 + PE
    Total System Jitter     (TSJ):    0.050ns
    Total Input Jitter      (TIJ):    0.000ns
    Discrete Jitter          (DJ):    0.000ns
    Phase Error              (PE):    0.000ns

    Location             Delay type                Incr(ns)  Path(ns)    Netlist Resource(s)
  -------------------------------------------------------------------    -------------------
                         (clock MWCLK rise edge)      0.000     0.000 r  
                                                      0.000     0.000 r  clk (IN)
                         net (fo=29022, unset)        0.973     0.973    u_Digital_Spectrometer/u_Spectral_Averager/u_Simple_Dual_Port_RAM/clk
    RAMB36_X0Y3          RAMB36E1                                     r  u_Digital_Spectrometer/u_Spectral_Averager/u_Simple_Dual_Port_RAM/ram_reg_1/CLKBWRCLK
  -------------------------------------------------------------------    -------------------
    RAMB36_X0Y3          RAMB36E1 (Prop_ramb36e1_CLKBWRCLK_DOBDO[0])
                                                      2.454     3.427 r  u_Digital_Spectrometer/u_Spectral_Averager/u_Simple_Dual_Port_RAM/ram_reg_1/DOBDO[0]
                         net (fo=1, routed)           1.830     5.257    u_Digital_Spectrometer/u_Spectral_Averager/u_Simple_Dual_Port_RAM/Simple_Dual_Port_RAM_out1[2]
    SLICE_X25Y20         LUT2 (Prop_lut2_I1_O)        0.124     5.381 r  u_Digital_Spectrometer/u_Spectral_Averager/u_Simple_Dual_Port_RAM/avg_out[0]_INST_0_i_17/O
                         net (fo=1, routed)           0.000     5.381    u_Digital_Spectrometer/u_Spectral_Averager/u_Simple_Dual_Port_RAM/avg_out[0]_INST_0_i_17_n_0
    SLICE_X25Y20         CARRY4 (Prop_carry4_S[2]_CO[3])
                                                      0.398     5.779 r  u_Digital_Spectrometer/u_Spectral_Averager/u_Simple_Dual_Port_RAM/avg_out[0]_INST_0_i_11/CO[3]
                         net (fo=1, routed)           0.000     5.779    u_Digital_Spectrometer/u_Spectral_Averager/u_Simple_Dual_Port_RAM/avg_out[0]_INST_0_i_11_n_0
    SLICE_X25Y21         CARRY4 (Prop_carry4_CI_CO[3])
                                                      0.114     5.893 r  u_Digital_Spectrometer/u_Spectral_Averager/u_Simple_Dual_Port_RAM/avg_out[0]_INST_0_i_6/CO[3]
                         net (fo=1, routed)           0.000     5.893    u_Digital_Spectrometer/u_Spectral_Averager/u_Simple_Dual_Port_RAM/avg_out[0]_INST_0_i_6_n_0
    SLICE_X25Y22         CARRY4 (Prop_carry4_CI_CO[3])
                                                      0.114     6.007 r  u_Digital_Spectrometer/u_Spectral_Averager/u_Simple_Dual_Port_RAM/avg_out[0]_INST_0_i_5/CO[3]
                         net (fo=1, routed)           0.000     6.007    u_Digital_Spectrometer/u_Spectral_Averager/u_Simple_Dual_Port_RAM/avg_out[0]_INST_0_i_5_n_0
    SLICE_X25Y23         CARRY4 (Prop_carry4_CI_CO[3])
                                                      0.114     6.121 r  u_Digital_Spectrometer/u_Spectral_Averager/u_Simple_Dual_Port_RAM/avg_out[4]_INST_0_i_5/CO[3]
                         net (fo=1, routed)           0.000     6.121    u_Digital_Spectrometer/u_Spectral_Averager/u_Simple_Dual_Port_RAM/avg_out[4]_INST_0_i_5_n_0
    SLICE_X25Y24         CARRY4 (Prop_carry4_CI_CO[3])
                                                      0.114     6.235 r  u_Digital_Spectrometer/u_Spectral_Averager/u_Simple_Dual_Port_RAM/avg_out[12]_INST_0_i_7/CO[3]
                         net (fo=1, routed)           0.009     6.244    u_Digital_Spectrometer/u_Spectral_Averager/u_Simple_Dual_Port_RAM/avg_out[12]_INST_0_i_7_n_0
    SLICE_X25Y25         CARRY4 (Prop_carry4_CI_O[0])
                                                      0.222     6.466 r  u_Digital_Spectrometer/u_Spectral_Averager/u_Simple_Dual_Port_RAM/avg_out[12]_INST_0_i_2/O[0]
                         net (fo=1, routed)           1.501     7.967    u_Digital_Spectrometer/u_Spectral_Averager/u_Simple_Dual_Port_RAM/RESIZE[9]
    SLICE_X15Y17         LUT2 (Prop_lut2_I1_O)        0.299     8.266 r  u_Digital_Spectrometer/u_Spectral_Averager/u_Simple_Dual_Port_RAM/avg_out[8]_INST_0_i_3/O
                         net (fo=1, routed)           0.000     8.266    u_Digital_Spectrometer/u_Spectral_Averager/u_Simple_Dual_Port_RAM/avg_out[8]_INST_0_i_3_n_0
    SLICE_X15Y17         CARRY4 (Prop_carry4_S[1]_CO[3])
                                                      0.550     8.816 r  u_Digital_Spectrometer/u_Spectral_Averager/u_Simple_Dual_Port_RAM/avg_out[8]_INST_0/CO[3]
                         net (fo=1, routed)           0.000     8.816    u_Digital_Spectrometer/u_Spectral_Averager/u_Simple_Dual_Port_RAM/avg_out[8]_INST_0_n_0
    SLICE_X15Y18         CARRY4 (Prop_carry4_CI_CO[3])
                                                      0.114     8.930 r  u_Digital_Spectrometer/u_Spectral_Averager/u_Simple_Dual_Port_RAM/avg_out[12]_INST_0/CO[3]
                         net (fo=1, routed)           0.000     8.930    u_Digital_Spectrometer/u_Spectral_Averager/u_Simple_Dual_Port_RAM/avg_out[12]_INST_0_n_0
    SLICE_X15Y19         CARRY4 (Prop_carry4_CI_CO[3])
                                                      0.114     9.044 r  u_Digital_Spectrometer/u_Spectral_Averager/u_Simple_Dual_Port_RAM/avg_out[16]_INST_0/CO[3]
                         net (fo=1, routed)           0.000     9.044    u_Digital_Spectrometer/u_Spectral_Averager/u_Simple_Dual_Port_RAM/avg_out[16]_INST_0_n_0
    SLICE_X15Y20         CARRY4 (Prop_carry4_CI_CO[3])
                                                      0.114     9.158 r  u_Digital_Spectrometer/u_Spectral_Averager/u_Simple_Dual_Port_RAM/avg_out[20]_INST_0/CO[3]
                         net (fo=1, routed)           0.000     9.158    u_Digital_Spectrometer/u_Spectral_Averager/u_Simple_Dual_Port_RAM/avg_out[20]_INST_0_n_0
    SLICE_X15Y21         CARRY4 (Prop_carry4_CI_CO[3])
                                                      0.114     9.272 r  u_Digital_Spectrometer/u_Spectral_Averager/u_Simple_Dual_Port_RAM/avg_out[24]_INST_0/CO[3]
                         net (fo=1, routed)           0.000     9.272    u_Digital_Spectrometer/u_Spectral_Averager/u_Simple_Dual_Port_RAM/avg_out[24]_INST_0_n_0
    SLICE_X15Y22         CARRY4 (Prop_carry4_CI_O[3])
                                                      0.313     9.585 r  u_Digital_Spectrometer/u_Spectral_Averager/u_Simple_Dual_Port_RAM/avg_out[28]_INST_0/O[3]
                         net (fo=1, unset)            0.973    10.558    avg_out[31]
                                                                      r  avg_out[31] (OUT)
  -------------------------------------------------------------------    -------------------

Slack:                    inf
  Source:                 u_Digital_Spectrometer/u_Spectral_Averager/u_Simple_Dual_Port_RAM/ram_reg_1/CLKBWRCLK
                            (rising edge-triggered cell RAMB36E1 clocked by MWCLK  {rise@0.000ns fall@8.333ns period=16.667ns})
  Destination:            avg_out[30]
                            (output port)
  Path Group:             (none)
  Path Type:              Max at Slow Process Corner
  Data Path Delay:        9.511ns  (logic 5.198ns (54.652%)  route 4.313ns (45.348%))
  Logic Levels:           14  (CARRY4=12 LUT2=2)
  Clock Uncertainty:      0.025ns  ((TSJ^2 + TIJ^2)^1/2 + DJ) / 2 + PE
    Total System Jitter     (TSJ):    0.050ns
    Total Input Jitter      (TIJ):    0.000ns
    Discrete Jitter          (DJ):    0.000ns
    Phase Error              (PE):    0.000ns

    Location             Delay type                Incr(ns)  Path(ns)    Netlist Resource(s)
  -------------------------------------------------------------------    -------------------
                         (clock MWCLK rise edge)      0.000     0.000 r  
                                                      0.000     0.000 r  clk (IN)
                         net (fo=29022, unset)        0.973     0.973    u_Digital_Spectrometer/u_Spectral_Averager/u_Simple_Dual_Port_RAM/clk
    RAMB36_X0Y3          RAMB36E1                                     r  u_Digital_Spectrometer/u_Spectral_Averager/u_Simple_Dual_Port_RAM/ram_reg_1/CLKBWRCLK
  -------------------------------------------------------------------    -------------------
    RAMB36_X0Y3          RAMB36E1 (Prop_ramb36e1_CLKBWRCLK_DOBDO[0])
                                                      2.454     3.427 r  u_Digital_Spectrometer/u_Spectral_Averager/u_Simple_Dual_Port_RAM/ram_reg_1/DOBDO[0]
                         net (fo=1, routed)           1.830     5.257    u_Digital_Spectrometer/u_Spectral_Averager/u_Simple_Dual_Port_RAM/Simple_Dual_Port_RAM_out1[2]
    SLICE_X25Y20         LUT2 (Prop_lut2_I1_O)        0.124     5.381 r  u_Digital_Spectrometer/u_Spectral_Averager/u_Simple_Dual_Port_RAM/avg_out[0]_INST_0_i_17/O
                         net (fo=1, routed)           0.000     5.381    u_Digital_Spectrometer/u_Spectral_Averager/u_Simple_Dual_Port_RAM/avg_out[0]_INST_0_i_17_n_0
    SLICE_X25Y20         CARRY4 (Prop_carry4_S[2]_CO[3])
                                                      0.398     5.779 r  u_Digital_Spectrometer/u_Spectral_Averager/u_Simple_Dual_Port_RAM/avg_out[0]_INST_0_i_11/CO[3]
                         net (fo=1, routed)           0.000     5.779    u_Digital_Spectrometer/u_Spectral_Averager/u_Simple_Dual_Port_RAM/avg_out[0]_INST_0_i_11_n_0
    SLICE_X25Y21         CARRY4 (Prop_carry4_CI_CO[3])
                                                      0.114     5.893 r  u_Digital_Spectrometer/u_Spectral_Averager/u_Simple_Dual_Port_RAM/avg_out[0]_INST_0_i_6/CO[3]
                         net (fo=1, routed)           0.000     5.893    u_Digital_Spectrometer/u_Spectral_Averager/u_Simple_Dual_Port_RAM/avg_out[0]_INST_0_i_6_n_0
    SLICE_X25Y22         CARRY4 (Prop_carry4_CI_CO[3])
                                                      0.114     6.007 r  u_Digital_Spectrometer/u_Spectral_Averager/u_Simple_Dual_Port_RAM/avg_out[0]_INST_0_i_5/CO[3]
                         net (fo=1, routed)           0.000     6.007    u_Digital_Spectrometer/u_Spectral_Averager/u_Simple_Dual_Port_RAM/avg_out[0]_INST_0_i_5_n_0
    SLICE_X25Y23         CARRY4 (Prop_carry4_CI_CO[3])
                                                      0.114     6.121 r  u_Digital_Spectrometer/u_Spectral_Averager/u_Simple_Dual_Port_RAM/avg_out[4]_INST_0_i_5/CO[3]
                         net (fo=1, routed)           0.000     6.121    u_Digital_Spectrometer/u_Spectral_Averager/u_Simple_Dual_Port_RAM/avg_out[4]_INST_0_i_5_n_0
    SLICE_X25Y24         CARRY4 (Prop_carry4_CI_CO[3])
                                                      0.114     6.235 r  u_Digital_Spectrometer/u_Spectral_Averager/u_Simple_Dual_Port_RAM/avg_out[12]_INST_0_i_7/CO[3]
                         net (fo=1, routed)           0.009     6.244    u_Digital_Spectrometer/u_Spectral_Averager/u_Simple_Dual_Port_RAM/avg_out[12]_INST_0_i_7_n_0
    SLICE_X25Y25         CARRY4 (Prop_carry4_CI_O[0])
                                                      0.222     6.466 r  u_Digital_Spectrometer/u_Spectral_Averager/u_Simple_Dual_Port_RAM/avg_out[12]_INST_0_i_2/O[0]
                         net (fo=1, routed)           1.501     7.967    u_Digital_Spectrometer/u_Spectral_Averager/u_Simple_Dual_Port_RAM/RESIZE[9]
    SLICE_X15Y17         LUT2 (Prop_lut2_I1_O)        0.299     8.266 r  u_Digital_Spectrometer/u_Spectral_Averager/u_Simple_Dual_Port_RAM/avg_out[8]_INST_0_i_3/O
                         net (fo=1, routed)           0.000     8.266    u_Digital_Spectrometer/u_Spectral_Averager/u_Simple_Dual_Port_RAM/avg_out[8]_INST_0_i_3_n_0
    SLICE_X15Y17         CARRY4 (Prop_carry4_S[1]_CO[3])
                                                      0.550     8.816 r  u_Digital_Spectrometer/u_Spectral_Averager/u_Simple_Dual_Port_RAM/avg_out[8]_INST_0/CO[3]
                         net (fo=1, routed)           0.000     8.816    u_Digital_Spectrometer/u_Spectral_Averager/u_Simple_Dual_Port_RAM/avg_out[8]_INST_0_n_0
    SLICE_X15Y18         CARRY4 (Prop_carry4_CI_CO[3])
                                                      0.114     8.930 r  u_Digital_Spectrometer/u_Spectral_Averager/u_Simple_Dual_Port_RAM/avg_out[12]_INST_0/CO[3]
                         net (fo=1, routed)           0.000     8.930    u_Digital_Spectrometer/u_Spectral_Averager/u_Simple_Dual_Port_RAM/avg_out[12]_INST_0_n_0
    SLICE_X15Y19         CARRY4 (Prop_carry4_CI_CO[3])
                                                      0.114     9.044 r  u_Digital_Spectrometer/u_Spectral_Averager/u_Simple_Dual_Port_RAM/avg_out[16]_INST_0/CO[3]
                         net (fo=1, routed)           0.000     9.044    u_Digital_Spectrometer/u_Spectral_Averager/u_Simple_Dual_Port_RAM/avg_out[16]_INST_0_n_0
    SLICE_X15Y20         CARRY4 (Prop_carry4_CI_CO[3])
                                                      0.114     9.158 r  u_Digital_Spectrometer/u_Spectral_Averager/u_Simple_Dual_Port_RAM/avg_out[20]_INST_0/CO[3]
                         net (fo=1, routed)           0.000     9.158    u_Digital_Spectrometer/u_Spectral_Averager/u_Simple_Dual_Port_RAM/avg_out[20]_INST_0_n_0
    SLICE_X15Y21         CARRY4 (Prop_carry4_CI_CO[3])
                                                      0.114     9.272 r  u_Digital_Spectrometer/u_Spectral_Averager/u_Simple_Dual_Port_RAM/avg_out[24]_INST_0/CO[3]
                         net (fo=1, routed)           0.000     9.272    u_Digital_Spectrometer/u_Spectral_Averager/u_Simple_Dual_Port_RAM/avg_out[24]_INST_0_n_0
    SLICE_X15Y22         CARRY4 (Prop_carry4_CI_O[2])
                                                      0.239     9.511 r  u_Digital_Spectrometer/u_Spectral_Averager/u_Simple_Dual_Port_RAM/avg_out[28]_INST_0/O[2]
                         net (fo=1, unset)            0.973    10.484    avg_out[30]
                                                                      r  avg_out[30] (OUT)
  -------------------------------------------------------------------    -------------------

Slack:                    inf
  Source:                 u_Digital_Spectrometer/u_Spectral_Averager/u_Simple_Dual_Port_RAM/ram_reg_1/CLKBWRCLK
                            (rising edge-triggered cell RAMB36E1 clocked by MWCLK  {rise@0.000ns fall@8.333ns period=16.667ns})
  Destination:            avg_out[28]
                            (output port)
  Path Group:             (none)
  Path Type:              Max at Slow Process Corner
  Data Path Delay:        9.494ns  (logic 5.181ns (54.570%)  route 4.313ns (45.430%))
  Logic Levels:           14  (CARRY4=12 LUT2=2)
  Clock Uncertainty:      0.025ns  ((TSJ^2 + TIJ^2)^1/2 + DJ) / 2 + PE
    Total System Jitter     (TSJ):    0.050ns
    Total Input Jitter      (TIJ):    0.000ns
    Discrete Jitter          (DJ):    0.000ns
    Phase Error              (PE):    0.000ns

    Location             Delay type                Incr(ns)  Path(ns)    Netlist Resource(s)
  -------------------------------------------------------------------    -------------------
                         (clock MWCLK rise edge)      0.000     0.000 r  
                                                      0.000     0.000 r  clk (IN)
                         net (fo=29022, unset)        0.973     0.973    u_Digital_Spectrometer/u_Spectral_Averager/u_Simple_Dual_Port_RAM/clk
    RAMB36_X0Y3          RAMB36E1                                     r  u_Digital_Spectrometer/u_Spectral_Averager/u_Simple_Dual_Port_RAM/ram_reg_1/CLKBWRCLK
  -------------------------------------------------------------------    -------------------
    RAMB36_X0Y3          RAMB36E1 (Prop_ramb36e1_CLKBWRCLK_DOBDO[0])
                                                      2.454     3.427 r  u_Digital_Spectrometer/u_Spectral_Averager/u_Simple_Dual_Port_RAM/ram_reg_1/DOBDO[0]
                         net (fo=1, routed)           1.830     5.257    u_Digital_Spectrometer/u_Spectral_Averager/u_Simple_Dual_Port_RAM/Simple_Dual_Port_RAM_out1[2]
    SLICE_X25Y20         LUT2 (Prop_lut2_I1_O)        0.124     5.381 r  u_Digital_Spectrometer/u_Spectral_Averager/u_Simple_Dual_Port_RAM/avg_out[0]_INST_0_i_17/O
                         net (fo=1, routed)           0.000     5.381    u_Digital_Spectrometer/u_Spectral_Averager/u_Simple_Dual_Port_RAM/avg_out[0]_INST_0_i_17_n_0
    SLICE_X25Y20         CARRY4 (Prop_carry4_S[2]_CO[3])
                                                      0.398     5.779 r  u_Digital_Spectrometer/u_Spectral_Averager/u_Simple_Dual_Port_RAM/avg_out[0]_INST_0_i_11/CO[3]
                         net (fo=1, routed)           0.000     5.779    u_Digital_Spectrometer/u_Spectral_Averager/u_Simple_Dual_Port_RAM/avg_out[0]_INST_0_i_11_n_0
    SLICE_X25Y21         CARRY4 (Prop_carry4_CI_CO[3])
                                                      0.114     5.893 r  u_Digital_Spectrometer/u_Spectral_Averager/u_Simple_Dual_Port_RAM/avg_out[0]_INST_0_i_6/CO[3]
                         net (fo=1, routed)           0.000     5.893    u_Digital_Spectrometer/u_Spectral_Averager/u_Simple_Dual_Port_RAM/avg_out[0]_INST_0_i_6_n_0
    SLICE_X25Y22         CARRY4 (Prop_carry4_CI_CO[3])
                                                      0.114     6.007 r  u_Digital_Spectrometer/u_Spectral_Averager/u_Simple_Dual_Port_RAM/avg_out[0]_INST_0_i_5/CO[3]
                         net (fo=1, routed)           0.000     6.007    u_Digital_Spectrometer/u_Spectral_Averager/u_Simple_Dual_Port_RAM/avg_out[0]_INST_0_i_5_n_0
    SLICE_X25Y23         CARRY4 (Prop_carry4_CI_CO[3])
                                                      0.114     6.121 r  u_Digital_Spectrometer/u_Spectral_Averager/u_Simple_Dual_Port_RAM/avg_out[4]_INST_0_i_5/CO[3]
                         net (fo=1, routed)           0.000     6.121    u_Digital_Spectrometer/u_Spectral_Averager/u_Simple_Dual_Port_RAM/avg_out[4]_INST_0_i_5_n_0
    SLICE_X25Y24         CARRY4 (Prop_carry4_CI_CO[3])
                                                      0.114     6.235 r  u_Digital_Spectrometer/u_Spectral_Averager/u_Simple_Dual_Port_RAM/avg_out[12]_INST_0_i_7/CO[3]
                         net (fo=1, routed)           0.009     6.244    u_Digital_Spectrometer/u_Spectral_Averager/u_Simple_Dual_Port_RAM/avg_out[12]_INST_0_i_7_n_0
    SLICE_X25Y25         CARRY4 (Prop_carry4_CI_O[0])
                                                      0.222     6.466 r  u_Digital_Spectrometer/u_Spectral_Averager/u_Simple_Dual_Port_RAM/avg_out[12]_INST_0_i_2/O[0]
                         net (fo=1, routed)           1.501     7.967    u_Digital_Spectrometer/u_Spectral_Averager/u_Simple_Dual_Port_RAM/RESIZE[9]
    SLICE_X15Y17         LUT2 (Prop_lut2_I1_O)        0.299     8.266 r  u_Digital_Spectrometer/u_Spectral_Averager/u_Simple_Dual_Port_RAM/avg_out[8]_INST_0_i_3/O
                         net (fo=1, routed)           0.000     8.266    u_Digital_Spectrometer/u_Spectral_Averager/u_Simple_Dual_Port_RAM/avg_out[8]_INST_0_i_3_n_0
    SLICE_X15Y17         CARRY4 (Prop_carry4_S[1]_CO[3])
                                                      0.550     8.816 r  u_Digital_Spectrometer/u_Spectral_Averager/u_Simple_Dual_Port_RAM/avg_out[8]_INST_0/CO[3]
                         net (fo=1, routed)           0.000     8.816    u_Digital_Spectrometer/u_Spectral_Averager/u_Simple_Dual_Port_RAM/avg_out[8]_INST_0_n_0
    SLICE_X15Y18         CARRY4 (Prop_carry4_CI_CO[3])
                                                      0.114     8.930 r  u_Digital_Spectrometer/u_Spectral_Averager/u_Simple_Dual_Port_RAM/avg_out[12]_INST_0/CO[3]
                         net (fo=1, routed)           0.000     8.930    u_Digital_Spectrometer/u_Spectral_Averager/u_Simple_Dual_Port_RAM/avg_out[12]_INST_0_n_0
    SLICE_X15Y19         CARRY4 (Prop_carry4_CI_CO[3])
                                                      0.114     9.044 r  u_Digital_Spectrometer/u_Spectral_Averager/u_Simple_Dual_Port_RAM/avg_out[16]_INST_0/CO[3]
                         net (fo=1, routed)           0.000     9.044    u_Digital_Spectrometer/u_Spectral_Averager/u_Simple_Dual_Port_RAM/avg_out[16]_INST_0_n_0
    SLICE_X15Y20         CARRY4 (Prop_carry4_CI_CO[3])
                                                      0.114     9.158 r  u_Digital_Spectrometer/u_Spectral_Averager/u_Simple_Dual_Port_RAM/avg_out[20]_INST_0/CO[3]
                         net (fo=1, routed)           0.000     9.158    u_Digital_Spectrometer/u_Spectral_Averager/u_Simple_Dual_Port_RAM/avg_out[20]_INST_0_n_0
    SLICE_X15Y21         CARRY4 (Prop_carry4_CI_CO[3])
                                                      0.114     9.272 r  u_Digital_Spectrometer/u_Spectral_Averager/u_Simple_Dual_Port_RAM/avg_out[24]_INST_0/CO[3]
                         net (fo=1, routed)           0.000     9.272    u_Digital_Spectrometer/u_Spectral_Averager/u_Simple_Dual_Port_RAM/avg_out[24]_INST_0_n_0
    SLICE_X15Y22         CARRY4 (Prop_carry4_CI_O[0])
                                                      0.222     9.494 r  u_Digital_Spectrometer/u_Spectral_Averager/u_Simple_Dual_Port_RAM/avg_out[28]_INST_0/O[0]
                         net (fo=1, unset)            0.973    10.467    avg_out[28]
                                                                      r  avg_out[28] (OUT)
  -------------------------------------------------------------------    -------------------

Slack:                    inf
  Source:                 u_Digital_Spectrometer/u_Spectral_Averager/u_Simple_Dual_Port_RAM/ram_reg_1/CLKBWRCLK
                            (rising edge-triggered cell RAMB36E1 clocked by MWCLK  {rise@0.000ns fall@8.333ns period=16.667ns})
  Destination:            avg_out[25]
                            (output port)
  Path Group:             (none)
  Path Type:              Max at Slow Process Corner
  Data Path Delay:        9.492ns  (logic 5.179ns (54.561%)  route 4.313ns (45.439%))
  Logic Levels:           13  (CARRY4=11 LUT2=2)
  Clock Uncertainty:      0.025ns  ((TSJ^2 + TIJ^2)^1/2 + DJ) / 2 + PE
    Total System Jitter     (TSJ):    0.050ns
    Total Input Jitter      (TIJ):    0.000ns
    Discrete Jitter          (DJ):    0.000ns
    Phase Error              (PE):    0.000ns

    Location             Delay type                Incr(ns)  Path(ns)    Netlist Resource(s)
  -------------------------------------------------------------------    -------------------
                         (clock MWCLK rise edge)      0.000     0.000 r  
                                                      0.000     0.000 r  clk (IN)
                         net (fo=29022, unset)        0.973     0.973    u_Digital_Spectrometer/u_Spectral_Averager/u_Simple_Dual_Port_RAM/clk
    RAMB36_X0Y3          RAMB36E1                                     r  u_Digital_Spectrometer/u_Spectral_Averager/u_Simple_Dual_Port_RAM/ram_reg_1/CLKBWRCLK
  -------------------------------------------------------------------    -------------------
    RAMB36_X0Y3          RAMB36E1 (Prop_ramb36e1_CLKBWRCLK_DOBDO[0])
                                                      2.454     3.427 r  u_Digital_Spectrometer/u_Spectral_Averager/u_Simple_Dual_Port_RAM/ram_reg_1/DOBDO[0]
                         net (fo=1, routed)           1.830     5.257    u_Digital_Spectrometer/u_Spectral_Averager/u_Simple_Dual_Port_RAM/Simple_Dual_Port_RAM_out1[2]
    SLICE_X25Y20         LUT2 (Prop_lut2_I1_O)        0.124     5.381 r  u_Digital_Spectrometer/u_Spectral_Averager/u_Simple_Dual_Port_RAM/avg_out[0]_INST_0_i_17/O
                         net (fo=1, routed)           0.000     5.381    u_Digital_Spectrometer/u_Spectral_Averager/u_Simple_Dual_Port_RAM/avg_out[0]_INST_0_i_17_n_0
    SLICE_X25Y20         CARRY4 (Prop_carry4_S[2]_CO[3])
                                                      0.398     5.779 r  u_Digital_Spectrometer/u_Spectral_Averager/u_Simple_Dual_Port_RAM/avg_out[0]_INST_0_i_11/CO[3]
                         net (fo=1, routed)           0.000     5.779    u_Digital_Spectrometer/u_Spectral_Averager/u_Simple_Dual_Port_RAM/avg_out[0]_INST_0_i_11_n_0
    SLICE_X25Y21         CARRY4 (Prop_carry4_CI_CO[3])
                                                      0.114     5.893 r  u_Digital_Spectrometer/u_Spectral_Averager/u_Simple_Dual_Port_RAM/avg_out[0]_INST_0_i_6/CO[3]
                         net (fo=1, routed)           0.000     5.893    u_Digital_Spectrometer/u_Spectral_Averager/u_Simple_Dual_Port_RAM/avg_out[0]_INST_0_i_6_n_0
    SLICE_X25Y22         CARRY4 (Prop_carry4_CI_CO[3])
                                                      0.114     6.007 r  u_Digital_Spectrometer/u_Spectral_Averager/u_Simple_Dual_Port_RAM/avg_out[0]_INST_0_i_5/CO[3]
                         net (fo=1, routed)           0.000     6.007    u_Digital_Spectrometer/u_Spectral_Averager/u_Simple_Dual_Port_RAM/avg_out[0]_INST_0_i_5_n_0
    SLICE_X25Y23         CARRY4 (Prop_carry4_CI_CO[3])
                                                      0.114     6.121 r  u_Digital_Spectrometer/u_Spectral_Averager/u_Simple_Dual_Port_RAM/avg_out[4]_INST_0_i_5/CO[3]
                         net (fo=1, routed)           0.000     6.121    u_Digital_Spectrometer/u_Spectral_Averager/u_Simple_Dual_Port_RAM/avg_out[4]_INST_0_i_5_n_0
    SLICE_X25Y24         CARRY4 (Prop_carry4_CI_CO[3])
                                                      0.114     6.235 r  u_Digital_Spectrometer/u_Spectral_Averager/u_Simple_Dual_Port_RAM/avg_out[12]_INST_0_i_7/CO[3]
                         net (fo=1, routed)           0.009     6.244    u_Digital_Spectrometer/u_Spectral_Averager/u_Simple_Dual_Port_RAM/avg_out[12]_INST_0_i_7_n_0
    SLICE_X25Y25         CARRY4 (Prop_carry4_CI_O[0])
                                                      0.222     6.466 r  u_Digital_Spectrometer/u_Spectral_Averager/u_Simple_Dual_Port_RAM/avg_out[12]_INST_0_i_2/O[0]
                         net (fo=1, routed)           1.501     7.967    u_Digital_Spectrometer/u_Spectral_Averager/u_Simple_Dual_Port_RAM/RESIZE[9]
    SLICE_X15Y17         LUT2 (Prop_lut2_I1_O)        0.299     8.266 r  u_Digital_Spectrometer/u_Spectral_Averager/u_Simple_Dual_Port_RAM/avg_out[8]_INST_0_i_3/O
                         net (fo=1, routed)           0.000     8.266    u_Digital_Spectrometer/u_Spectral_Averager/u_Simple_Dual_Port_RAM/avg_out[8]_INST_0_i_3_n_0
    SLICE_X15Y17         CARRY4 (Prop_carry4_S[1]_CO[3])
                                                      0.550     8.816 r  u_Digital_Spectrometer/u_Spectral_Averager/u_Simple_Dual_Port_RAM/avg_out[8]_INST_0/CO[3]
                         net (fo=1, routed)           0.000     8.816    u_Digital_Spectrometer/u_Spectral_Averager/u_Simple_Dual_Port_RAM/avg_out[8]_INST_0_n_0
    SLICE_X15Y18         CARRY4 (Prop_carry4_CI_CO[3])
                                                      0.114     8.930 r  u_Digital_Spectrometer/u_Spectral_Averager/u_Simple_Dual_Port_RAM/avg_out[12]_INST_0/CO[3]
                         net (fo=1, routed)           0.000     8.930    u_Digital_Spectrometer/u_Spectral_Averager/u_Simple_Dual_Port_RAM/avg_out[12]_INST_0_n_0
    SLICE_X15Y19         CARRY4 (Prop_carry4_CI_CO[3])
                                                      0.114     9.044 r  u_Digital_Spectrometer/u_Spectral_Averager/u_Simple_Dual_Port_RAM/avg_out[16]_INST_0/CO[3]
                         net (fo=1, routed)           0.000     9.044    u_Digital_Spectrometer/u_Spectral_Averager/u_Simple_Dual_Port_RAM/avg_out[16]_INST_0_n_0
    SLICE_X15Y20         CARRY4 (Prop_carry4_CI_CO[3])
                                                      0.114     9.158 r  u_Digital_Spectrometer/u_Spectral_Averager/u_Simple_Dual_Port_RAM/avg_out[20]_INST_0/CO[3]
                         net (fo=1, routed)           0.000     9.158    u_Digital_Spectrometer/u_Spectral_Averager/u_Simple_Dual_Port_RAM/avg_out[20]_INST_0_n_0
    SLICE_X15Y21         CARRY4 (Prop_carry4_CI_O[1])
                                                      0.334     9.492 r  u_Digital_Spectrometer/u_Spectral_Averager/u_Simple_Dual_Port_RAM/avg_out[24]_INST_0/O[1]
                         net (fo=1, unset)            0.973    10.465    avg_out[25]
                                                                      r  avg_out[25] (OUT)
  -------------------------------------------------------------------    -------------------

Slack:                    inf
  Source:                 u_Digital_Spectrometer/u_Spectral_Averager/u_Simple_Dual_Port_RAM/ram_reg_1/CLKBWRCLK
                            (rising edge-triggered cell RAMB36E1 clocked by MWCLK  {rise@0.000ns fall@8.333ns period=16.667ns})
  Destination:            avg_out[27]
                            (output port)
  Path Group:             (none)
  Path Type:              Max at Slow Process Corner
  Data Path Delay:        9.471ns  (logic 5.158ns (54.460%)  route 4.313ns (45.540%))
  Logic Levels:           13  (CARRY4=11 LUT2=2)
  Clock Uncertainty:      0.025ns  ((TSJ^2 + TIJ^2)^1/2 + DJ) / 2 + PE
    Total System Jitter     (TSJ):    0.050ns
    Total Input Jitter      (TIJ):    0.000ns
    Discrete Jitter          (DJ):    0.000ns
    Phase Error              (PE):    0.000ns

    Location             Delay type                Incr(ns)  Path(ns)    Netlist Resource(s)
  -------------------------------------------------------------------    -------------------
                         (clock MWCLK rise edge)      0.000     0.000 r  
                                                      0.000     0.000 r  clk (IN)
                         net (fo=29022, unset)        0.973     0.973    u_Digital_Spectrometer/u_Spectral_Averager/u_Simple_Dual_Port_RAM/clk
    RAMB36_X0Y3          RAMB36E1                                     r  u_Digital_Spectrometer/u_Spectral_Averager/u_Simple_Dual_Port_RAM/ram_reg_1/CLKBWRCLK
  -------------------------------------------------------------------    -------------------
    RAMB36_X0Y3          RAMB36E1 (Prop_ramb36e1_CLKBWRCLK_DOBDO[0])
                                                      2.454     3.427 r  u_Digital_Spectrometer/u_Spectral_Averager/u_Simple_Dual_Port_RAM/ram_reg_1/DOBDO[0]
                         net (fo=1, routed)           1.830     5.257    u_Digital_Spectrometer/u_Spectral_Averager/u_Simple_Dual_Port_RAM/Simple_Dual_Port_RAM_out1[2]
    SLICE_X25Y20         LUT2 (Prop_lut2_I1_O)        0.124     5.381 r  u_Digital_Spectrometer/u_Spectral_Averager/u_Simple_Dual_Port_RAM/avg_out[0]_INST_0_i_17/O
                         net (fo=1, routed)           0.000     5.381    u_Digital_Spectrometer/u_Spectral_Averager/u_Simple_Dual_Port_RAM/avg_out[0]_INST_0_i_17_n_0
    SLICE_X25Y20         CARRY4 (Prop_carry4_S[2]_CO[3])
                                                      0.398     5.779 r  u_Digital_Spectrometer/u_Spectral_Averager/u_Simple_Dual_Port_RAM/avg_out[0]_INST_0_i_11/CO[3]
                         net (fo=1, routed)           0.000     5.779    u_Digital_Spectrometer/u_Spectral_Averager/u_Simple_Dual_Port_RAM/avg_out[0]_INST_0_i_11_n_0
    SLICE_X25Y21         CARRY4 (Prop_carry4_CI_CO[3])
                                                      0.114     5.893 r  u_Digital_Spectrometer/u_Spectral_Averager/u_Simple_Dual_Port_RAM/avg_out[0]_INST_0_i_6/CO[3]
                         net (fo=1, routed)           0.000     5.893    u_Digital_Spectrometer/u_Spectral_Averager/u_Simple_Dual_Port_RAM/avg_out[0]_INST_0_i_6_n_0
    SLICE_X25Y22         CARRY4 (Prop_carry4_CI_CO[3])
                                                      0.114     6.007 r  u_Digital_Spectrometer/u_Spectral_Averager/u_Simple_Dual_Port_RAM/avg_out[0]_INST_0_i_5/CO[3]
                         net (fo=1, routed)           0.000     6.007    u_Digital_Spectrometer/u_Spectral_Averager/u_Simple_Dual_Port_RAM/avg_out[0]_INST_0_i_5_n_0
    SLICE_X25Y23         CARRY4 (Prop_carry4_CI_CO[3])
                                                      0.114     6.121 r  u_Digital_Spectrometer/u_Spectral_Averager/u_Simple_Dual_Port_RAM/avg_out[4]_INST_0_i_5/CO[3]
                         net (fo=1, routed)           0.000     6.121    u_Digital_Spectrometer/u_Spectral_Averager/u_Simple_Dual_Port_RAM/avg_out[4]_INST_0_i_5_n_0
    SLICE_X25Y24         CARRY4 (Prop_carry4_CI_CO[3])
                                                      0.114     6.235 r  u_Digital_Spectrometer/u_Spectral_Averager/u_Simple_Dual_Port_RAM/avg_out[12]_INST_0_i_7/CO[3]
                         net (fo=1, routed)           0.009     6.244    u_Digital_Spectrometer/u_Spectral_Averager/u_Simple_Dual_Port_RAM/avg_out[12]_INST_0_i_7_n_0
    SLICE_X25Y25         CARRY4 (Prop_carry4_CI_O[0])
                                                      0.222     6.466 r  u_Digital_Spectrometer/u_Spectral_Averager/u_Simple_Dual_Port_RAM/avg_out[12]_INST_0_i_2/O[0]
                         net (fo=1, routed)           1.501     7.967    u_Digital_Spectrometer/u_Spectral_Averager/u_Simple_Dual_Port_RAM/RESIZE[9]
    SLICE_X15Y17         LUT2 (Prop_lut2_I1_O)        0.299     8.266 r  u_Digital_Spectrometer/u_Spectral_Averager/u_Simple_Dual_Port_RAM/avg_out[8]_INST_0_i_3/O
                         net (fo=1, routed)           0.000     8.266    u_Digital_Spectrometer/u_Spectral_Averager/u_Simple_Dual_Port_RAM/avg_out[8]_INST_0_i_3_n_0
    SLICE_X15Y17         CARRY4 (Prop_carry4_S[1]_CO[3])
                                                      0.550     8.816 r  u_Digital_Spectrometer/u_Spectral_Averager/u_Simple_Dual_Port_RAM/avg_out[8]_INST_0/CO[3]
                         net (fo=1, routed)           0.000     8.816    u_Digital_Spectrometer/u_Spectral_Averager/u_Simple_Dual_Port_RAM/avg_out[8]_INST_0_n_0
    SLICE_X15Y18         CARRY4 (Prop_carry4_CI_CO[3])
                                                      0.114     8.930 r  u_Digital_Spectrometer/u_Spectral_Averager/u_Simple_Dual_Port_RAM/avg_out[12]_INST_0/CO[3]
                         net (fo=1, routed)           0.000     8.930    u_Digital_Spectrometer/u_Spectral_Averager/u_Simple_Dual_Port_RAM/avg_out[12]_INST_0_n_0
    SLICE_X15Y19         CARRY4 (Prop_carry4_CI_CO[3])
                                                      0.114     9.044 r  u_Digital_Spectrometer/u_Spectral_Averager/u_Simple_Dual_Port_RAM/avg_out[16]_INST_0/CO[3]
                         net (fo=1, routed)           0.000     9.044    u_Digital_Spectrometer/u_Spectral_Averager/u_Simple_Dual_Port_RAM/avg_out[16]_INST_0_n_0
    SLICE_X15Y20         CARRY4 (Prop_carry4_CI_CO[3])
                                                      0.114     9.158 r  u_Digital_Spectrometer/u_Spectral_Averager/u_Simple_Dual_Port_RAM/avg_out[20]_INST_0/CO[3]
                         net (fo=1, routed)           0.000     9.158    u_Digital_Spectrometer/u_Spectral_Averager/u_Simple_Dual_Port_RAM/avg_out[20]_INST_0_n_0
    SLICE_X15Y21         CARRY4 (Prop_carry4_CI_O[3])
                                                      0.313     9.471 r  u_Digital_Spectrometer/u_Spectral_Averager/u_Simple_Dual_Port_RAM/avg_out[24]_INST_0/O[3]
                         net (fo=1, unset)            0.973    10.444    avg_out[27]
                                                                      r  avg_out[27] (OUT)
  -------------------------------------------------------------------    -------------------

Slack:                    inf
  Source:                 u_Digital_Spectrometer/u_Spectral_Averager/u_Simple_Dual_Port_RAM/ram_reg_1/CLKBWRCLK
                            (rising edge-triggered cell RAMB36E1 clocked by MWCLK  {rise@0.000ns fall@8.333ns period=16.667ns})
  Destination:            avg_out[26]
                            (output port)
  Path Group:             (none)
  Path Type:              Max at Slow Process Corner
  Data Path Delay:        9.397ns  (logic 5.084ns (54.101%)  route 4.313ns (45.899%))
  Logic Levels:           13  (CARRY4=11 LUT2=2)
  Clock Uncertainty:      0.025ns  ((TSJ^2 + TIJ^2)^1/2 + DJ) / 2 + PE
    Total System Jitter     (TSJ):    0.050ns
    Total Input Jitter      (TIJ):    0.000ns
    Discrete Jitter          (DJ):    0.000ns
    Phase Error              (PE):    0.000ns

    Location             Delay type                Incr(ns)  Path(ns)    Netlist Resource(s)
  -------------------------------------------------------------------    -------------------
                         (clock MWCLK rise edge)      0.000     0.000 r  
                                                      0.000     0.000 r  clk (IN)
                         net (fo=29022, unset)        0.973     0.973    u_Digital_Spectrometer/u_Spectral_Averager/u_Simple_Dual_Port_RAM/clk
    RAMB36_X0Y3          RAMB36E1                                     r  u_Digital_Spectrometer/u_Spectral_Averager/u_Simple_Dual_Port_RAM/ram_reg_1/CLKBWRCLK
  -------------------------------------------------------------------    -------------------
    RAMB36_X0Y3          RAMB36E1 (Prop_ramb36e1_CLKBWRCLK_DOBDO[0])
                                                      2.454     3.427 r  u_Digital_Spectrometer/u_Spectral_Averager/u_Simple_Dual_Port_RAM/ram_reg_1/DOBDO[0]
                         net (fo=1, routed)           1.830     5.257    u_Digital_Spectrometer/u_Spectral_Averager/u_Simple_Dual_Port_RAM/Simple_Dual_Port_RAM_out1[2]
    SLICE_X25Y20         LUT2 (Prop_lut2_I1_O)        0.124     5.381 r  u_Digital_Spectrometer/u_Spectral_Averager/u_Simple_Dual_Port_RAM/avg_out[0]_INST_0_i_17/O
                         net (fo=1, routed)           0.000     5.381    u_Digital_Spectrometer/u_Spectral_Averager/u_Simple_Dual_Port_RAM/avg_out[0]_INST_0_i_17_n_0
    SLICE_X25Y20         CARRY4 (Prop_carry4_S[2]_CO[3])
                                                      0.398     5.779 r  u_Digital_Spectrometer/u_Spectral_Averager/u_Simple_Dual_Port_RAM/avg_out[0]_INST_0_i_11/CO[3]
                         net (fo=1, routed)           0.000     5.779    u_Digital_Spectrometer/u_Spectral_Averager/u_Simple_Dual_Port_RAM/avg_out[0]_INST_0_i_11_n_0
    SLICE_X25Y21         CARRY4 (Prop_carry4_CI_CO[3])
                                                      0.114     5.893 r  u_Digital_Spectrometer/u_Spectral_Averager/u_Simple_Dual_Port_RAM/avg_out[0]_INST_0_i_6/CO[3]
                         net (fo=1, routed)           0.000     5.893    u_Digital_Spectrometer/u_Spectral_Averager/u_Simple_Dual_Port_RAM/avg_out[0]_INST_0_i_6_n_0
    SLICE_X25Y22         CARRY4 (Prop_carry4_CI_CO[3])
                                                      0.114     6.007 r  u_Digital_Spectrometer/u_Spectral_Averager/u_Simple_Dual_Port_RAM/avg_out[0]_INST_0_i_5/CO[3]
                         net (fo=1, routed)           0.000     6.007    u_Digital_Spectrometer/u_Spectral_Averager/u_Simple_Dual_Port_RAM/avg_out[0]_INST_0_i_5_n_0
    SLICE_X25Y23         CARRY4 (Prop_carry4_CI_CO[3])
                                                      0.114     6.121 r  u_Digital_Spectrometer/u_Spectral_Averager/u_Simple_Dual_Port_RAM/avg_out[4]_INST_0_i_5/CO[3]
                         net (fo=1, routed)           0.000     6.121    u_Digital_Spectrometer/u_Spectral_Averager/u_Simple_Dual_Port_RAM/avg_out[4]_INST_0_i_5_n_0
    SLICE_X25Y24         CARRY4 (Prop_carry4_CI_CO[3])
                                                      0.114     6.235 r  u_Digital_Spectrometer/u_Spectral_Averager/u_Simple_Dual_Port_RAM/avg_out[12]_INST_0_i_7/CO[3]
                         net (fo=1, routed)           0.009     6.244    u_Digital_Spectrometer/u_Spectral_Averager/u_Simple_Dual_Port_RAM/avg_out[12]_INST_0_i_7_n_0
    SLICE_X25Y25         CARRY4 (Prop_carry4_CI_O[0])
                                                      0.222     6.466 r  u_Digital_Spectrometer/u_Spectral_Averager/u_Simple_Dual_Port_RAM/avg_out[12]_INST_0_i_2/O[0]
                         net (fo=1, routed)           1.501     7.967    u_Digital_Spectrometer/u_Spectral_Averager/u_Simple_Dual_Port_RAM/RESIZE[9]
    SLICE_X15Y17         LUT2 (Prop_lut2_I1_O)        0.299     8.266 r  u_Digital_Spectrometer/u_Spectral_Averager/u_Simple_Dual_Port_RAM/avg_out[8]_INST_0_i_3/O
                         net (fo=1, routed)           0.000     8.266    u_Digital_Spectrometer/u_Spectral_Averager/u_Simple_Dual_Port_RAM/avg_out[8]_INST_0_i_3_n_0
    SLICE_X15Y17         CARRY4 (Prop_carry4_S[1]_CO[3])
                                                      0.550     8.816 r  u_Digital_Spectrometer/u_Spectral_Averager/u_Simple_Dual_Port_RAM/avg_out[8]_INST_0/CO[3]
                         net (fo=1, routed)           0.000     8.816    u_Digital_Spectrometer/u_Spectral_Averager/u_Simple_Dual_Port_RAM/avg_out[8]_INST_0_n_0
    SLICE_X15Y18         CARRY4 (Prop_carry4_CI_CO[3])
                                                      0.114     8.930 r  u_Digital_Spectrometer/u_Spectral_Averager/u_Simple_Dual_Port_RAM/avg_out[12]_INST_0/CO[3]
                         net (fo=1, routed)           0.000     8.930    u_Digital_Spectrometer/u_Spectral_Averager/u_Simple_Dual_Port_RAM/avg_out[12]_INST_0_n_0
    SLICE_X15Y19         CARRY4 (Prop_carry4_CI_CO[3])
                                                      0.114     9.044 r  u_Digital_Spectrometer/u_Spectral_Averager/u_Simple_Dual_Port_RAM/avg_out[16]_INST_0/CO[3]
                         net (fo=1, routed)           0.000     9.044    u_Digital_Spectrometer/u_Spectral_Averager/u_Simple_Dual_Port_RAM/avg_out[16]_INST_0_n_0
    SLICE_X15Y20         CARRY4 (Prop_carry4_CI_CO[3])
                                                      0.114     9.158 r  u_Digital_Spectrometer/u_Spectral_Averager/u_Simple_Dual_Port_RAM/avg_out[20]_INST_0/CO[3]
                         net (fo=1, routed)           0.000     9.158    u_Digital_Spectrometer/u_Spectral_Averager/u_Simple_Dual_Port_RAM/avg_out[20]_INST_0_n_0
    SLICE_X15Y21         CARRY4 (Prop_carry4_CI_O[2])
                                                      0.239     9.397 r  u_Digital_Spectrometer/u_Spectral_Averager/u_Simple_Dual_Port_RAM/avg_out[24]_INST_0/O[2]
                         net (fo=1, unset)            0.973    10.370    avg_out[26]
                                                                      r  avg_out[26] (OUT)
  -------------------------------------------------------------------    -------------------

Slack:                    inf
  Source:                 u_Digital_Spectrometer/u_Spectral_Averager/u_Simple_Dual_Port_RAM/ram_reg_1/CLKBWRCLK
                            (rising edge-triggered cell RAMB36E1 clocked by MWCLK  {rise@0.000ns fall@8.333ns period=16.667ns})
  Destination:            avg_out[24]
                            (output port)
  Path Group:             (none)
  Path Type:              Max at Slow Process Corner
  Data Path Delay:        9.380ns  (logic 5.067ns (54.018%)  route 4.313ns (45.982%))
  Logic Levels:           13  (CARRY4=11 LUT2=2)
  Clock Uncertainty:      0.025ns  ((TSJ^2 + TIJ^2)^1/2 + DJ) / 2 + PE
    Total System Jitter     (TSJ):    0.050ns
    Total Input Jitter      (TIJ):    0.000ns
    Discrete Jitter          (DJ):    0.000ns
    Phase Error              (PE):    0.000ns

    Location             Delay type                Incr(ns)  Path(ns)    Netlist Resource(s)
  -------------------------------------------------------------------    -------------------
                         (clock MWCLK rise edge)      0.000     0.000 r  
                                                      0.000     0.000 r  clk (IN)
                         net (fo=29022, unset)        0.973     0.973    u_Digital_Spectrometer/u_Spectral_Averager/u_Simple_Dual_Port_RAM/clk
    RAMB36_X0Y3          RAMB36E1                                     r  u_Digital_Spectrometer/u_Spectral_Averager/u_Simple_Dual_Port_RAM/ram_reg_1/CLKBWRCLK
  -------------------------------------------------------------------    -------------------
    RAMB36_X0Y3          RAMB36E1 (Prop_ramb36e1_CLKBWRCLK_DOBDO[0])
                                                      2.454     3.427 r  u_Digital_Spectrometer/u_Spectral_Averager/u_Simple_Dual_Port_RAM/ram_reg_1/DOBDO[0]
                         net (fo=1, routed)           1.830     5.257    u_Digital_Spectrometer/u_Spectral_Averager/u_Simple_Dual_Port_RAM/Simple_Dual_Port_RAM_out1[2]
    SLICE_X25Y20         LUT2 (Prop_lut2_I1_O)        0.124     5.381 r  u_Digital_Spectrometer/u_Spectral_Averager/u_Simple_Dual_Port_RAM/avg_out[0]_INST_0_i_17/O
                         net (fo=1, routed)           0.000     5.381    u_Digital_Spectrometer/u_Spectral_Averager/u_Simple_Dual_Port_RAM/avg_out[0]_INST_0_i_17_n_0
    SLICE_X25Y20         CARRY4 (Prop_carry4_S[2]_CO[3])
                                                      0.398     5.779 r  u_Digital_Spectrometer/u_Spectral_Averager/u_Simple_Dual_Port_RAM/avg_out[0]_INST_0_i_11/CO[3]
                         net (fo=1, routed)           0.000     5.779    u_Digital_Spectrometer/u_Spectral_Averager/u_Simple_Dual_Port_RAM/avg_out[0]_INST_0_i_11_n_0
    SLICE_X25Y21         CARRY4 (Prop_carry4_CI_CO[3])
                                                      0.114     5.893 r  u_Digital_Spectrometer/u_Spectral_Averager/u_Simple_Dual_Port_RAM/avg_out[0]_INST_0_i_6/CO[3]
                         net (fo=1, routed)           0.000     5.893    u_Digital_Spectrometer/u_Spectral_Averager/u_Simple_Dual_Port_RAM/avg_out[0]_INST_0_i_6_n_0
    SLICE_X25Y22         CARRY4 (Prop_carry4_CI_CO[3])
                                                      0.114     6.007 r  u_Digital_Spectrometer/u_Spectral_Averager/u_Simple_Dual_Port_RAM/avg_out[0]_INST_0_i_5/CO[3]
                         net (fo=1, routed)           0.000     6.007    u_Digital_Spectrometer/u_Spectral_Averager/u_Simple_Dual_Port_RAM/avg_out[0]_INST_0_i_5_n_0
    SLICE_X25Y23         CARRY4 (Prop_carry4_CI_CO[3])
                                                      0.114     6.121 r  u_Digital_Spectrometer/u_Spectral_Averager/u_Simple_Dual_Port_RAM/avg_out[4]_INST_0_i_5/CO[3]
                         net (fo=1, routed)           0.000     6.121    u_Digital_Spectrometer/u_Spectral_Averager/u_Simple_Dual_Port_RAM/avg_out[4]_INST_0_i_5_n_0
    SLICE_X25Y24         CARRY4 (Prop_carry4_CI_CO[3])
                                                      0.114     6.235 r  u_Digital_Spectrometer/u_Spectral_Averager/u_Simple_Dual_Port_RAM/avg_out[12]_INST_0_i_7/CO[3]
                         net (fo=1, routed)           0.009     6.244    u_Digital_Spectrometer/u_Spectral_Averager/u_Simple_Dual_Port_RAM/avg_out[12]_INST_0_i_7_n_0
    SLICE_X25Y25         CARRY4 (Prop_carry4_CI_O[0])
                                                      0.222     6.466 r  u_Digital_Spectrometer/u_Spectral_Averager/u_Simple_Dual_Port_RAM/avg_out[12]_INST_0_i_2/O[0]
                         net (fo=1, routed)           1.501     7.967    u_Digital_Spectrometer/u_Spectral_Averager/u_Simple_Dual_Port_RAM/RESIZE[9]
    SLICE_X15Y17         LUT2 (Prop_lut2_I1_O)        0.299     8.266 r  u_Digital_Spectrometer/u_Spectral_Averager/u_Simple_Dual_Port_RAM/avg_out[8]_INST_0_i_3/O
                         net (fo=1, routed)           0.000     8.266    u_Digital_Spectrometer/u_Spectral_Averager/u_Simple_Dual_Port_RAM/avg_out[8]_INST_0_i_3_n_0
    SLICE_X15Y17         CARRY4 (Prop_carry4_S[1]_CO[3])
                                                      0.550     8.816 r  u_Digital_Spectrometer/u_Spectral_Averager/u_Simple_Dual_Port_RAM/avg_out[8]_INST_0/CO[3]
                         net (fo=1, routed)           0.000     8.816    u_Digital_Spectrometer/u_Spectral_Averager/u_Simple_Dual_Port_RAM/avg_out[8]_INST_0_n_0
    SLICE_X15Y18         CARRY4 (Prop_carry4_CI_CO[3])
                                                      0.114     8.930 r  u_Digital_Spectrometer/u_Spectral_Averager/u_Simple_Dual_Port_RAM/avg_out[12]_INST_0/CO[3]
                         net (fo=1, routed)           0.000     8.930    u_Digital_Spectrometer/u_Spectral_Averager/u_Simple_Dual_Port_RAM/avg_out[12]_INST_0_n_0
    SLICE_X15Y19         CARRY4 (Prop_carry4_CI_CO[3])
                                                      0.114     9.044 r  u_Digital_Spectrometer/u_Spectral_Averager/u_Simple_Dual_Port_RAM/avg_out[16]_INST_0/CO[3]
                         net (fo=1, routed)           0.000     9.044    u_Digital_Spectrometer/u_Spectral_Averager/u_Simple_Dual_Port_RAM/avg_out[16]_INST_0_n_0
    SLICE_X15Y20         CARRY4 (Prop_carry4_CI_CO[3])
                                                      0.114     9.158 r  u_Digital_Spectrometer/u_Spectral_Averager/u_Simple_Dual_Port_RAM/avg_out[20]_INST_0/CO[3]
                         net (fo=1, routed)           0.000     9.158    u_Digital_Spectrometer/u_Spectral_Averager/u_Simple_Dual_Port_RAM/avg_out[20]_INST_0_n_0
    SLICE_X15Y21         CARRY4 (Prop_carry4_CI_O[0])
                                                      0.222     9.380 r  u_Digital_Spectrometer/u_Spectral_Averager/u_Simple_Dual_Port_RAM/avg_out[24]_INST_0/O[0]
                         net (fo=1, unset)            0.973    10.353    avg_out[24]
                                                                      r  avg_out[24] (OUT)
  -------------------------------------------------------------------    -------------------

Slack:                    inf
  Source:                 u_Digital_Spectrometer/u_Spectral_Averager/u_Simple_Dual_Port_RAM/ram_reg_1/CLKBWRCLK
                            (rising edge-triggered cell RAMB36E1 clocked by MWCLK  {rise@0.000ns fall@8.333ns period=16.667ns})
  Destination:            avg_out[21]
                            (output port)
  Path Group:             (none)
  Path Type:              Max at Slow Process Corner
  Data Path Delay:        9.378ns  (logic 5.065ns (54.008%)  route 4.313ns (45.992%))
  Logic Levels:           12  (CARRY4=10 LUT2=2)
  Clock Uncertainty:      0.025ns  ((TSJ^2 + TIJ^2)^1/2 + DJ) / 2 + PE
    Total System Jitter     (TSJ):    0.050ns
    Total Input Jitter      (TIJ):    0.000ns
    Discrete Jitter          (DJ):    0.000ns
    Phase Error              (PE):    0.000ns

    Location             Delay type                Incr(ns)  Path(ns)    Netlist Resource(s)
  -------------------------------------------------------------------    -------------------
                         (clock MWCLK rise edge)      0.000     0.000 r  
                                                      0.000     0.000 r  clk (IN)
                         net (fo=29022, unset)        0.973     0.973    u_Digital_Spectrometer/u_Spectral_Averager/u_Simple_Dual_Port_RAM/clk
    RAMB36_X0Y3          RAMB36E1                                     r  u_Digital_Spectrometer/u_Spectral_Averager/u_Simple_Dual_Port_RAM/ram_reg_1/CLKBWRCLK
  -------------------------------------------------------------------    -------------------
    RAMB36_X0Y3          RAMB36E1 (Prop_ramb36e1_CLKBWRCLK_DOBDO[0])
                                                      2.454     3.427 r  u_Digital_Spectrometer/u_Spectral_Averager/u_Simple_Dual_Port_RAM/ram_reg_1/DOBDO[0]
                         net (fo=1, routed)           1.830     5.257    u_Digital_Spectrometer/u_Spectral_Averager/u_Simple_Dual_Port_RAM/Simple_Dual_Port_RAM_out1[2]
    SLICE_X25Y20         LUT2 (Prop_lut2_I1_O)        0.124     5.381 r  u_Digital_Spectrometer/u_Spectral_Averager/u_Simple_Dual_Port_RAM/avg_out[0]_INST_0_i_17/O
                         net (fo=1, routed)           0.000     5.381    u_Digital_Spectrometer/u_Spectral_Averager/u_Simple_Dual_Port_RAM/avg_out[0]_INST_0_i_17_n_0
    SLICE_X25Y20         CARRY4 (Prop_carry4_S[2]_CO[3])
                                                      0.398     5.779 r  u_Digital_Spectrometer/u_Spectral_Averager/u_Simple_Dual_Port_RAM/avg_out[0]_INST_0_i_11/CO[3]
                         net (fo=1, routed)           0.000     5.779    u_Digital_Spectrometer/u_Spectral_Averager/u_Simple_Dual_Port_RAM/avg_out[0]_INST_0_i_11_n_0
    SLICE_X25Y21         CARRY4 (Prop_carry4_CI_CO[3])
                                                      0.114     5.893 r  u_Digital_Spectrometer/u_Spectral_Averager/u_Simple_Dual_Port_RAM/avg_out[0]_INST_0_i_6/CO[3]
                         net (fo=1, routed)           0.000     5.893    u_Digital_Spectrometer/u_Spectral_Averager/u_Simple_Dual_Port_RAM/avg_out[0]_INST_0_i_6_n_0
    SLICE_X25Y22         CARRY4 (Prop_carry4_CI_CO[3])
                                                      0.114     6.007 r  u_Digital_Spectrometer/u_Spectral_Averager/u_Simple_Dual_Port_RAM/avg_out[0]_INST_0_i_5/CO[3]
                         net (fo=1, routed)           0.000     6.007    u_Digital_Spectrometer/u_Spectral_Averager/u_Simple_Dual_Port_RAM/avg_out[0]_INST_0_i_5_n_0
    SLICE_X25Y23         CARRY4 (Prop_carry4_CI_CO[3])
                                                      0.114     6.121 r  u_Digital_Spectrometer/u_Spectral_Averager/u_Simple_Dual_Port_RAM/avg_out[4]_INST_0_i_5/CO[3]
                         net (fo=1, routed)           0.000     6.121    u_Digital_Spectrometer/u_Spectral_Averager/u_Simple_Dual_Port_RAM/avg_out[4]_INST_0_i_5_n_0
    SLICE_X25Y24         CARRY4 (Prop_carry4_CI_CO[3])
                                                      0.114     6.235 r  u_Digital_Spectrometer/u_Spectral_Averager/u_Simple_Dual_Port_RAM/avg_out[12]_INST_0_i_7/CO[3]
                         net (fo=1, routed)           0.009     6.244    u_Digital_Spectrometer/u_Spectral_Averager/u_Simple_Dual_Port_RAM/avg_out[12]_INST_0_i_7_n_0
    SLICE_X25Y25         CARRY4 (Prop_carry4_CI_O[0])
                                                      0.222     6.466 r  u_Digital_Spectrometer/u_Spectral_Averager/u_Simple_Dual_Port_RAM/avg_out[12]_INST_0_i_2/O[0]
                         net (fo=1, routed)           1.501     7.967    u_Digital_Spectrometer/u_Spectral_Averager/u_Simple_Dual_Port_RAM/RESIZE[9]
    SLICE_X15Y17         LUT2 (Prop_lut2_I1_O)        0.299     8.266 r  u_Digital_Spectrometer/u_Spectral_Averager/u_Simple_Dual_Port_RAM/avg_out[8]_INST_0_i_3/O
                         net (fo=1, routed)           0.000     8.266    u_Digital_Spectrometer/u_Spectral_Averager/u_Simple_Dual_Port_RAM/avg_out[8]_INST_0_i_3_n_0
    SLICE_X15Y17         CARRY4 (Prop_carry4_S[1]_CO[3])
                                                      0.550     8.816 r  u_Digital_Spectrometer/u_Spectral_Averager/u_Simple_Dual_Port_RAM/avg_out[8]_INST_0/CO[3]
                         net (fo=1, routed)           0.000     8.816    u_Digital_Spectrometer/u_Spectral_Averager/u_Simple_Dual_Port_RAM/avg_out[8]_INST_0_n_0
    SLICE_X15Y18         CARRY4 (Prop_carry4_CI_CO[3])
                                                      0.114     8.930 r  u_Digital_Spectrometer/u_Spectral_Averager/u_Simple_Dual_Port_RAM/avg_out[12]_INST_0/CO[3]
                         net (fo=1, routed)           0.000     8.930    u_Digital_Spectrometer/u_Spectral_Averager/u_Simple_Dual_Port_RAM/avg_out[12]_INST_0_n_0
    SLICE_X15Y19         CARRY4 (Prop_carry4_CI_CO[3])
                                                      0.114     9.044 r  u_Digital_Spectrometer/u_Spectral_Averager/u_Simple_Dual_Port_RAM/avg_out[16]_INST_0/CO[3]
                         net (fo=1, routed)           0.000     9.044    u_Digital_Spectrometer/u_Spectral_Averager/u_Simple_Dual_Port_RAM/avg_out[16]_INST_0_n_0
    SLICE_X15Y20         CARRY4 (Prop_carry4_CI_O[1])
                                                      0.334     9.378 r  u_Digital_Spectrometer/u_Spectral_Averager/u_Simple_Dual_Port_RAM/avg_out[20]_INST_0/O[1]
                         net (fo=1, unset)            0.973    10.351    avg_out[21]
                                                                      r  avg_out[21] (OUT)
  -------------------------------------------------------------------    -------------------

Slack:                    inf
  Source:                 u_Digital_Spectrometer/u_Spectral_Averager/u_Simple_Dual_Port_RAM/ram_reg_1/CLKBWRCLK
                            (rising edge-triggered cell RAMB36E1 clocked by MWCLK  {rise@0.000ns fall@8.333ns period=16.667ns})
  Destination:            avg_out[23]
                            (output port)
  Path Group:             (none)
  Path Type:              Max at Slow Process Corner
  Data Path Delay:        9.357ns  (logic 5.044ns (53.905%)  route 4.313ns (46.095%))
  Logic Levels:           12  (CARRY4=10 LUT2=2)
  Clock Uncertainty:      0.025ns  ((TSJ^2 + TIJ^2)^1/2 + DJ) / 2 + PE
    Total System Jitter     (TSJ):    0.050ns
    Total Input Jitter      (TIJ):    0.000ns
    Discrete Jitter          (DJ):    0.000ns
    Phase Error              (PE):    0.000ns

    Location             Delay type                Incr(ns)  Path(ns)    Netlist Resource(s)
  -------------------------------------------------------------------    -------------------
                         (clock MWCLK rise edge)      0.000     0.000 r  
                                                      0.000     0.000 r  clk (IN)
                         net (fo=29022, unset)        0.973     0.973    u_Digital_Spectrometer/u_Spectral_Averager/u_Simple_Dual_Port_RAM/clk
    RAMB36_X0Y3          RAMB36E1                                     r  u_Digital_Spectrometer/u_Spectral_Averager/u_Simple_Dual_Port_RAM/ram_reg_1/CLKBWRCLK
  -------------------------------------------------------------------    -------------------
    RAMB36_X0Y3          RAMB36E1 (Prop_ramb36e1_CLKBWRCLK_DOBDO[0])
                                                      2.454     3.427 r  u_Digital_Spectrometer/u_Spectral_Averager/u_Simple_Dual_Port_RAM/ram_reg_1/DOBDO[0]
                         net (fo=1, routed)           1.830     5.257    u_Digital_Spectrometer/u_Spectral_Averager/u_Simple_Dual_Port_RAM/Simple_Dual_Port_RAM_out1[2]
    SLICE_X25Y20         LUT2 (Prop_lut2_I1_O)        0.124     5.381 r  u_Digital_Spectrometer/u_Spectral_Averager/u_Simple_Dual_Port_RAM/avg_out[0]_INST_0_i_17/O
                         net (fo=1, routed)           0.000     5.381    u_Digital_Spectrometer/u_Spectral_Averager/u_Simple_Dual_Port_RAM/avg_out[0]_INST_0_i_17_n_0
    SLICE_X25Y20         CARRY4 (Prop_carry4_S[2]_CO[3])
                                                      0.398     5.779 r  u_Digital_Spectrometer/u_Spectral_Averager/u_Simple_Dual_Port_RAM/avg_out[0]_INST_0_i_11/CO[3]
                         net (fo=1, routed)           0.000     5.779    u_Digital_Spectrometer/u_Spectral_Averager/u_Simple_Dual_Port_RAM/avg_out[0]_INST_0_i_11_n_0
    SLICE_X25Y21         CARRY4 (Prop_carry4_CI_CO[3])
                                                      0.114     5.893 r  u_Digital_Spectrometer/u_Spectral_Averager/u_Simple_Dual_Port_RAM/avg_out[0]_INST_0_i_6/CO[3]
                         net (fo=1, routed)           0.000     5.893    u_Digital_Spectrometer/u_Spectral_Averager/u_Simple_Dual_Port_RAM/avg_out[0]_INST_0_i_6_n_0
    SLICE_X25Y22         CARRY4 (Prop_carry4_CI_CO[3])
                                                      0.114     6.007 r  u_Digital_Spectrometer/u_Spectral_Averager/u_Simple_Dual_Port_RAM/avg_out[0]_INST_0_i_5/CO[3]
                         net (fo=1, routed)           0.000     6.007    u_Digital_Spectrometer/u_Spectral_Averager/u_Simple_Dual_Port_RAM/avg_out[0]_INST_0_i_5_n_0
    SLICE_X25Y23         CARRY4 (Prop_carry4_CI_CO[3])
                                                      0.114     6.121 r  u_Digital_Spectrometer/u_Spectral_Averager/u_Simple_Dual_Port_RAM/avg_out[4]_INST_0_i_5/CO[3]
                         net (fo=1, routed)           0.000     6.121    u_Digital_Spectrometer/u_Spectral_Averager/u_Simple_Dual_Port_RAM/avg_out[4]_INST_0_i_5_n_0
    SLICE_X25Y24         CARRY4 (Prop_carry4_CI_CO[3])
                                                      0.114     6.235 r  u_Digital_Spectrometer/u_Spectral_Averager/u_Simple_Dual_Port_RAM/avg_out[12]_INST_0_i_7/CO[3]
                         net (fo=1, routed)           0.009     6.244    u_Digital_Spectrometer/u_Spectral_Averager/u_Simple_Dual_Port_RAM/avg_out[12]_INST_0_i_7_n_0
    SLICE_X25Y25         CARRY4 (Prop_carry4_CI_O[0])
                                                      0.222     6.466 r  u_Digital_Spectrometer/u_Spectral_Averager/u_Simple_Dual_Port_RAM/avg_out[12]_INST_0_i_2/O[0]
                         net (fo=1, routed)           1.501     7.967    u_Digital_Spectrometer/u_Spectral_Averager/u_Simple_Dual_Port_RAM/RESIZE[9]
    SLICE_X15Y17         LUT2 (Prop_lut2_I1_O)        0.299     8.266 r  u_Digital_Spectrometer/u_Spectral_Averager/u_Simple_Dual_Port_RAM/avg_out[8]_INST_0_i_3/O
                         net (fo=1, routed)           0.000     8.266    u_Digital_Spectrometer/u_Spectral_Averager/u_Simple_Dual_Port_RAM/avg_out[8]_INST_0_i_3_n_0
    SLICE_X15Y17         CARRY4 (Prop_carry4_S[1]_CO[3])
                                                      0.550     8.816 r  u_Digital_Spectrometer/u_Spectral_Averager/u_Simple_Dual_Port_RAM/avg_out[8]_INST_0/CO[3]
                         net (fo=1, routed)           0.000     8.816    u_Digital_Spectrometer/u_Spectral_Averager/u_Simple_Dual_Port_RAM/avg_out[8]_INST_0_n_0
    SLICE_X15Y18         CARRY4 (Prop_carry4_CI_CO[3])
                                                      0.114     8.930 r  u_Digital_Spectrometer/u_Spectral_Averager/u_Simple_Dual_Port_RAM/avg_out[12]_INST_0/CO[3]
                         net (fo=1, routed)           0.000     8.930    u_Digital_Spectrometer/u_Spectral_Averager/u_Simple_Dual_Port_RAM/avg_out[12]_INST_0_n_0
    SLICE_X15Y19         CARRY4 (Prop_carry4_CI_CO[3])
                                                      0.114     9.044 r  u_Digital_Spectrometer/u_Spectral_Averager/u_Simple_Dual_Port_RAM/avg_out[16]_INST_0/CO[3]
                         net (fo=1, routed)           0.000     9.044    u_Digital_Spectrometer/u_Spectral_Averager/u_Simple_Dual_Port_RAM/avg_out[16]_INST_0_n_0
    SLICE_X15Y20         CARRY4 (Prop_carry4_CI_O[3])
                                                      0.313     9.357 r  u_Digital_Spectrometer/u_Spectral_Averager/u_Simple_Dual_Port_RAM/avg_out[20]_INST_0/O[3]
                         net (fo=1, unset)            0.973    10.330    avg_out[23]
                                                                      r  avg_out[23] (OUT)
  -------------------------------------------------------------------    -------------------





Min Delay Paths
--------------------------------------------------------------------------------------
Slack:                    inf
  Source:                 u_Digital_Spectrometer/xin26_reg[11]/C
                            (rising edge-triggered cell FDCE clocked by MWCLK  {rise@0.000ns fall@8.333ns period=16.667ns})
  Destination:            mag_out[11]
                            (output port)
  Path Group:             (none)
  Path Type:              Min at Fast Process Corner
  Data Path Delay:        0.538ns  (logic 0.128ns (23.786%)  route 0.410ns (76.214%))
  Logic Levels:           0  
  Clock Uncertainty:      0.025ns  ((TSJ^2 + TIJ^2)^1/2 + DJ) / 2 + PE
    Total System Jitter     (TSJ):    0.050ns
    Total Input Jitter      (TIJ):    0.000ns
    Discrete Jitter          (DJ):    0.000ns
    Phase Error              (PE):    0.000ns

    Location             Delay type                Incr(ns)  Path(ns)    Netlist Resource(s)
  -------------------------------------------------------------------    -------------------
                         (clock MWCLK rise edge)      0.000     0.000 r  
                                                      0.000     0.000 r  clk (IN)
                         net (fo=29022, unset)        0.410     0.410    u_Digital_Spectrometer/clk
    SLICE_X23Y30         FDCE                                         r  u_Digital_Spectrometer/xin26_reg[11]/C
  -------------------------------------------------------------------    -------------------
    SLICE_X23Y30         FDCE (Prop_fdce_C_Q)         0.128     0.538 r  u_Digital_Spectrometer/xin26_reg[11]/Q
                         net (fo=3, unset)            0.410     0.948    mag_out[11]
                                                                      r  mag_out[11] (OUT)
  -------------------------------------------------------------------    -------------------

Slack:                    inf
  Source:                 u_Digital_Spectrometer/xin26_reg[13]/C
                            (rising edge-triggered cell FDCE clocked by MWCLK  {rise@0.000ns fall@8.333ns period=16.667ns})
  Destination:            mag_out[13]
                            (output port)
  Path Group:             (none)
  Path Type:              Min at Fast Process Corner
  Data Path Delay:        0.538ns  (logic 0.128ns (23.786%)  route 0.410ns (76.214%))
  Logic Levels:           0  
  Clock Uncertainty:      0.025ns  ((TSJ^2 + TIJ^2)^1/2 + DJ) / 2 + PE
    Total System Jitter     (TSJ):    0.050ns
    Total Input Jitter      (TIJ):    0.000ns
    Discrete Jitter          (DJ):    0.000ns
    Phase Error              (PE):    0.000ns

    Location             Delay type                Incr(ns)  Path(ns)    Netlist Resource(s)
  -------------------------------------------------------------------    -------------------
                         (clock MWCLK rise edge)      0.000     0.000 r  
                                                      0.000     0.000 r  clk (IN)
                         net (fo=29022, unset)        0.410     0.410    u_Digital_Spectrometer/clk
    SLICE_X24Y30         FDCE                                         r  u_Digital_Spectrometer/xin26_reg[13]/C
  -------------------------------------------------------------------    -------------------
    SLICE_X24Y30         FDCE (Prop_fdce_C_Q)         0.128     0.538 r  u_Digital_Spectrometer/xin26_reg[13]/Q
                         net (fo=3, unset)            0.410     0.948    mag_out[13]
                                                                      r  mag_out[13] (OUT)
  -------------------------------------------------------------------    -------------------

Slack:                    inf
  Source:                 u_Digital_Spectrometer/xin26_reg[15]/C
                            (rising edge-triggered cell FDCE clocked by MWCLK  {rise@0.000ns fall@8.333ns period=16.667ns})
  Destination:            mag_out[15]
                            (output port)
  Path Group:             (none)
  Path Type:              Min at Fast Process Corner
  Data Path Delay:        0.538ns  (logic 0.128ns (23.786%)  route 0.410ns (76.214%))
  Logic Levels:           0  
  Clock Uncertainty:      0.025ns  ((TSJ^2 + TIJ^2)^1/2 + DJ) / 2 + PE
    Total System Jitter     (TSJ):    0.050ns
    Total Input Jitter      (TIJ):    0.000ns
    Discrete Jitter          (DJ):    0.000ns
    Phase Error              (PE):    0.000ns

    Location             Delay type                Incr(ns)  Path(ns)    Netlist Resource(s)
  -------------------------------------------------------------------    -------------------
                         (clock MWCLK rise edge)      0.000     0.000 r  
                                                      0.000     0.000 r  clk (IN)
                         net (fo=29022, unset)        0.410     0.410    u_Digital_Spectrometer/clk
    SLICE_X24Y30         FDCE                                         r  u_Digital_Spectrometer/xin26_reg[15]/C
  -------------------------------------------------------------------    -------------------
    SLICE_X24Y30         FDCE (Prop_fdce_C_Q)         0.128     0.538 r  u_Digital_Spectrometer/xin26_reg[15]/Q
                         net (fo=3, unset)            0.410     0.948    mag_out[15]
                                                                      r  mag_out[15] (OUT)
  -------------------------------------------------------------------    -------------------

Slack:                    inf
  Source:                 u_Digital_Spectrometer/xin26_reg[17]/C
                            (rising edge-triggered cell FDCE clocked by MWCLK  {rise@0.000ns fall@8.333ns period=16.667ns})
  Destination:            mag_out[17]
                            (output port)
  Path Group:             (none)
  Path Type:              Min at Fast Process Corner
  Data Path Delay:        0.538ns  (logic 0.128ns (23.786%)  route 0.410ns (76.214%))
  Logic Levels:           0  
  Clock Uncertainty:      0.025ns  ((TSJ^2 + TIJ^2)^1/2 + DJ) / 2 + PE
    Total System Jitter     (TSJ):    0.050ns
    Total Input Jitter      (TIJ):    0.000ns
    Discrete Jitter          (DJ):    0.000ns
    Phase Error              (PE):    0.000ns

    Location             Delay type                Incr(ns)  Path(ns)    Netlist Resource(s)
  -------------------------------------------------------------------    -------------------
                         (clock MWCLK rise edge)      0.000     0.000 r  
                                                      0.000     0.000 r  clk (IN)
                         net (fo=29022, unset)        0.410     0.410    u_Digital_Spectrometer/clk
    SLICE_X23Y31         FDCE                                         r  u_Digital_Spectrometer/xin26_reg[17]/C
  -------------------------------------------------------------------    -------------------
    SLICE_X23Y31         FDCE (Prop_fdce_C_Q)         0.128     0.538 r  u_Digital_Spectrometer/xin26_reg[17]/Q
                         net (fo=3, unset)            0.410     0.948    mag_out[17]
                                                                      r  mag_out[17] (OUT)
  -------------------------------------------------------------------    -------------------

Slack:                    inf
  Source:                 u_Digital_Spectrometer/xin26_reg[19]/C
                            (rising edge-triggered cell FDCE clocked by MWCLK  {rise@0.000ns fall@8.333ns period=16.667ns})
  Destination:            mag_out[19]
                            (output port)
  Path Group:             (none)
  Path Type:              Min at Fast Process Corner
  Data Path Delay:        0.538ns  (logic 0.128ns (23.786%)  route 0.410ns (76.214%))
  Logic Levels:           0  
  Clock Uncertainty:      0.025ns  ((TSJ^2 + TIJ^2)^1/2 + DJ) / 2 + PE
    Total System Jitter     (TSJ):    0.050ns
    Total Input Jitter      (TIJ):    0.000ns
    Discrete Jitter          (DJ):    0.000ns
    Phase Error              (PE):    0.000ns

    Location             Delay type                Incr(ns)  Path(ns)    Netlist Resource(s)
  -------------------------------------------------------------------    -------------------
                         (clock MWCLK rise edge)      0.000     0.000 r  
                                                      0.000     0.000 r  clk (IN)
                         net (fo=29022, unset)        0.410     0.410    u_Digital_Spectrometer/clk
    SLICE_X23Y31         FDCE                                         r  u_Digital_Spectrometer/xin26_reg[19]/C
  -------------------------------------------------------------------    -------------------
    SLICE_X23Y31         FDCE (Prop_fdce_C_Q)         0.128     0.538 r  u_Digital_Spectrometer/xin26_reg[19]/Q
                         net (fo=3, unset)            0.410     0.948    mag_out[19]
                                                                      r  mag_out[19] (OUT)
  -------------------------------------------------------------------    -------------------

Slack:                    inf
  Source:                 u_Digital_Spectrometer/xin26_reg[1]/C
                            (rising edge-triggered cell FDCE clocked by MWCLK  {rise@0.000ns fall@8.333ns period=16.667ns})
  Destination:            mag_out[1]
                            (output port)
  Path Group:             (none)
  Path Type:              Min at Fast Process Corner
  Data Path Delay:        0.538ns  (logic 0.128ns (23.786%)  route 0.410ns (76.214%))
  Logic Levels:           0  
  Clock Uncertainty:      0.025ns  ((TSJ^2 + TIJ^2)^1/2 + DJ) / 2 + PE
    Total System Jitter     (TSJ):    0.050ns
    Total Input Jitter      (TIJ):    0.000ns
    Discrete Jitter          (DJ):    0.000ns
    Phase Error              (PE):    0.000ns

    Location             Delay type                Incr(ns)  Path(ns)    Netlist Resource(s)
  -------------------------------------------------------------------    -------------------
                         (clock MWCLK rise edge)      0.000     0.000 r  
                                                      0.000     0.000 r  clk (IN)
                         net (fo=29022, unset)        0.410     0.410    u_Digital_Spectrometer/clk
    SLICE_X24Y30         FDCE                                         r  u_Digital_Spectrometer/xin26_reg[1]/C
  -------------------------------------------------------------------    -------------------
    SLICE_X24Y30         FDCE (Prop_fdce_C_Q)         0.128     0.538 r  u_Digital_Spectrometer/xin26_reg[1]/Q
                         net (fo=3, unset)            0.410     0.948    mag_out[1]
                                                                      r  mag_out[1] (OUT)
  -------------------------------------------------------------------    -------------------

Slack:                    inf
  Source:                 u_Digital_Spectrometer/xin26_reg[21]/C
                            (rising edge-triggered cell FDCE clocked by MWCLK  {rise@0.000ns fall@8.333ns period=16.667ns})
  Destination:            mag_out[21]
                            (output port)
  Path Group:             (none)
  Path Type:              Min at Fast Process Corner
  Data Path Delay:        0.538ns  (logic 0.128ns (23.786%)  route 0.410ns (76.214%))
  Logic Levels:           0  
  Clock Uncertainty:      0.025ns  ((TSJ^2 + TIJ^2)^1/2 + DJ) / 2 + PE
    Total System Jitter     (TSJ):    0.050ns
    Total Input Jitter      (TIJ):    0.000ns
    Discrete Jitter          (DJ):    0.000ns
    Phase Error              (PE):    0.000ns

    Location             Delay type                Incr(ns)  Path(ns)    Netlist Resource(s)
  -------------------------------------------------------------------    -------------------
                         (clock MWCLK rise edge)      0.000     0.000 r  
                                                      0.000     0.000 r  clk (IN)
                         net (fo=29022, unset)        0.410     0.410    u_Digital_Spectrometer/clk
    SLICE_X25Y37         FDCE                                         r  u_Digital_Spectrometer/xin26_reg[21]/C
  -------------------------------------------------------------------    -------------------
    SLICE_X25Y37         FDCE (Prop_fdce_C_Q)         0.128     0.538 r  u_Digital_Spectrometer/xin26_reg[21]/Q
                         net (fo=3, unset)            0.410     0.948    mag_out[21]
                                                                      r  mag_out[21] (OUT)
  -------------------------------------------------------------------    -------------------

Slack:                    inf
  Source:                 u_Digital_Spectrometer/xin26_reg[23]/C
                            (rising edge-triggered cell FDCE clocked by MWCLK  {rise@0.000ns fall@8.333ns period=16.667ns})
  Destination:            mag_out[23]
                            (output port)
  Path Group:             (none)
  Path Type:              Min at Fast Process Corner
  Data Path Delay:        0.538ns  (logic 0.128ns (23.786%)  route 0.410ns (76.214%))
  Logic Levels:           0  
  Clock Uncertainty:      0.025ns  ((TSJ^2 + TIJ^2)^1/2 + DJ) / 2 + PE
    Total System Jitter     (TSJ):    0.050ns
    Total Input Jitter      (TIJ):    0.000ns
    Discrete Jitter          (DJ):    0.000ns
    Phase Error              (PE):    0.000ns

    Location             Delay type                Incr(ns)  Path(ns)    Netlist Resource(s)
  -------------------------------------------------------------------    -------------------
                         (clock MWCLK rise edge)      0.000     0.000 r  
                                                      0.000     0.000 r  clk (IN)
                         net (fo=29022, unset)        0.410     0.410    u_Digital_Spectrometer/clk
    SLICE_X25Y37         FDCE                                         r  u_Digital_Spectrometer/xin26_reg[23]/C
  -------------------------------------------------------------------    -------------------
    SLICE_X25Y37         FDCE (Prop_fdce_C_Q)         0.128     0.538 r  u_Digital_Spectrometer/xin26_reg[23]/Q
                         net (fo=2, unset)            0.410     0.948    mag_out[23]
                                                                      r  mag_out[23] (OUT)
  -------------------------------------------------------------------    -------------------

Slack:                    inf
  Source:                 u_Digital_Spectrometer/xin26_reg[25]/C
                            (rising edge-triggered cell FDCE clocked by MWCLK  {rise@0.000ns fall@8.333ns period=16.667ns})
  Destination:            mag_out[25]
                            (output port)
  Path Group:             (none)
  Path Type:              Min at Fast Process Corner
  Data Path Delay:        0.538ns  (logic 0.128ns (23.786%)  route 0.410ns (76.214%))
  Logic Levels:           0  
  Clock Uncertainty:      0.025ns  ((TSJ^2 + TIJ^2)^1/2 + DJ) / 2 + PE
    Total System Jitter     (TSJ):    0.050ns
    Total Input Jitter      (TIJ):    0.000ns
    Discrete Jitter          (DJ):    0.000ns
    Phase Error              (PE):    0.000ns

    Location             Delay type                Incr(ns)  Path(ns)    Netlist Resource(s)
  -------------------------------------------------------------------    -------------------
                         (clock MWCLK rise edge)      0.000     0.000 r  
                                                      0.000     0.000 r  clk (IN)
                         net (fo=29022, unset)        0.410     0.410    u_Digital_Spectrometer/clk
    SLICE_X25Y37         FDCE                                         r  u_Digital_Spectrometer/xin26_reg[25]/C
  -------------------------------------------------------------------    -------------------
    SLICE_X25Y37         FDCE (Prop_fdce_C_Q)         0.128     0.538 r  u_Digital_Spectrometer/xin26_reg[25]/Q
                         net (fo=0)                   0.410     0.948    mag_out[25]
                                                                      r  mag_out[25] (OUT)
  -------------------------------------------------------------------    -------------------

Slack:                    inf
  Source:                 u_Digital_Spectrometer/xin26_reg[3]/C
                            (rising edge-triggered cell FDCE clocked by MWCLK  {rise@0.000ns fall@8.333ns period=16.667ns})
  Destination:            mag_out[3]
                            (output port)
  Path Group:             (none)
  Path Type:              Min at Fast Process Corner
  Data Path Delay:        0.538ns  (logic 0.128ns (23.786%)  route 0.410ns (76.214%))
  Logic Levels:           0  
  Clock Uncertainty:      0.025ns  ((TSJ^2 + TIJ^2)^1/2 + DJ) / 2 + PE
    Total System Jitter     (TSJ):    0.050ns
    Total Input Jitter      (TIJ):    0.000ns
    Discrete Jitter          (DJ):    0.000ns
    Phase Error              (PE):    0.000ns

    Location             Delay type                Incr(ns)  Path(ns)    Netlist Resource(s)
  -------------------------------------------------------------------    -------------------
                         (clock MWCLK rise edge)      0.000     0.000 r  
                                                      0.000     0.000 r  clk (IN)
                         net (fo=29022, unset)        0.410     0.410    u_Digital_Spectrometer/clk
    SLICE_X23Y30         FDCE                                         r  u_Digital_Spectrometer/xin26_reg[3]/C
  -------------------------------------------------------------------    -------------------
    SLICE_X23Y30         FDCE (Prop_fdce_C_Q)         0.128     0.538 r  u_Digital_Spectrometer/xin26_reg[3]/Q
                         net (fo=3, unset)            0.410     0.948    mag_out[3]
                                                                      r  mag_out[3] (OUT)
  -------------------------------------------------------------------    -------------------





--------------------------------------------------------------------------------------
Path Group:  (none)
From Clock:  
  To Clock:  MWCLK

Max Delay         50009 Endpoints
Min Delay         50009 Endpoints
--------------------------------------------------------------------------------------


Max Delay Paths
--------------------------------------------------------------------------------------
Slack:                    inf
  Source:                 clk_enable
                            (input port)
  Destination:            u_Digital_Spectrometer/u_512_pt_FFT/u_RADIX2/twoLocationReg_0_MEM_re_0_reg[13]/CE
                            (rising edge-triggered cell FDCE clocked by MWCLK  {rise@0.000ns fall@8.333ns period=16.667ns})
  Path Group:             (none)
  Path Type:              Setup (Max at Slow Process Corner)
  Data Path Delay:        12.835ns  (logic 0.274ns (2.135%)  route 12.561ns (97.865%))
  Logic Levels:           2  (LUT2=2)
  Clock Path Skew:        0.924ns (DCD - SCD + CPR)
    Destination Clock Delay (DCD):    0.924ns
    Source Clock Delay      (SCD):    0.000ns
    Clock Pessimism Removal (CPR):    0.000ns
  Clock Uncertainty:      0.025ns  ((TSJ^2 + TIJ^2)^1/2 + DJ) / 2 + PE
    Total System Jitter     (TSJ):    0.050ns
    Total Input Jitter      (TIJ):    0.000ns
    Discrete Jitter          (DJ):    0.000ns
    Phase Error              (PE):    0.000ns

    Location             Delay type                Incr(ns)  Path(ns)    Netlist Resource(s)
  -------------------------------------------------------------------    -------------------
                                                      0.000     0.000 r  clk_enable (IN)
                         net (fo=546, unset)          0.973     0.973    u_Digital_Spectrometer_from_Chirp_DDC_tc/clk_enable
    SLICE_X70Y28         LUT2 (Prop_lut2_I1_O)        0.124     1.097 r  u_Digital_Spectrometer_from_Chirp_DDC_tc/xin26[25]_i_1/O
                         net (fo=132, routed)         8.537     9.634    u_Digital_Spectrometer_from_Chirp_DDC_tc/enb_1_2_0
    SLICE_X3Y0           LUT2 (Prop_lut2_I0_O)        0.150     9.784 r  u_Digital_Spectrometer_from_Chirp_DDC_tc/twoLocationReg_0_MEM_re_0[24]_i_1/O
                         net (fo=50, routed)          3.051    12.835    u_Digital_Spectrometer/u_512_pt_FFT/u_RADIX2/twoLocationReg_0_MEM_re_0_reg[24]_0[0]
    SLICE_X24Y13         FDCE                                         r  u_Digital_Spectrometer/u_512_pt_FFT/u_RADIX2/twoLocationReg_0_MEM_re_0_reg[13]/CE
  -------------------------------------------------------------------    -------------------

                         (clock MWCLK rise edge)      0.000     0.000 r  
                                                      0.000     0.000 r  clk (IN)
                         net (fo=29022, unset)        0.924     0.924    u_Digital_Spectrometer/u_512_pt_FFT/u_RADIX2/clk
    SLICE_X24Y13         FDCE                                         r  u_Digital_Spectrometer/u_512_pt_FFT/u_RADIX2/twoLocationReg_0_MEM_re_0_reg[13]/C

Slack:                    inf
  Source:                 clk_enable
                            (input port)
  Destination:            u_Digital_Spectrometer/u_512_pt_FFT/u_RADIX2/twoLocationReg_0_MEM_re_0_reg[14]/CE
                            (rising edge-triggered cell FDCE clocked by MWCLK  {rise@0.000ns fall@8.333ns period=16.667ns})
  Path Group:             (none)
  Path Type:              Setup (Max at Slow Process Corner)
  Data Path Delay:        12.835ns  (logic 0.274ns (2.135%)  route 12.561ns (97.865%))
  Logic Levels:           2  (LUT2=2)
  Clock Path Skew:        0.924ns (DCD - SCD + CPR)
    Destination Clock Delay (DCD):    0.924ns
    Source Clock Delay      (SCD):    0.000ns
    Clock Pessimism Removal (CPR):    0.000ns
  Clock Uncertainty:      0.025ns  ((TSJ^2 + TIJ^2)^1/2 + DJ) / 2 + PE
    Total System Jitter     (TSJ):    0.050ns
    Total Input Jitter      (TIJ):    0.000ns
    Discrete Jitter          (DJ):    0.000ns
    Phase Error              (PE):    0.000ns

    Location             Delay type                Incr(ns)  Path(ns)    Netlist Resource(s)
  -------------------------------------------------------------------    -------------------
                                                      0.000     0.000 r  clk_enable (IN)
                         net (fo=546, unset)          0.973     0.973    u_Digital_Spectrometer_from_Chirp_DDC_tc/clk_enable
    SLICE_X70Y28         LUT2 (Prop_lut2_I1_O)        0.124     1.097 r  u_Digital_Spectrometer_from_Chirp_DDC_tc/xin26[25]_i_1/O
                         net (fo=132, routed)         8.537     9.634    u_Digital_Spectrometer_from_Chirp_DDC_tc/enb_1_2_0
    SLICE_X3Y0           LUT2 (Prop_lut2_I0_O)        0.150     9.784 r  u_Digital_Spectrometer_from_Chirp_DDC_tc/twoLocationReg_0_MEM_re_0[24]_i_1/O
                         net (fo=50, routed)          3.051    12.835    u_Digital_Spectrometer/u_512_pt_FFT/u_RADIX2/twoLocationReg_0_MEM_re_0_reg[24]_0[0]
    SLICE_X24Y13         FDCE                                         r  u_Digital_Spectrometer/u_512_pt_FFT/u_RADIX2/twoLocationReg_0_MEM_re_0_reg[14]/CE
  -------------------------------------------------------------------    -------------------

                         (clock MWCLK rise edge)      0.000     0.000 r  
                                                      0.000     0.000 r  clk (IN)
                         net (fo=29022, unset)        0.924     0.924    u_Digital_Spectrometer/u_512_pt_FFT/u_RADIX2/clk
    SLICE_X24Y13         FDCE                                         r  u_Digital_Spectrometer/u_512_pt_FFT/u_RADIX2/twoLocationReg_0_MEM_re_0_reg[14]/C

Slack:                    inf
  Source:                 clk_enable
                            (input port)
  Destination:            u_Digital_Spectrometer/u_512_pt_FFT/u_SDF2_8_1/twoLocationReg_0_MEM_im_1_reg[15]/CE
                            (rising edge-triggered cell FDCE clocked by MWCLK  {rise@0.000ns fall@8.333ns period=16.667ns})
  Path Group:             (none)
  Path Type:              Setup (Max at Slow Process Corner)
  Data Path Delay:        12.325ns  (logic 0.278ns (2.256%)  route 12.047ns (97.744%))
  Logic Levels:           2  (LUT2=1 LUT3=1)
  Clock Path Skew:        0.924ns (DCD - SCD + CPR)
    Destination Clock Delay (DCD):    0.924ns
    Source Clock Delay      (SCD):    0.000ns
    Clock Pessimism Removal (CPR):    0.000ns
  Clock Uncertainty:      0.025ns  ((TSJ^2 + TIJ^2)^1/2 + DJ) / 2 + PE
    Total System Jitter     (TSJ):    0.050ns
    Total Input Jitter      (TIJ):    0.000ns
    Discrete Jitter          (DJ):    0.000ns
    Phase Error              (PE):    0.000ns

    Location             Delay type                Incr(ns)  Path(ns)    Netlist Resource(s)
  -------------------------------------------------------------------    -------------------
                                                      0.000     0.000 r  clk_enable (IN)
                         net (fo=546, unset)          0.973     0.973    u_Digital_Spectrometer_from_Chirp_DDC_tc/clk_enable
    SLICE_X70Y28         LUT2 (Prop_lut2_I1_O)        0.124     1.097 r  u_Digital_Spectrometer_from_Chirp_DDC_tc/xin26[25]_i_1/O
                         net (fo=132, routed)         8.406     9.503    u_Digital_Spectrometer/u_512_pt_FFT/u_SDF2_8_1/u_SDFCOMMUTATOR_8/lopt
    SLICE_X33Y30         LUT3 (Prop_lut3_I0_O)        0.154     9.657 r  u_Digital_Spectrometer/u_512_pt_FFT/u_SDF2_8_1/u_SDFCOMMUTATOR_8/twoLocationReg_0_MEM_re_1[22]_i_1/O
                         net (fo=46, routed)          2.668    12.325    u_Digital_Spectrometer/u_512_pt_FFT/u_SDF2_8_1/twoLocationReg_0_MEM_re_1
    SLICE_X31Y38         FDCE                                         r  u_Digital_Spectrometer/u_512_pt_FFT/u_SDF2_8_1/twoLocationReg_0_MEM_im_1_reg[15]/CE
  -------------------------------------------------------------------    -------------------

                         (clock MWCLK rise edge)      0.000     0.000 r  
                                                      0.000     0.000 r  clk (IN)
                         net (fo=29022, unset)        0.924     0.924    u_Digital_Spectrometer/u_512_pt_FFT/u_SDF2_8_1/clk
    SLICE_X31Y38         FDCE                                         r  u_Digital_Spectrometer/u_512_pt_FFT/u_SDF2_8_1/twoLocationReg_0_MEM_im_1_reg[15]/C

Slack:                    inf
  Source:                 clk_enable
                            (input port)
  Destination:            u_Digital_Spectrometer/u_512_pt_FFT/u_SDF2_8_1/twoLocationReg_0_MEM_im_1_reg[16]/CE
                            (rising edge-triggered cell FDCE clocked by MWCLK  {rise@0.000ns fall@8.333ns period=16.667ns})
  Path Group:             (none)
  Path Type:              Setup (Max at Slow Process Corner)
  Data Path Delay:        12.325ns  (logic 0.278ns (2.256%)  route 12.047ns (97.744%))
  Logic Levels:           2  (LUT2=1 LUT3=1)
  Clock Path Skew:        0.924ns (DCD - SCD + CPR)
    Destination Clock Delay (DCD):    0.924ns
    Source Clock Delay      (SCD):    0.000ns
    Clock Pessimism Removal (CPR):    0.000ns
  Clock Uncertainty:      0.025ns  ((TSJ^2 + TIJ^2)^1/2 + DJ) / 2 + PE
    Total System Jitter     (TSJ):    0.050ns
    Total Input Jitter      (TIJ):    0.000ns
    Discrete Jitter          (DJ):    0.000ns
    Phase Error              (PE):    0.000ns

    Location             Delay type                Incr(ns)  Path(ns)    Netlist Resource(s)
  -------------------------------------------------------------------    -------------------
                                                      0.000     0.000 r  clk_enable (IN)
                         net (fo=546, unset)          0.973     0.973    u_Digital_Spectrometer_from_Chirp_DDC_tc/clk_enable
    SLICE_X70Y28         LUT2 (Prop_lut2_I1_O)        0.124     1.097 r  u_Digital_Spectrometer_from_Chirp_DDC_tc/xin26[25]_i_1/O
                         net (fo=132, routed)         8.406     9.503    u_Digital_Spectrometer/u_512_pt_FFT/u_SDF2_8_1/u_SDFCOMMUTATOR_8/lopt
    SLICE_X33Y30         LUT3 (Prop_lut3_I0_O)        0.154     9.657 r  u_Digital_Spectrometer/u_512_pt_FFT/u_SDF2_8_1/u_SDFCOMMUTATOR_8/twoLocationReg_0_MEM_re_1[22]_i_1/O
                         net (fo=46, routed)          2.668    12.325    u_Digital_Spectrometer/u_512_pt_FFT/u_SDF2_8_1/twoLocationReg_0_MEM_re_1
    SLICE_X31Y38         FDCE                                         r  u_Digital_Spectrometer/u_512_pt_FFT/u_SDF2_8_1/twoLocationReg_0_MEM_im_1_reg[16]/CE
  -------------------------------------------------------------------    -------------------

                         (clock MWCLK rise edge)      0.000     0.000 r  
                                                      0.000     0.000 r  clk (IN)
                         net (fo=29022, unset)        0.924     0.924    u_Digital_Spectrometer/u_512_pt_FFT/u_SDF2_8_1/clk
    SLICE_X31Y38         FDCE                                         r  u_Digital_Spectrometer/u_512_pt_FFT/u_SDF2_8_1/twoLocationReg_0_MEM_im_1_reg[16]/C

Slack:                    inf
  Source:                 clk_enable
                            (input port)
  Destination:            u_Digital_Spectrometer/u_512_pt_FFT/u_SDF2_8_1/twoLocationReg_0_MEM_im_1_reg[4]/CE
                            (rising edge-triggered cell FDCE clocked by MWCLK  {rise@0.000ns fall@8.333ns period=16.667ns})
  Path Group:             (none)
  Path Type:              Setup (Max at Slow Process Corner)
  Data Path Delay:        12.325ns  (logic 0.278ns (2.256%)  route 12.047ns (97.744%))
  Logic Levels:           2  (LUT2=1 LUT3=1)
  Clock Path Skew:        0.924ns (DCD - SCD + CPR)
    Destination Clock Delay (DCD):    0.924ns
    Source Clock Delay      (SCD):    0.000ns
    Clock Pessimism Removal (CPR):    0.000ns
  Clock Uncertainty:      0.025ns  ((TSJ^2 + TIJ^2)^1/2 + DJ) / 2 + PE
    Total System Jitter     (TSJ):    0.050ns
    Total Input Jitter      (TIJ):    0.000ns
    Discrete Jitter          (DJ):    0.000ns
    Phase Error              (PE):    0.000ns

    Location             Delay type                Incr(ns)  Path(ns)    Netlist Resource(s)
  -------------------------------------------------------------------    -------------------
                                                      0.000     0.000 r  clk_enable (IN)
                         net (fo=546, unset)          0.973     0.973    u_Digital_Spectrometer_from_Chirp_DDC_tc/clk_enable
    SLICE_X70Y28         LUT2 (Prop_lut2_I1_O)        0.124     1.097 r  u_Digital_Spectrometer_from_Chirp_DDC_tc/xin26[25]_i_1/O
                         net (fo=132, routed)         8.406     9.503    u_Digital_Spectrometer/u_512_pt_FFT/u_SDF2_8_1/u_SDFCOMMUTATOR_8/lopt
    SLICE_X33Y30         LUT3 (Prop_lut3_I0_O)        0.154     9.657 r  u_Digital_Spectrometer/u_512_pt_FFT/u_SDF2_8_1/u_SDFCOMMUTATOR_8/twoLocationReg_0_MEM_re_1[22]_i_1/O
                         net (fo=46, routed)          2.668    12.325    u_Digital_Spectrometer/u_512_pt_FFT/u_SDF2_8_1/twoLocationReg_0_MEM_re_1
    SLICE_X31Y38         FDCE                                         r  u_Digital_Spectrometer/u_512_pt_FFT/u_SDF2_8_1/twoLocationReg_0_MEM_im_1_reg[4]/CE
  -------------------------------------------------------------------    -------------------

                         (clock MWCLK rise edge)      0.000     0.000 r  
                                                      0.000     0.000 r  clk (IN)
                         net (fo=29022, unset)        0.924     0.924    u_Digital_Spectrometer/u_512_pt_FFT/u_SDF2_8_1/clk
    SLICE_X31Y38         FDCE                                         r  u_Digital_Spectrometer/u_512_pt_FFT/u_SDF2_8_1/twoLocationReg_0_MEM_im_1_reg[4]/C

Slack:                    inf
  Source:                 clk_enable
                            (input port)
  Destination:            u_Digital_Spectrometer/u_512_pt_FFT/u_RADIX2/twoLocationReg_0_MEM_re_0_reg[18]/CE
                            (rising edge-triggered cell FDCE clocked by MWCLK  {rise@0.000ns fall@8.333ns period=16.667ns})
  Path Group:             (none)
  Path Type:              Setup (Max at Slow Process Corner)
  Data Path Delay:        12.324ns  (logic 0.274ns (2.223%)  route 12.050ns (97.777%))
  Logic Levels:           2  (LUT2=2)
  Clock Path Skew:        0.924ns (DCD - SCD + CPR)
    Destination Clock Delay (DCD):    0.924ns
    Source Clock Delay      (SCD):    0.000ns
    Clock Pessimism Removal (CPR):    0.000ns
  Clock Uncertainty:      0.025ns  ((TSJ^2 + TIJ^2)^1/2 + DJ) / 2 + PE
    Total System Jitter     (TSJ):    0.050ns
    Total Input Jitter      (TIJ):    0.000ns
    Discrete Jitter          (DJ):    0.000ns
    Phase Error              (PE):    0.000ns

    Location             Delay type                Incr(ns)  Path(ns)    Netlist Resource(s)
  -------------------------------------------------------------------    -------------------
                                                      0.000     0.000 r  clk_enable (IN)
                         net (fo=546, unset)          0.973     0.973    u_Digital_Spectrometer_from_Chirp_DDC_tc/clk_enable
    SLICE_X70Y28         LUT2 (Prop_lut2_I1_O)        0.124     1.097 r  u_Digital_Spectrometer_from_Chirp_DDC_tc/xin26[25]_i_1/O
                         net (fo=132, routed)         8.537     9.634    u_Digital_Spectrometer_from_Chirp_DDC_tc/enb_1_2_0
    SLICE_X3Y0           LUT2 (Prop_lut2_I0_O)        0.150     9.784 r  u_Digital_Spectrometer_from_Chirp_DDC_tc/twoLocationReg_0_MEM_re_0[24]_i_1/O
                         net (fo=50, routed)          2.540    12.324    u_Digital_Spectrometer/u_512_pt_FFT/u_RADIX2/twoLocationReg_0_MEM_re_0_reg[24]_0[0]
    SLICE_X23Y15         FDCE                                         r  u_Digital_Spectrometer/u_512_pt_FFT/u_RADIX2/twoLocationReg_0_MEM_re_0_reg[18]/CE
  -------------------------------------------------------------------    -------------------

                         (clock MWCLK rise edge)      0.000     0.000 r  
                                                      0.000     0.000 r  clk (IN)
                         net (fo=29022, unset)        0.924     0.924    u_Digital_Spectrometer/u_512_pt_FFT/u_RADIX2/clk
    SLICE_X23Y15         FDCE                                         r  u_Digital_Spectrometer/u_512_pt_FFT/u_RADIX2/twoLocationReg_0_MEM_re_0_reg[18]/C

Slack:                    inf
  Source:                 clk_enable
                            (input port)
  Destination:            u_Digital_Spectrometer/u_512_pt_FFT/u_RADIX2/twoLocationReg_0_MEM_re_0_reg[19]/CE
                            (rising edge-triggered cell FDCE clocked by MWCLK  {rise@0.000ns fall@8.333ns period=16.667ns})
  Path Group:             (none)
  Path Type:              Setup (Max at Slow Process Corner)
  Data Path Delay:        12.324ns  (logic 0.274ns (2.223%)  route 12.050ns (97.777%))
  Logic Levels:           2  (LUT2=2)
  Clock Path Skew:        0.924ns (DCD - SCD + CPR)
    Destination Clock Delay (DCD):    0.924ns
    Source Clock Delay      (SCD):    0.000ns
    Clock Pessimism Removal (CPR):    0.000ns
  Clock Uncertainty:      0.025ns  ((TSJ^2 + TIJ^2)^1/2 + DJ) / 2 + PE
    Total System Jitter     (TSJ):    0.050ns
    Total Input Jitter      (TIJ):    0.000ns
    Discrete Jitter          (DJ):    0.000ns
    Phase Error              (PE):    0.000ns

    Location             Delay type                Incr(ns)  Path(ns)    Netlist Resource(s)
  -------------------------------------------------------------------    -------------------
                                                      0.000     0.000 r  clk_enable (IN)
                         net (fo=546, unset)          0.973     0.973    u_Digital_Spectrometer_from_Chirp_DDC_tc/clk_enable
    SLICE_X70Y28         LUT2 (Prop_lut2_I1_O)        0.124     1.097 r  u_Digital_Spectrometer_from_Chirp_DDC_tc/xin26[25]_i_1/O
                         net (fo=132, routed)         8.537     9.634    u_Digital_Spectrometer_from_Chirp_DDC_tc/enb_1_2_0
    SLICE_X3Y0           LUT2 (Prop_lut2_I0_O)        0.150     9.784 r  u_Digital_Spectrometer_from_Chirp_DDC_tc/twoLocationReg_0_MEM_re_0[24]_i_1/O
                         net (fo=50, routed)          2.540    12.324    u_Digital_Spectrometer/u_512_pt_FFT/u_RADIX2/twoLocationReg_0_MEM_re_0_reg[24]_0[0]
    SLICE_X23Y15         FDCE                                         r  u_Digital_Spectrometer/u_512_pt_FFT/u_RADIX2/twoLocationReg_0_MEM_re_0_reg[19]/CE
  -------------------------------------------------------------------    -------------------

                         (clock MWCLK rise edge)      0.000     0.000 r  
                                                      0.000     0.000 r  clk (IN)
                         net (fo=29022, unset)        0.924     0.924    u_Digital_Spectrometer/u_512_pt_FFT/u_RADIX2/clk
    SLICE_X23Y15         FDCE                                         r  u_Digital_Spectrometer/u_512_pt_FFT/u_RADIX2/twoLocationReg_0_MEM_re_0_reg[19]/C

Slack:                    inf
  Source:                 clk_enable
                            (input port)
  Destination:            u_Digital_Spectrometer/u_Spectral_Averager/Delay1_reg_reg[415][26]_srl32_u_Digital_Spectrometer_u_Spectral_Averager_Delay1_reg_reg_c_13724/CE
                            (rising edge-triggered cell SRLC32E clocked by MWCLK  {rise@0.000ns fall@8.333ns period=16.667ns})
  Path Group:             (none)
  Path Type:              Setup (Max at Slow Process Corner)
  Data Path Delay:        12.305ns  (logic 0.248ns (2.015%)  route 12.057ns (97.985%))
  Logic Levels:           2  (LUT2=2)
  Clock Path Skew:        0.924ns (DCD - SCD + CPR)
    Destination Clock Delay (DCD):    0.924ns
    Source Clock Delay      (SCD):    0.000ns
    Clock Pessimism Removal (CPR):    0.000ns
  Clock Uncertainty:      0.025ns  ((TSJ^2 + TIJ^2)^1/2 + DJ) / 2 + PE
    Total System Jitter     (TSJ):    0.050ns
    Total Input Jitter      (TIJ):    0.000ns
    Discrete Jitter          (DJ):    0.000ns
    Phase Error              (PE):    0.000ns

    Location             Delay type                Incr(ns)  Path(ns)    Netlist Resource(s)
  -------------------------------------------------------------------    -------------------
                                                      0.000     0.000 r  clk_enable (IN)
                         net (fo=546, unset)          0.973     0.973    u_Digital_Spectrometer_from_Chirp_DDC_tc/clk_enable
    SLICE_X70Y28         LUT2 (Prop_lut2_I1_O)        0.124     1.097 r  u_Digital_Spectrometer_from_Chirp_DDC_tc/xin26[25]_i_1/O
                         net (fo=132, routed)         0.607     1.704    u_Digital_Spectrometer/u_Spectral_Averager/lopt
    SLICE_X78Y29         LUT2 (Prop_lut2_I0_O)        0.124     1.828 r  u_Digital_Spectrometer/u_Spectral_Averager/Spectral_Averag_LUT2_30/O
                         net (fo=1102, routed)       10.477    12.305    u_Digital_Spectrometer/u_Spectral_Averager/enb_1_2_0_gated_2
    SLICE_X10Y29         SRLC32E                                      r  u_Digital_Spectrometer/u_Spectral_Averager/Delay1_reg_reg[415][26]_srl32_u_Digital_Spectrometer_u_Spectral_Averager_Delay1_reg_reg_c_13724/CE
  -------------------------------------------------------------------    -------------------

                         (clock MWCLK rise edge)      0.000     0.000 r  
                                                      0.000     0.000 r  clk (IN)
                         net (fo=29022, unset)        0.924     0.924    u_Digital_Spectrometer/u_Spectral_Averager/clk
    SLICE_X10Y29         SRLC32E                                      r  u_Digital_Spectrometer/u_Spectral_Averager/Delay1_reg_reg[415][26]_srl32_u_Digital_Spectrometer_u_Spectral_Averager_Delay1_reg_reg_c_13724/CLK

Slack:                    inf
  Source:                 clk_enable
                            (input port)
  Destination:            u_Digital_Spectrometer/u_Spectral_Averager/Delay1_reg_reg[447][26]_srl32_u_Digital_Spectrometer_u_Spectral_Averager_Delay1_reg_reg_c_13756/CE
                            (rising edge-triggered cell SRLC32E clocked by MWCLK  {rise@0.000ns fall@8.333ns period=16.667ns})
  Path Group:             (none)
  Path Type:              Setup (Max at Slow Process Corner)
  Data Path Delay:        12.305ns  (logic 0.248ns (2.015%)  route 12.057ns (97.985%))
  Logic Levels:           2  (LUT2=2)
  Clock Path Skew:        0.924ns (DCD - SCD + CPR)
    Destination Clock Delay (DCD):    0.924ns
    Source Clock Delay      (SCD):    0.000ns
    Clock Pessimism Removal (CPR):    0.000ns
  Clock Uncertainty:      0.025ns  ((TSJ^2 + TIJ^2)^1/2 + DJ) / 2 + PE
    Total System Jitter     (TSJ):    0.050ns
    Total Input Jitter      (TIJ):    0.000ns
    Discrete Jitter          (DJ):    0.000ns
    Phase Error              (PE):    0.000ns

    Location             Delay type                Incr(ns)  Path(ns)    Netlist Resource(s)
  -------------------------------------------------------------------    -------------------
                                                      0.000     0.000 r  clk_enable (IN)
                         net (fo=546, unset)          0.973     0.973    u_Digital_Spectrometer_from_Chirp_DDC_tc/clk_enable
    SLICE_X70Y28         LUT2 (Prop_lut2_I1_O)        0.124     1.097 r  u_Digital_Spectrometer_from_Chirp_DDC_tc/xin26[25]_i_1/O
                         net (fo=132, routed)         0.607     1.704    u_Digital_Spectrometer/u_Spectral_Averager/lopt
    SLICE_X78Y29         LUT2 (Prop_lut2_I0_O)        0.124     1.828 r  u_Digital_Spectrometer/u_Spectral_Averager/Spectral_Averag_LUT2_30/O
                         net (fo=1102, routed)       10.477    12.305    u_Digital_Spectrometer/u_Spectral_Averager/enb_1_2_0_gated_2
    SLICE_X10Y29         SRLC32E                                      r  u_Digital_Spectrometer/u_Spectral_Averager/Delay1_reg_reg[447][26]_srl32_u_Digital_Spectrometer_u_Spectral_Averager_Delay1_reg_reg_c_13756/CE
  -------------------------------------------------------------------    -------------------

                         (clock MWCLK rise edge)      0.000     0.000 r  
                                                      0.000     0.000 r  clk (IN)
                         net (fo=29022, unset)        0.924     0.924    u_Digital_Spectrometer/u_Spectral_Averager/clk
    SLICE_X10Y29         SRLC32E                                      r  u_Digital_Spectrometer/u_Spectral_Averager/Delay1_reg_reg[447][26]_srl32_u_Digital_Spectrometer_u_Spectral_Averager_Delay1_reg_reg_c_13756/CLK

Slack:                    inf
  Source:                 clk_enable
                            (input port)
  Destination:            u_Digital_Spectrometer/u_Spectral_Averager/Delay1_reg_reg[479][26]_srl32_u_Digital_Spectrometer_u_Spectral_Averager_Delay1_reg_reg_c_13788/CE
                            (rising edge-triggered cell SRLC32E clocked by MWCLK  {rise@0.000ns fall@8.333ns period=16.667ns})
  Path Group:             (none)
  Path Type:              Setup (Max at Slow Process Corner)
  Data Path Delay:        12.305ns  (logic 0.248ns (2.015%)  route 12.057ns (97.985%))
  Logic Levels:           2  (LUT2=2)
  Clock Path Skew:        0.924ns (DCD - SCD + CPR)
    Destination Clock Delay (DCD):    0.924ns
    Source Clock Delay      (SCD):    0.000ns
    Clock Pessimism Removal (CPR):    0.000ns
  Clock Uncertainty:      0.025ns  ((TSJ^2 + TIJ^2)^1/2 + DJ) / 2 + PE
    Total System Jitter     (TSJ):    0.050ns
    Total Input Jitter      (TIJ):    0.000ns
    Discrete Jitter          (DJ):    0.000ns
    Phase Error              (PE):    0.000ns

    Location             Delay type                Incr(ns)  Path(ns)    Netlist Resource(s)
  -------------------------------------------------------------------    -------------------
                                                      0.000     0.000 r  clk_enable (IN)
                         net (fo=546, unset)          0.973     0.973    u_Digital_Spectrometer_from_Chirp_DDC_tc/clk_enable
    SLICE_X70Y28         LUT2 (Prop_lut2_I1_O)        0.124     1.097 r  u_Digital_Spectrometer_from_Chirp_DDC_tc/xin26[25]_i_1/O
                         net (fo=132, routed)         0.607     1.704    u_Digital_Spectrometer/u_Spectral_Averager/lopt
    SLICE_X78Y29         LUT2 (Prop_lut2_I0_O)        0.124     1.828 r  u_Digital_Spectrometer/u_Spectral_Averager/Spectral_Averag_LUT2_30/O
                         net (fo=1102, routed)       10.477    12.305    u_Digital_Spectrometer/u_Spectral_Averager/enb_1_2_0_gated_2
    SLICE_X10Y29         SRLC32E                                      r  u_Digital_Spectrometer/u_Spectral_Averager/Delay1_reg_reg[479][26]_srl32_u_Digital_Spectrometer_u_Spectral_Averager_Delay1_reg_reg_c_13788/CE
  -------------------------------------------------------------------    -------------------

                         (clock MWCLK rise edge)      0.000     0.000 r  
                                                      0.000     0.000 r  clk (IN)
                         net (fo=29022, unset)        0.924     0.924    u_Digital_Spectrometer/u_Spectral_Averager/clk
    SLICE_X10Y29         SRLC32E                                      r  u_Digital_Spectrometer/u_Spectral_Averager/Delay1_reg_reg[479][26]_srl32_u_Digital_Spectrometer_u_Spectral_Averager_Delay1_reg_reg_c_13788/CLK





Min Delay Paths
--------------------------------------------------------------------------------------
Slack:                    inf
  Source:                 reset
                            (input port)
  Destination:            Delay_reg_reg[13311][0]/CLR
                            (removal check against rising-edge clock MWCLK  {rise@0.000ns fall@8.333ns period=16.667ns})
  Path Group:             (none)
  Path Type:              Removal (Min at Fast Process Corner)
  Data Path Delay:        0.410ns  (logic 0.000ns (0.000%)  route 0.410ns (100.000%))
  Logic Levels:           0  
  Clock Path Skew:        0.432ns (DCD - SCD - CPR)
    Destination Clock Delay (DCD):    0.432ns
    Source Clock Delay      (SCD):    0.000ns
    Clock Pessimism Removal (CPR):    -0.000ns

    Location             Delay type                Incr(ns)  Path(ns)    Netlist Resource(s)
  -------------------------------------------------------------------    -------------------
                                                      0.000     0.000 f  reset (IN)
                         net (fo=20897, unset)        0.410     0.410    reset
    SLICE_X31Y14         FDCE                                         f  Delay_reg_reg[13311][0]/CLR
  -------------------------------------------------------------------    -------------------

                         (clock MWCLK rise edge)      0.000     0.000 r  
                                                      0.000     0.000 r  clk (IN)
                         net (fo=29022, unset)        0.432     0.432    clk
    SLICE_X31Y14         FDCE                                         r  Delay_reg_reg[13311][0]/C

Slack:                    inf
  Source:                 reset
                            (input port)
  Destination:            Delay_reg_reg[13311][10]/CLR
                            (removal check against rising-edge clock MWCLK  {rise@0.000ns fall@8.333ns period=16.667ns})
  Path Group:             (none)
  Path Type:              Removal (Min at Fast Process Corner)
  Data Path Delay:        0.410ns  (logic 0.000ns (0.000%)  route 0.410ns (100.000%))
  Logic Levels:           0  
  Clock Path Skew:        0.432ns (DCD - SCD - CPR)
    Destination Clock Delay (DCD):    0.432ns
    Source Clock Delay      (SCD):    0.000ns
    Clock Pessimism Removal (CPR):    -0.000ns

    Location             Delay type                Incr(ns)  Path(ns)    Netlist Resource(s)
  -------------------------------------------------------------------    -------------------
                                                      0.000     0.000 f  reset (IN)
                         net (fo=20897, unset)        0.410     0.410    reset
    SLICE_X31Y15         FDCE                                         f  Delay_reg_reg[13311][10]/CLR
  -------------------------------------------------------------------    -------------------

                         (clock MWCLK rise edge)      0.000     0.000 r  
                                                      0.000     0.000 r  clk (IN)
                         net (fo=29022, unset)        0.432     0.432    clk
    SLICE_X31Y15         FDCE                                         r  Delay_reg_reg[13311][10]/C

Slack:                    inf
  Source:                 reset
                            (input port)
  Destination:            Delay_reg_reg[13311][11]/CLR
                            (removal check against rising-edge clock MWCLK  {rise@0.000ns fall@8.333ns period=16.667ns})
  Path Group:             (none)
  Path Type:              Removal (Min at Fast Process Corner)
  Data Path Delay:        0.410ns  (logic 0.000ns (0.000%)  route 0.410ns (100.000%))
  Logic Levels:           0  
  Clock Path Skew:        0.432ns (DCD - SCD - CPR)
    Destination Clock Delay (DCD):    0.432ns
    Source Clock Delay      (SCD):    0.000ns
    Clock Pessimism Removal (CPR):    -0.000ns

    Location             Delay type                Incr(ns)  Path(ns)    Netlist Resource(s)
  -------------------------------------------------------------------    -------------------
                                                      0.000     0.000 f  reset (IN)
                         net (fo=20897, unset)        0.410     0.410    reset
    SLICE_X31Y15         FDCE                                         f  Delay_reg_reg[13311][11]/CLR
  -------------------------------------------------------------------    -------------------

                         (clock MWCLK rise edge)      0.000     0.000 r  
                                                      0.000     0.000 r  clk (IN)
                         net (fo=29022, unset)        0.432     0.432    clk
    SLICE_X31Y15         FDCE                                         r  Delay_reg_reg[13311][11]/C

Slack:                    inf
  Source:                 reset
                            (input port)
  Destination:            Delay_reg_reg[13311][12]/CLR
                            (removal check against rising-edge clock MWCLK  {rise@0.000ns fall@8.333ns period=16.667ns})
  Path Group:             (none)
  Path Type:              Removal (Min at Fast Process Corner)
  Data Path Delay:        0.410ns  (logic 0.000ns (0.000%)  route 0.410ns (100.000%))
  Logic Levels:           0  
  Clock Path Skew:        0.432ns (DCD - SCD - CPR)
    Destination Clock Delay (DCD):    0.432ns
    Source Clock Delay      (SCD):    0.000ns
    Clock Pessimism Removal (CPR):    -0.000ns

    Location             Delay type                Incr(ns)  Path(ns)    Netlist Resource(s)
  -------------------------------------------------------------------    -------------------
                                                      0.000     0.000 f  reset (IN)
                         net (fo=20897, unset)        0.410     0.410    reset
    SLICE_X33Y27         FDCE                                         f  Delay_reg_reg[13311][12]/CLR
  -------------------------------------------------------------------    -------------------

                         (clock MWCLK rise edge)      0.000     0.000 r  
                                                      0.000     0.000 r  clk (IN)
                         net (fo=29022, unset)        0.432     0.432    clk
    SLICE_X33Y27         FDCE                                         r  Delay_reg_reg[13311][12]/C

Slack:                    inf
  Source:                 reset
                            (input port)
  Destination:            Delay_reg_reg[13311][13]/CLR
                            (removal check against rising-edge clock MWCLK  {rise@0.000ns fall@8.333ns period=16.667ns})
  Path Group:             (none)
  Path Type:              Removal (Min at Fast Process Corner)
  Data Path Delay:        0.410ns  (logic 0.000ns (0.000%)  route 0.410ns (100.000%))
  Logic Levels:           0  
  Clock Path Skew:        0.432ns (DCD - SCD - CPR)
    Destination Clock Delay (DCD):    0.432ns
    Source Clock Delay      (SCD):    0.000ns
    Clock Pessimism Removal (CPR):    -0.000ns

    Location             Delay type                Incr(ns)  Path(ns)    Netlist Resource(s)
  -------------------------------------------------------------------    -------------------
                                                      0.000     0.000 f  reset (IN)
                         net (fo=20897, unset)        0.410     0.410    reset
    SLICE_X33Y27         FDCE                                         f  Delay_reg_reg[13311][13]/CLR
  -------------------------------------------------------------------    -------------------

                         (clock MWCLK rise edge)      0.000     0.000 r  
                                                      0.000     0.000 r  clk (IN)
                         net (fo=29022, unset)        0.432     0.432    clk
    SLICE_X33Y27         FDCE                                         r  Delay_reg_reg[13311][13]/C

Slack:                    inf
  Source:                 reset
                            (input port)
  Destination:            Delay_reg_reg[13311][1]/CLR
                            (removal check against rising-edge clock MWCLK  {rise@0.000ns fall@8.333ns period=16.667ns})
  Path Group:             (none)
  Path Type:              Removal (Min at Fast Process Corner)
  Data Path Delay:        0.410ns  (logic 0.000ns (0.000%)  route 0.410ns (100.000%))
  Logic Levels:           0  
  Clock Path Skew:        0.432ns (DCD - SCD - CPR)
    Destination Clock Delay (DCD):    0.432ns
    Source Clock Delay      (SCD):    0.000ns
    Clock Pessimism Removal (CPR):    -0.000ns

    Location             Delay type                Incr(ns)  Path(ns)    Netlist Resource(s)
  -------------------------------------------------------------------    -------------------
                                                      0.000     0.000 f  reset (IN)
                         net (fo=20897, unset)        0.410     0.410    reset
    SLICE_X31Y14         FDCE                                         f  Delay_reg_reg[13311][1]/CLR
  -------------------------------------------------------------------    -------------------

                         (clock MWCLK rise edge)      0.000     0.000 r  
                                                      0.000     0.000 r  clk (IN)
                         net (fo=29022, unset)        0.432     0.432    clk
    SLICE_X31Y14         FDCE                                         r  Delay_reg_reg[13311][1]/C

Slack:                    inf
  Source:                 reset
                            (input port)
  Destination:            Delay_reg_reg[13311][2]/CLR
                            (removal check against rising-edge clock MWCLK  {rise@0.000ns fall@8.333ns period=16.667ns})
  Path Group:             (none)
  Path Type:              Removal (Min at Fast Process Corner)
  Data Path Delay:        0.410ns  (logic 0.000ns (0.000%)  route 0.410ns (100.000%))
  Logic Levels:           0  
  Clock Path Skew:        0.432ns (DCD - SCD - CPR)
    Destination Clock Delay (DCD):    0.432ns
    Source Clock Delay      (SCD):    0.000ns
    Clock Pessimism Removal (CPR):    -0.000ns

    Location             Delay type                Incr(ns)  Path(ns)    Netlist Resource(s)
  -------------------------------------------------------------------    -------------------
                                                      0.000     0.000 f  reset (IN)
                         net (fo=20897, unset)        0.410     0.410    reset
    SLICE_X29Y30         FDCE                                         f  Delay_reg_reg[13311][2]/CLR
  -------------------------------------------------------------------    -------------------

                         (clock MWCLK rise edge)      0.000     0.000 r  
                                                      0.000     0.000 r  clk (IN)
                         net (fo=29022, unset)        0.432     0.432    clk
    SLICE_X29Y30         FDCE                                         r  Delay_reg_reg[13311][2]/C

Slack:                    inf
  Source:                 reset
                            (input port)
  Destination:            Delay_reg_reg[13311][3]/CLR
                            (removal check against rising-edge clock MWCLK  {rise@0.000ns fall@8.333ns period=16.667ns})
  Path Group:             (none)
  Path Type:              Removal (Min at Fast Process Corner)
  Data Path Delay:        0.410ns  (logic 0.000ns (0.000%)  route 0.410ns (100.000%))
  Logic Levels:           0  
  Clock Path Skew:        0.432ns (DCD - SCD - CPR)
    Destination Clock Delay (DCD):    0.432ns
    Source Clock Delay      (SCD):    0.000ns
    Clock Pessimism Removal (CPR):    -0.000ns

    Location             Delay type                Incr(ns)  Path(ns)    Netlist Resource(s)
  -------------------------------------------------------------------    -------------------
                                                      0.000     0.000 f  reset (IN)
                         net (fo=20897, unset)        0.410     0.410    reset
    SLICE_X29Y30         FDCE                                         f  Delay_reg_reg[13311][3]/CLR
  -------------------------------------------------------------------    -------------------

                         (clock MWCLK rise edge)      0.000     0.000 r  
                                                      0.000     0.000 r  clk (IN)
                         net (fo=29022, unset)        0.432     0.432    clk
    SLICE_X29Y30         FDCE                                         r  Delay_reg_reg[13311][3]/C

Slack:                    inf
  Source:                 reset
                            (input port)
  Destination:            Delay_reg_reg[13311][4]/CLR
                            (removal check against rising-edge clock MWCLK  {rise@0.000ns fall@8.333ns period=16.667ns})
  Path Group:             (none)
  Path Type:              Removal (Min at Fast Process Corner)
  Data Path Delay:        0.410ns  (logic 0.000ns (0.000%)  route 0.410ns (100.000%))
  Logic Levels:           0  
  Clock Path Skew:        0.432ns (DCD - SCD - CPR)
    Destination Clock Delay (DCD):    0.432ns
    Source Clock Delay      (SCD):    0.000ns
    Clock Pessimism Removal (CPR):    -0.000ns

    Location             Delay type                Incr(ns)  Path(ns)    Netlist Resource(s)
  -------------------------------------------------------------------    -------------------
                                                      0.000     0.000 f  reset (IN)
                         net (fo=20897, unset)        0.410     0.410    reset
    SLICE_X28Y13         FDCE                                         f  Delay_reg_reg[13311][4]/CLR
  -------------------------------------------------------------------    -------------------

                         (clock MWCLK rise edge)      0.000     0.000 r  
                                                      0.000     0.000 r  clk (IN)
                         net (fo=29022, unset)        0.432     0.432    clk
    SLICE_X28Y13         FDCE                                         r  Delay_reg_reg[13311][4]/C

Slack:                    inf
  Source:                 reset
                            (input port)
  Destination:            Delay_reg_reg[13311][5]/CLR
                            (removal check against rising-edge clock MWCLK  {rise@0.000ns fall@8.333ns period=16.667ns})
  Path Group:             (none)
  Path Type:              Removal (Min at Fast Process Corner)
  Data Path Delay:        0.410ns  (logic 0.000ns (0.000%)  route 0.410ns (100.000%))
  Logic Levels:           0  
  Clock Path Skew:        0.432ns (DCD - SCD - CPR)
    Destination Clock Delay (DCD):    0.432ns
    Source Clock Delay      (SCD):    0.000ns
    Clock Pessimism Removal (CPR):    -0.000ns

    Location             Delay type                Incr(ns)  Path(ns)    Netlist Resource(s)
  -------------------------------------------------------------------    -------------------
                                                      0.000     0.000 f  reset (IN)
                         net (fo=20897, unset)        0.410     0.410    reset
    SLICE_X28Y13         FDCE                                         f  Delay_reg_reg[13311][5]/CLR
  -------------------------------------------------------------------    -------------------

                         (clock MWCLK rise edge)      0.000     0.000 r  
                                                      0.000     0.000 r  clk (IN)
                         net (fo=29022, unset)        0.432     0.432    clk
    SLICE_X28Y13         FDCE                                         r  Delay_reg_reg[13311][5]/C





