Copyright 1986-2022 Xilinx, Inc. All Rights Reserved. Copyright 2022-2024 Advanced Micro Devices, Inc. All Rights Reserved.
---------------------------------------------------------------------------------------------------------------------------------------------------------------------------------------------------------------------------------
| Tool Version : Vivado v.2024.1 (win64) Build 5076996 Wed May 22 18:37:14 MDT 2024
| Date         : Mon Dec  1 13:05:16 2025
| Host         : LAPTOP-CEB4FDNH running 64-bit major release  (build 9200)
| Command      : report_timing_summary -max_paths 10 -report_unconstrained -file ddc_spec_avg_timing_summary_routed.rpt -pb ddc_spec_avg_timing_summary_routed.pb -rpx ddc_spec_avg_timing_summary_routed.rpx -warn_on_violation
| Design       : ddc_spec_avg
| Device       : 7z020-clg484
| Speed File   : -1  PRODUCTION 1.12 2019-11-22
| Design State : Routed
---------------------------------------------------------------------------------------------------------------------------------------------------------------------------------------------------------------------------------

Timing Summary Report

------------------------------------------------------------------------------------------------
| Timer Settings
| --------------
------------------------------------------------------------------------------------------------

  Enable Multi Corner Analysis               :  Yes
  Enable Pessimism Removal                   :  Yes
  Pessimism Removal Resolution               :  Nearest Common Node
  Enable Input Delay Default Clock           :  No
  Enable Preset / Clear Arcs                 :  No
  Disable Flight Delays                      :  No
  Ignore I/O Paths                           :  No
  Timing Early Launch at Borrowing Latches   :  No
  Borrow Time for Max Delay Exceptions       :  Yes
  Merge Timing Exceptions                    :  Yes
  Inter-SLR Compensation                     :  Conservative

  Corner  Analyze    Analyze    
  Name    Max Paths  Min Paths  
  ------  ---------  ---------  
  Slow    Yes        Yes        
  Fast    Yes        Yes        


------------------------------------------------------------------------------------------------
| Report Methodology
| ------------------
------------------------------------------------------------------------------------------------

Rule       Severity  Description                    Violations  
---------  --------  -----------------------------  ----------  
DPIR-1     Warning   Asynchronous driver check      438         
TIMING-16  Warning   Large setup violation          16          
TIMING-18  Warning   Missing input or output delay  64          

Note: This report is based on the most recent report_methodology run and may not be up-to-date. Run report_methodology on the current design for the latest report.



check_timing report

Table of Contents
-----------------
1. checking no_clock (0)
2. checking constant_clock (0)
3. checking pulse_width_clock (0)
4. checking unconstrained_internal_endpoints (0)
5. checking no_input_delay (3)
6. checking no_output_delay (61)
7. checking multiple_clock (0)
8. checking generated_clocks (0)
9. checking loops (0)
10. checking partial_input_delay (0)
11. checking partial_output_delay (0)
12. checking latch_loops (0)

1. checking no_clock (0)
------------------------
 There are 0 register/latch pins with no clock.


2. checking constant_clock (0)
------------------------------
 There are 0 register/latch pins with constant_clock.


3. checking pulse_width_clock (0)
---------------------------------
 There are 0 register/latch pins which need pulse_width check


4. checking unconstrained_internal_endpoints (0)
------------------------------------------------
 There are 0 pins that are not constrained for maximum delay.

 There are 0 pins that are not constrained for maximum delay due to constant clock.


5. checking no_input_delay (3)
------------------------------
 There are 3 input ports with no input delay specified. (HIGH)

 There are 0 input ports with no input delay but user has a false path constraint.


6. checking no_output_delay (61)
--------------------------------
 There are 61 ports with no output delay specified. (HIGH)

 There are 0 ports with no output delay but user has a false path constraint

 There are 0 ports with no output delay but with a timing clock defined on it or propagating through it


7. checking multiple_clock (0)
------------------------------
 There are 0 register/latch pins with multiple clocks.


8. checking generated_clocks (0)
--------------------------------
 There are 0 generated clocks that are not connected to a clock source.


9. checking loops (0)
---------------------
 There are 0 combinational loops in the design.


10. checking partial_input_delay (0)
------------------------------------
 There are 0 input ports with partial input delay specified.


11. checking partial_output_delay (0)
-------------------------------------
 There are 0 ports with partial output delay specified.


12. checking latch_loops (0)
----------------------------
 There are 0 combinational latch loops in the design through latch input



------------------------------------------------------------------------------------------------
| Design Timing Summary
| ---------------------
------------------------------------------------------------------------------------------------

    WNS(ns)      TNS(ns)  TNS Failing Endpoints  TNS Total Endpoints      WHS(ns)      THS(ns)  THS Failing Endpoints  THS Total Endpoints     WPWS(ns)     TPWS(ns)  TPWS Failing Endpoints  TPWS Total Endpoints  
    -------      -------  ---------------------  -------------------      -------      -------  ---------------------  -------------------     --------     --------  ----------------------  --------------------  
     -8.811     -111.864                     16                60697        0.028        0.000                      0                60697        7.083        0.000                       0                 29022  


Timing constraints are not met.


------------------------------------------------------------------------------------------------
| Clock Summary
| -------------
------------------------------------------------------------------------------------------------

Clock  Waveform(ns)       Period(ns)      Frequency(MHz)
-----  ------------       ----------      --------------
MWCLK  {0.000 8.334}      16.667          59.999          


------------------------------------------------------------------------------------------------
| Intra Clock Table
| -----------------
------------------------------------------------------------------------------------------------

Clock             WNS(ns)      TNS(ns)  TNS Failing Endpoints  TNS Total Endpoints      WHS(ns)      THS(ns)  THS Failing Endpoints  THS Total Endpoints     WPWS(ns)     TPWS(ns)  TPWS Failing Endpoints  TPWS Total Endpoints  
-----             -------      -------  ---------------------  -------------------      -------      -------  ---------------------  -------------------     --------     --------  ----------------------  --------------------  
MWCLK              -8.811     -111.864                     16                60697        0.028        0.000                      0                60697        7.083        0.000                       0                 29022  


------------------------------------------------------------------------------------------------
| Inter Clock Table
| -----------------
------------------------------------------------------------------------------------------------

From Clock    To Clock          WNS(ns)      TNS(ns)  TNS Failing Endpoints  TNS Total Endpoints      WHS(ns)      THS(ns)  THS Failing Endpoints  THS Total Endpoints  
----------    --------          -------      -------  ---------------------  -------------------      -------      -------  ---------------------  -------------------  


------------------------------------------------------------------------------------------------
| Other Path Groups Table
| -----------------------
------------------------------------------------------------------------------------------------

Path Group    From Clock    To Clock          WNS(ns)      TNS(ns)  TNS Failing Endpoints  TNS Total Endpoints      WHS(ns)      THS(ns)  THS Failing Endpoints  THS Total Endpoints  
----------    ----------    --------          -------      -------  ---------------------  -------------------      -------      -------  ---------------------  -------------------  


------------------------------------------------------------------------------------------------
| User Ignored Path Table
| -----------------------
------------------------------------------------------------------------------------------------

Path Group    From Clock    To Clock    
----------    ----------    --------    


------------------------------------------------------------------------------------------------
| Unconstrained Path Table
| ------------------------
------------------------------------------------------------------------------------------------

Path Group    From Clock    To Clock    
----------    ----------    --------    
(none)                                    
(none)        MWCLK                       
(none)                      MWCLK         


------------------------------------------------------------------------------------------------
| Timing Details
| --------------
------------------------------------------------------------------------------------------------


---------------------------------------------------------------------------------------------------
From Clock:  MWCLK
  To Clock:  MWCLK

Setup :           16  Failing Endpoints,  Worst Slack       -8.811ns,  Total Violation     -111.864ns
Hold  :            0  Failing Endpoints,  Worst Slack        0.028ns,  Total Violation        0.000ns
PW    :            0  Failing Endpoints,  Worst Slack        7.083ns,  Total Violation        0.000ns
---------------------------------------------------------------------------------------------------


Max Delay Paths
--------------------------------------------------------------------------------------
Slack (VIOLATED) :        -8.811ns  (required time - arrival time)
  Source:                 u_DDC/u_LPF/Product1_mul_temp_i_1_psdsp/C
                            (rising edge-triggered cell FDRE clocked by MWCLK  {rise@0.000ns fall@8.333ns period=16.667ns})
  Destination:            u_DDC/Xfilter_1_reg[15]/D
                            (rising edge-triggered cell FDCE clocked by MWCLK  {rise@0.000ns fall@8.333ns period=16.667ns})
  Path Group:             MWCLK
  Path Type:              Setup (Max at Slow Process Corner)
  Requirement:            16.667ns  (MWCLK rise@16.667ns - MWCLK rise@0.000ns)
  Data Path Delay:        25.456ns  (logic 16.181ns (63.564%)  route 9.275ns (36.436%))
  Logic Levels:           35  (CARRY4=20 DSP48E1=1 LUT2=14)
  Clock Path Skew:        -0.049ns (DCD - SCD + CPR)
    Destination Clock Delay (DCD):    0.924ns = ( 17.591 - 16.667 ) 
    Source Clock Delay      (SCD):    0.973ns
    Clock Pessimism Removal (CPR):    0.000ns
  Clock Uncertainty:      0.035ns  ((TSJ^2 + TIJ^2)^1/2 + DJ) / 2 + PE
    Total System Jitter     (TSJ):    0.071ns
    Total Input Jitter      (TIJ):    0.000ns
    Discrete Jitter          (DJ):    0.000ns
    Phase Error              (PE):    0.000ns

    Location             Delay type                Incr(ns)  Path(ns)    Netlist Resource(s)
  -------------------------------------------------------------------    -------------------
                         (clock MWCLK rise edge)      0.000     0.000 r  
                                                      0.000     0.000 r  clk (IN)
                         net (fo=29022, unset)        0.973     0.973    u_DDC/u_LPF/clk
    SLICE_X103Y17        FDRE                                         r  u_DDC/u_LPF/Product1_mul_temp_i_1_psdsp/C
  -------------------------------------------------------------------    -------------------
    SLICE_X103Y17        FDRE (Prop_fdre_C_Q)         0.456     1.429 r  u_DDC/u_LPF/Product1_mul_temp_i_1_psdsp/Q
                         net (fo=1, routed)           0.415     1.844    u_DDC/u_LPF/P[15]
    SLICE_X102Y18        LUT2 (Prop_lut2_I0_O)        0.124     1.968 r  u_DDC/u_LPF/Product1_mul_temp_i_1/O
                         net (fo=16, routed)          0.747     2.716    u_DDC/u_LPF/Delay_out1[15]
    DSP48_X4Y7           DSP48E1 (Prop_dsp48e1_A[25]_P[17])
                                                      3.841     6.557 r  u_DDC/u_LPF/Product1_mul_temp/P[17]
                         net (fo=1, routed)           0.770     7.326    u_DDC/u_LPF/RESIZE[3]
    SLICE_X103Y20        LUT2 (Prop_lut2_I1_O)        0.124     7.450 r  u_DDC/u_LPF/Sum3_add_temp_carry_i_3/O
                         net (fo=1, routed)           0.000     7.450    u_DDC/u_LPF/Sum3_add_temp_carry_i_3_n_0
    SLICE_X103Y20        CARRY4 (Prop_carry4_S[1]_CO[3])
                                                      0.550     8.000 r  u_DDC/u_LPF/Sum3_add_temp_carry/CO[3]
                         net (fo=1, routed)           0.000     8.000    u_DDC/u_LPF/Sum3_add_temp_carry_n_0
    SLICE_X103Y21        CARRY4 (Prop_carry4_CI_O[0])
                                                      0.222     8.222 r  u_DDC/u_LPF/Sum3_add_temp_carry__0/O[0]
                         net (fo=1, routed)           0.672     8.895    u_DDC/u_LPF/Sum3_add_temp[6]
    SLICE_X102Y21        LUT2 (Prop_lut2_I1_O)        0.299     9.194 r  u_DDC/u_LPF/Sum2_add_temp_carry_i_1/O
                         net (fo=1, routed)           0.000     9.194    u_DDC/u_LPF/Sum2_add_temp_carry_i_1_n_0
    SLICE_X102Y21        CARRY4 (Prop_carry4_S[3]_CO[3])
                                                      0.376     9.570 r  u_DDC/u_LPF/Sum2_add_temp_carry/CO[3]
                         net (fo=1, routed)           0.000     9.570    u_DDC/u_LPF/Sum2_add_temp_carry_n_0
    SLICE_X102Y22        CARRY4 (Prop_carry4_CI_O[0])
                                                      0.219     9.789 r  u_DDC/u_LPF/Sum2_add_temp_carry__0/O[0]
                         net (fo=1, routed)           0.756    10.545    u_DDC/u_LPF/Sum2_add_temp[4]
    SLICE_X98Y22         LUT2 (Prop_lut2_I1_O)        0.295    10.840 r  u_DDC/u_LPF/Sum5_add_temp_carry__0_i_4/O
                         net (fo=1, routed)           0.000    10.840    u_DDC/u_LPF/Sum5_add_temp_carry__0_i_4_n_0
    SLICE_X98Y22         CARRY4 (Prop_carry4_S[0]_O[0])
                                                      0.252    11.092 r  u_DDC/u_LPF/Sum5_add_temp_carry__0/O[0]
                         net (fo=1, routed)           0.621    11.713    u_DDC/u_LPF/Sum5_add_temp[4]
    SLICE_X97Y21         LUT2 (Prop_lut2_I1_O)        0.295    12.008 r  u_DDC/u_LPF/Sum4_add_temp_carry_i_3/O
                         net (fo=1, routed)           0.000    12.008    u_DDC/u_LPF/Sum4_add_temp_carry_i_3_n_0
    SLICE_X97Y21         CARRY4 (Prop_carry4_S[1]_O[2])
                                                      0.580    12.588 r  u_DDC/u_LPF/Sum4_add_temp_carry/O[2]
                         net (fo=1, routed)           0.432    13.020    u_DDC/u_LPF/Sum4_add_temp[4]
    SLICE_X96Y22         LUT2 (Prop_lut2_I1_O)        0.302    13.322 r  u_DDC/u_LPF/Sum7_add_temp_carry_i_3/O
                         net (fo=1, routed)           0.000    13.322    u_DDC/u_LPF/Sum7_add_temp_carry_i_3_n_0
    SLICE_X96Y22         CARRY4 (Prop_carry4_S[1]_O[2])
                                                      0.578    13.900 r  u_DDC/u_LPF/Sum7_add_temp_carry/O[2]
                         net (fo=1, routed)           0.443    14.343    u_DDC/u_LPF/Sum7_add_temp[2]
    SLICE_X95Y23         LUT2 (Prop_lut2_I1_O)        0.301    14.644 r  u_DDC/u_LPF/Sum6_add_temp_carry_i_3/O
                         net (fo=1, routed)           0.000    14.644    u_DDC/u_LPF/Sum6_add_temp_carry_i_3_n_0
    SLICE_X95Y23         CARRY4 (Prop_carry4_S[1]_CO[3])
                                                      0.550    15.194 r  u_DDC/u_LPF/Sum6_add_temp_carry/CO[3]
                         net (fo=1, routed)           0.000    15.194    u_DDC/u_LPF/Sum6_add_temp_carry_n_0
    SLICE_X95Y24         CARRY4 (Prop_carry4_CI_O[1])
                                                      0.334    15.528 r  u_DDC/u_LPF/Sum6_add_temp_carry__0/O[1]
                         net (fo=1, routed)           0.624    16.152    u_DDC/u_LPF/Sum6_out1[4]
    SLICE_X94Y25         LUT2 (Prop_lut2_I1_O)        0.303    16.455 r  u_DDC/u_LPF/Sum9_out1_carry__0_i_4/O
                         net (fo=1, routed)           0.000    16.455    u_DDC/u_LPF/Sum9_out1_carry__0_i_4_n_0
    SLICE_X94Y25         CARRY4 (Prop_carry4_S[0]_O[2])
                                                      0.544    16.999 r  u_DDC/u_LPF/Sum9_out1_carry__0/O[2]
                         net (fo=1, routed)           0.624    17.623    u_DDC/u_LPF/Sum9_out1[6]
    SLICE_X93Y25         LUT2 (Prop_lut2_I1_O)        0.301    17.924 r  u_DDC/u_LPF/Sum8_add_temp_carry__0_i_1/O
                         net (fo=1, routed)           0.000    17.924    u_DDC/u_LPF/Sum8_add_temp_carry__0_i_1_n_0
    SLICE_X93Y25         CARRY4 (Prop_carry4_S[3]_CO[3])
                                                      0.401    18.325 r  u_DDC/u_LPF/Sum8_add_temp_carry__0/CO[3]
                         net (fo=1, routed)           0.000    18.325    u_DDC/u_LPF/Sum8_add_temp_carry__0_n_0
    SLICE_X93Y26         CARRY4 (Prop_carry4_CI_O[0])
                                                      0.222    18.547 r  u_DDC/u_LPF/Sum8_add_temp_carry__1/O[0]
                         net (fo=1, routed)           0.832    19.379    u_DDC/u_LPF/Sum8_add_temp[8]
    SLICE_X93Y30         LUT2 (Prop_lut2_I1_O)        0.299    19.678 r  u_DDC/u_LPF/Sum11_add_temp_carry__0_i_1/O
                         net (fo=1, routed)           0.000    19.678    u_DDC/u_LPF/Sum11_add_temp_carry__0_i_1_n_0
    SLICE_X93Y30         CARRY4 (Prop_carry4_S[3]_CO[3])
                                                      0.401    20.079 r  u_DDC/u_LPF/Sum11_add_temp_carry__0/CO[3]
                         net (fo=1, routed)           0.000    20.079    u_DDC/u_LPF/Sum11_add_temp_carry__0_n_0
    SLICE_X93Y31         CARRY4 (Prop_carry4_CI_O[1])
                                                      0.334    20.413 r  u_DDC/u_LPF/Sum11_add_temp_carry__1/O[1]
                         net (fo=4, routed)           0.621    21.033    u_DDC/u_LPF/Sum11_add_temp[11]
    SLICE_X94Y31         LUT2 (Prop_lut2_I0_O)        0.303    21.336 r  u_DDC/u_LPF/Sum10_add_temp_carry__1_i_4/O
                         net (fo=1, routed)           0.000    21.336    u_DDC/u_LPF/Sum10_add_temp_carry__1_i_4_n_0
    SLICE_X94Y31         CARRY4 (Prop_carry4_S[1]_O[2])
                                                      0.578    21.914 r  u_DDC/u_LPF/Sum10_add_temp_carry__1/O[2]
                         net (fo=4, routed)           0.482    22.396    u_DDC/u_LPF/Sum10_add_temp[16]
    SLICE_X95Y30         LUT2 (Prop_lut2_I0_O)        0.301    22.697 r  u_DDC/u_LPF/Sum13_add_temp_carry__1_i_2/O
                         net (fo=1, routed)           0.000    22.697    u_DDC/u_LPF/Sum13_add_temp_carry__1_i_2_n_0
    SLICE_X95Y30         CARRY4 (Prop_carry4_S[3]_CO[3])
                                                      0.401    23.098 r  u_DDC/u_LPF/Sum13_add_temp_carry__1/CO[3]
                         net (fo=1, routed)           0.000    23.098    u_DDC/u_LPF/Sum13_add_temp_carry__1_n_0
    SLICE_X95Y31         CARRY4 (Prop_carry4_CI_O[0])
                                                      0.222    23.320 r  u_DDC/u_LPF/Sum13_add_temp_carry__2/O[0]
                         net (fo=3, routed)           0.638    23.958    u_DDC/u_LPF/Sum13_add_temp[17]
    SLICE_X96Y31         LUT2 (Prop_lut2_I0_O)        0.299    24.257 r  u_DDC/u_LPF/Sum12_add_temp_carry__2_i_3/O
                         net (fo=1, routed)           0.000    24.257    u_DDC/u_LPF/Sum12_add_temp_carry__2_i_3_n_0
    SLICE_X96Y31         CARRY4 (Prop_carry4_S[1]_O[3])
                                                      0.643    24.900 r  u_DDC/u_LPF/Sum12_add_temp_carry__2/O[3]
                         net (fo=2, routed)           0.599    25.498    u_DDC/u_LPF/Sum12_add_temp[21]
    SLICE_X97Y31         LUT2 (Prop_lut2_I1_O)        0.307    25.805 r  u_DDC/u_LPF/Sum15_add_temp_carry__2_i_1/O
                         net (fo=1, routed)           0.000    25.805    u_DDC/u_LPF/Sum15_add_temp_carry__2_i_1_n_0
    SLICE_X97Y31         CARRY4 (Prop_carry4_S[3]_CO[3])
                                                      0.401    26.206 r  u_DDC/u_LPF/Sum15_add_temp_carry__2/CO[3]
                         net (fo=1, routed)           0.000    26.206    u_DDC/u_LPF/Sum15_add_temp_carry__2_n_0
    SLICE_X97Y32         CARRY4 (Prop_carry4_CI_O[0])
                                                      0.223    26.429 r  u_DDC/u_LPF/Sum15_add_temp_carry__3/O[0]
                         net (fo=1, routed)           0.000    26.429    u_DDC/Xfilter_signed[15]
    SLICE_X97Y32         FDCE                                         r  u_DDC/Xfilter_1_reg[15]/D
  -------------------------------------------------------------------    -------------------

                         (clock MWCLK rise edge)     16.667    16.667 r  
                                                      0.000    16.667 r  clk (IN)
                         net (fo=29022, unset)        0.924    17.591    u_DDC/clk
    SLICE_X97Y32         FDCE                                         r  u_DDC/Xfilter_1_reg[15]/C
                         clock pessimism              0.000    17.591    
                         clock uncertainty           -0.035    17.556    
    SLICE_X97Y32         FDCE (Setup_fdce_C_D)        0.062    17.618    u_DDC/Xfilter_1_reg[15]
  -------------------------------------------------------------------
                         required time                         17.618    
                         arrival time                         -26.429    
  -------------------------------------------------------------------
                         slack                                 -8.811    

Slack (VIOLATED) :        -8.435ns  (required time - arrival time)
  Source:                 u_DDC/u_LPF/Product1_mul_temp_i_1_psdsp/C
                            (rising edge-triggered cell FDRE clocked by MWCLK  {rise@0.000ns fall@8.333ns period=16.667ns})
  Destination:            u_DDC/Xfilter_1_reg[14]/D
                            (rising edge-triggered cell FDCE clocked by MWCLK  {rise@0.000ns fall@8.333ns period=16.667ns})
  Path Group:             MWCLK
  Path Type:              Setup (Max at Slow Process Corner)
  Requirement:            16.667ns  (MWCLK rise@16.667ns - MWCLK rise@0.000ns)
  Data Path Delay:        25.080ns  (logic 15.805ns (63.017%)  route 9.275ns (36.983%))
  Logic Levels:           34  (CARRY4=19 DSP48E1=1 LUT2=14)
  Clock Path Skew:        -0.049ns (DCD - SCD + CPR)
    Destination Clock Delay (DCD):    0.924ns = ( 17.591 - 16.667 ) 
    Source Clock Delay      (SCD):    0.973ns
    Clock Pessimism Removal (CPR):    0.000ns
  Clock Uncertainty:      0.035ns  ((TSJ^2 + TIJ^2)^1/2 + DJ) / 2 + PE
    Total System Jitter     (TSJ):    0.071ns
    Total Input Jitter      (TIJ):    0.000ns
    Discrete Jitter          (DJ):    0.000ns
    Phase Error              (PE):    0.000ns

    Location             Delay type                Incr(ns)  Path(ns)    Netlist Resource(s)
  -------------------------------------------------------------------    -------------------
                         (clock MWCLK rise edge)      0.000     0.000 r  
                                                      0.000     0.000 r  clk (IN)
                         net (fo=29022, unset)        0.973     0.973    u_DDC/u_LPF/clk
    SLICE_X103Y17        FDRE                                         r  u_DDC/u_LPF/Product1_mul_temp_i_1_psdsp/C
  -------------------------------------------------------------------    -------------------
    SLICE_X103Y17        FDRE (Prop_fdre_C_Q)         0.456     1.429 r  u_DDC/u_LPF/Product1_mul_temp_i_1_psdsp/Q
                         net (fo=1, routed)           0.415     1.844    u_DDC/u_LPF/P[15]
    SLICE_X102Y18        LUT2 (Prop_lut2_I0_O)        0.124     1.968 r  u_DDC/u_LPF/Product1_mul_temp_i_1/O
                         net (fo=16, routed)          0.747     2.716    u_DDC/u_LPF/Delay_out1[15]
    DSP48_X4Y7           DSP48E1 (Prop_dsp48e1_A[25]_P[17])
                                                      3.841     6.557 r  u_DDC/u_LPF/Product1_mul_temp/P[17]
                         net (fo=1, routed)           0.770     7.326    u_DDC/u_LPF/RESIZE[3]
    SLICE_X103Y20        LUT2 (Prop_lut2_I1_O)        0.124     7.450 r  u_DDC/u_LPF/Sum3_add_temp_carry_i_3/O
                         net (fo=1, routed)           0.000     7.450    u_DDC/u_LPF/Sum3_add_temp_carry_i_3_n_0
    SLICE_X103Y20        CARRY4 (Prop_carry4_S[1]_CO[3])
                                                      0.550     8.000 r  u_DDC/u_LPF/Sum3_add_temp_carry/CO[3]
                         net (fo=1, routed)           0.000     8.000    u_DDC/u_LPF/Sum3_add_temp_carry_n_0
    SLICE_X103Y21        CARRY4 (Prop_carry4_CI_O[0])
                                                      0.222     8.222 r  u_DDC/u_LPF/Sum3_add_temp_carry__0/O[0]
                         net (fo=1, routed)           0.672     8.895    u_DDC/u_LPF/Sum3_add_temp[6]
    SLICE_X102Y21        LUT2 (Prop_lut2_I1_O)        0.299     9.194 r  u_DDC/u_LPF/Sum2_add_temp_carry_i_1/O
                         net (fo=1, routed)           0.000     9.194    u_DDC/u_LPF/Sum2_add_temp_carry_i_1_n_0
    SLICE_X102Y21        CARRY4 (Prop_carry4_S[3]_CO[3])
                                                      0.376     9.570 r  u_DDC/u_LPF/Sum2_add_temp_carry/CO[3]
                         net (fo=1, routed)           0.000     9.570    u_DDC/u_LPF/Sum2_add_temp_carry_n_0
    SLICE_X102Y22        CARRY4 (Prop_carry4_CI_O[0])
                                                      0.219     9.789 r  u_DDC/u_LPF/Sum2_add_temp_carry__0/O[0]
                         net (fo=1, routed)           0.756    10.545    u_DDC/u_LPF/Sum2_add_temp[4]
    SLICE_X98Y22         LUT2 (Prop_lut2_I1_O)        0.295    10.840 r  u_DDC/u_LPF/Sum5_add_temp_carry__0_i_4/O
                         net (fo=1, routed)           0.000    10.840    u_DDC/u_LPF/Sum5_add_temp_carry__0_i_4_n_0
    SLICE_X98Y22         CARRY4 (Prop_carry4_S[0]_O[0])
                                                      0.252    11.092 r  u_DDC/u_LPF/Sum5_add_temp_carry__0/O[0]
                         net (fo=1, routed)           0.621    11.713    u_DDC/u_LPF/Sum5_add_temp[4]
    SLICE_X97Y21         LUT2 (Prop_lut2_I1_O)        0.295    12.008 r  u_DDC/u_LPF/Sum4_add_temp_carry_i_3/O
                         net (fo=1, routed)           0.000    12.008    u_DDC/u_LPF/Sum4_add_temp_carry_i_3_n_0
    SLICE_X97Y21         CARRY4 (Prop_carry4_S[1]_O[2])
                                                      0.580    12.588 r  u_DDC/u_LPF/Sum4_add_temp_carry/O[2]
                         net (fo=1, routed)           0.432    13.020    u_DDC/u_LPF/Sum4_add_temp[4]
    SLICE_X96Y22         LUT2 (Prop_lut2_I1_O)        0.302    13.322 r  u_DDC/u_LPF/Sum7_add_temp_carry_i_3/O
                         net (fo=1, routed)           0.000    13.322    u_DDC/u_LPF/Sum7_add_temp_carry_i_3_n_0
    SLICE_X96Y22         CARRY4 (Prop_carry4_S[1]_O[2])
                                                      0.578    13.900 r  u_DDC/u_LPF/Sum7_add_temp_carry/O[2]
                         net (fo=1, routed)           0.443    14.343    u_DDC/u_LPF/Sum7_add_temp[2]
    SLICE_X95Y23         LUT2 (Prop_lut2_I1_O)        0.301    14.644 r  u_DDC/u_LPF/Sum6_add_temp_carry_i_3/O
                         net (fo=1, routed)           0.000    14.644    u_DDC/u_LPF/Sum6_add_temp_carry_i_3_n_0
    SLICE_X95Y23         CARRY4 (Prop_carry4_S[1]_CO[3])
                                                      0.550    15.194 r  u_DDC/u_LPF/Sum6_add_temp_carry/CO[3]
                         net (fo=1, routed)           0.000    15.194    u_DDC/u_LPF/Sum6_add_temp_carry_n_0
    SLICE_X95Y24         CARRY4 (Prop_carry4_CI_O[1])
                                                      0.334    15.528 r  u_DDC/u_LPF/Sum6_add_temp_carry__0/O[1]
                         net (fo=1, routed)           0.624    16.152    u_DDC/u_LPF/Sum6_out1[4]
    SLICE_X94Y25         LUT2 (Prop_lut2_I1_O)        0.303    16.455 r  u_DDC/u_LPF/Sum9_out1_carry__0_i_4/O
                         net (fo=1, routed)           0.000    16.455    u_DDC/u_LPF/Sum9_out1_carry__0_i_4_n_0
    SLICE_X94Y25         CARRY4 (Prop_carry4_S[0]_O[2])
                                                      0.544    16.999 r  u_DDC/u_LPF/Sum9_out1_carry__0/O[2]
                         net (fo=1, routed)           0.624    17.623    u_DDC/u_LPF/Sum9_out1[6]
    SLICE_X93Y25         LUT2 (Prop_lut2_I1_O)        0.301    17.924 r  u_DDC/u_LPF/Sum8_add_temp_carry__0_i_1/O
                         net (fo=1, routed)           0.000    17.924    u_DDC/u_LPF/Sum8_add_temp_carry__0_i_1_n_0
    SLICE_X93Y25         CARRY4 (Prop_carry4_S[3]_CO[3])
                                                      0.401    18.325 r  u_DDC/u_LPF/Sum8_add_temp_carry__0/CO[3]
                         net (fo=1, routed)           0.000    18.325    u_DDC/u_LPF/Sum8_add_temp_carry__0_n_0
    SLICE_X93Y26         CARRY4 (Prop_carry4_CI_O[0])
                                                      0.222    18.547 r  u_DDC/u_LPF/Sum8_add_temp_carry__1/O[0]
                         net (fo=1, routed)           0.832    19.379    u_DDC/u_LPF/Sum8_add_temp[8]
    SLICE_X93Y30         LUT2 (Prop_lut2_I1_O)        0.299    19.678 r  u_DDC/u_LPF/Sum11_add_temp_carry__0_i_1/O
                         net (fo=1, routed)           0.000    19.678    u_DDC/u_LPF/Sum11_add_temp_carry__0_i_1_n_0
    SLICE_X93Y30         CARRY4 (Prop_carry4_S[3]_CO[3])
                                                      0.401    20.079 r  u_DDC/u_LPF/Sum11_add_temp_carry__0/CO[3]
                         net (fo=1, routed)           0.000    20.079    u_DDC/u_LPF/Sum11_add_temp_carry__0_n_0
    SLICE_X93Y31         CARRY4 (Prop_carry4_CI_O[1])
                                                      0.334    20.413 r  u_DDC/u_LPF/Sum11_add_temp_carry__1/O[1]
                         net (fo=4, routed)           0.621    21.033    u_DDC/u_LPF/Sum11_add_temp[11]
    SLICE_X94Y31         LUT2 (Prop_lut2_I0_O)        0.303    21.336 r  u_DDC/u_LPF/Sum10_add_temp_carry__1_i_4/O
                         net (fo=1, routed)           0.000    21.336    u_DDC/u_LPF/Sum10_add_temp_carry__1_i_4_n_0
    SLICE_X94Y31         CARRY4 (Prop_carry4_S[1]_O[2])
                                                      0.578    21.914 r  u_DDC/u_LPF/Sum10_add_temp_carry__1/O[2]
                         net (fo=4, routed)           0.482    22.396    u_DDC/u_LPF/Sum10_add_temp[16]
    SLICE_X95Y30         LUT2 (Prop_lut2_I0_O)        0.301    22.697 r  u_DDC/u_LPF/Sum13_add_temp_carry__1_i_2/O
                         net (fo=1, routed)           0.000    22.697    u_DDC/u_LPF/Sum13_add_temp_carry__1_i_2_n_0
    SLICE_X95Y30         CARRY4 (Prop_carry4_S[3]_CO[3])
                                                      0.401    23.098 r  u_DDC/u_LPF/Sum13_add_temp_carry__1/CO[3]
                         net (fo=1, routed)           0.000    23.098    u_DDC/u_LPF/Sum13_add_temp_carry__1_n_0
    SLICE_X95Y31         CARRY4 (Prop_carry4_CI_O[0])
                                                      0.222    23.320 r  u_DDC/u_LPF/Sum13_add_temp_carry__2/O[0]
                         net (fo=3, routed)           0.638    23.958    u_DDC/u_LPF/Sum13_add_temp[17]
    SLICE_X96Y31         LUT2 (Prop_lut2_I0_O)        0.299    24.257 r  u_DDC/u_LPF/Sum12_add_temp_carry__2_i_3/O
                         net (fo=1, routed)           0.000    24.257    u_DDC/u_LPF/Sum12_add_temp_carry__2_i_3_n_0
    SLICE_X96Y31         CARRY4 (Prop_carry4_S[1]_O[3])
                                                      0.643    24.900 r  u_DDC/u_LPF/Sum12_add_temp_carry__2/O[3]
                         net (fo=2, routed)           0.599    25.498    u_DDC/u_LPF/Sum12_add_temp[21]
    SLICE_X97Y31         LUT2 (Prop_lut2_I1_O)        0.307    25.805 r  u_DDC/u_LPF/Sum15_add_temp_carry__2_i_1/O
                         net (fo=1, routed)           0.000    25.805    u_DDC/u_LPF/Sum15_add_temp_carry__2_i_1_n_0
    SLICE_X97Y31         CARRY4 (Prop_carry4_S[3]_O[3])
                                                      0.248    26.053 r  u_DDC/u_LPF/Sum15_add_temp_carry__2/O[3]
                         net (fo=1, routed)           0.000    26.053    u_DDC/Xfilter_signed[14]
    SLICE_X97Y31         FDCE                                         r  u_DDC/Xfilter_1_reg[14]/D
  -------------------------------------------------------------------    -------------------

                         (clock MWCLK rise edge)     16.667    16.667 r  
                                                      0.000    16.667 r  clk (IN)
                         net (fo=29022, unset)        0.924    17.591    u_DDC/clk
    SLICE_X97Y31         FDCE                                         r  u_DDC/Xfilter_1_reg[14]/C
                         clock pessimism              0.000    17.591    
                         clock uncertainty           -0.035    17.556    
    SLICE_X97Y31         FDCE (Setup_fdce_C_D)        0.062    17.618    u_DDC/Xfilter_1_reg[14]
  -------------------------------------------------------------------
                         required time                         17.618    
                         arrival time                         -26.053    
  -------------------------------------------------------------------
                         slack                                 -8.435    

Slack (VIOLATED) :        -8.287ns  (required time - arrival time)
  Source:                 u_DDC/u_LPF/Product1_mul_temp_i_1_psdsp/C
                            (rising edge-triggered cell FDRE clocked by MWCLK  {rise@0.000ns fall@8.333ns period=16.667ns})
  Destination:            u_DDC/Xfilter_1_reg[13]/D
                            (rising edge-triggered cell FDCE clocked by MWCLK  {rise@0.000ns fall@8.333ns period=16.667ns})
  Path Group:             MWCLK
  Path Type:              Setup (Max at Slow Process Corner)
  Requirement:            16.667ns  (MWCLK rise@16.667ns - MWCLK rise@0.000ns)
  Data Path Delay:        24.932ns  (logic 15.973ns (64.067%)  route 8.959ns (35.933%))
  Logic Levels:           34  (CARRY4=19 DSP48E1=1 LUT1=1 LUT2=13)
  Clock Path Skew:        -0.049ns (DCD - SCD + CPR)
    Destination Clock Delay (DCD):    0.924ns = ( 17.591 - 16.667 ) 
    Source Clock Delay      (SCD):    0.973ns
    Clock Pessimism Removal (CPR):    0.000ns
  Clock Uncertainty:      0.035ns  ((TSJ^2 + TIJ^2)^1/2 + DJ) / 2 + PE
    Total System Jitter     (TSJ):    0.071ns
    Total Input Jitter      (TIJ):    0.000ns
    Discrete Jitter          (DJ):    0.000ns
    Phase Error              (PE):    0.000ns

    Location             Delay type                Incr(ns)  Path(ns)    Netlist Resource(s)
  -------------------------------------------------------------------    -------------------
                         (clock MWCLK rise edge)      0.000     0.000 r  
                                                      0.000     0.000 r  clk (IN)
                         net (fo=29022, unset)        0.973     0.973    u_DDC/u_LPF/clk
    SLICE_X103Y17        FDRE                                         r  u_DDC/u_LPF/Product1_mul_temp_i_1_psdsp/C
  -------------------------------------------------------------------    -------------------
    SLICE_X103Y17        FDRE (Prop_fdre_C_Q)         0.456     1.429 r  u_DDC/u_LPF/Product1_mul_temp_i_1_psdsp/Q
                         net (fo=1, routed)           0.415     1.844    u_DDC/u_LPF/P[15]
    SLICE_X102Y18        LUT2 (Prop_lut2_I0_O)        0.124     1.968 r  u_DDC/u_LPF/Product1_mul_temp_i_1/O
                         net (fo=16, routed)          0.747     2.716    u_DDC/u_LPF/Delay_out1[15]
    DSP48_X4Y7           DSP48E1 (Prop_dsp48e1_A[25]_P[17])
                                                      3.841     6.557 r  u_DDC/u_LPF/Product1_mul_temp/P[17]
                         net (fo=1, routed)           0.770     7.326    u_DDC/u_LPF/RESIZE[3]
    SLICE_X103Y20        LUT2 (Prop_lut2_I1_O)        0.124     7.450 r  u_DDC/u_LPF/Sum3_add_temp_carry_i_3/O
                         net (fo=1, routed)           0.000     7.450    u_DDC/u_LPF/Sum3_add_temp_carry_i_3_n_0
    SLICE_X103Y20        CARRY4 (Prop_carry4_S[1]_CO[3])
                                                      0.550     8.000 r  u_DDC/u_LPF/Sum3_add_temp_carry/CO[3]
                         net (fo=1, routed)           0.000     8.000    u_DDC/u_LPF/Sum3_add_temp_carry_n_0
    SLICE_X103Y21        CARRY4 (Prop_carry4_CI_O[0])
                                                      0.222     8.222 r  u_DDC/u_LPF/Sum3_add_temp_carry__0/O[0]
                         net (fo=1, routed)           0.672     8.895    u_DDC/u_LPF/Sum3_add_temp[6]
    SLICE_X102Y21        LUT2 (Prop_lut2_I1_O)        0.299     9.194 r  u_DDC/u_LPF/Sum2_add_temp_carry_i_1/O
                         net (fo=1, routed)           0.000     9.194    u_DDC/u_LPF/Sum2_add_temp_carry_i_1_n_0
    SLICE_X102Y21        CARRY4 (Prop_carry4_S[3]_CO[3])
                                                      0.376     9.570 r  u_DDC/u_LPF/Sum2_add_temp_carry/CO[3]
                         net (fo=1, routed)           0.000     9.570    u_DDC/u_LPF/Sum2_add_temp_carry_n_0
    SLICE_X102Y22        CARRY4 (Prop_carry4_CI_O[0])
                                                      0.219     9.789 r  u_DDC/u_LPF/Sum2_add_temp_carry__0/O[0]
                         net (fo=1, routed)           0.756    10.545    u_DDC/u_LPF/Sum2_add_temp[4]
    SLICE_X98Y22         LUT2 (Prop_lut2_I1_O)        0.295    10.840 r  u_DDC/u_LPF/Sum5_add_temp_carry__0_i_4/O
                         net (fo=1, routed)           0.000    10.840    u_DDC/u_LPF/Sum5_add_temp_carry__0_i_4_n_0
    SLICE_X98Y22         CARRY4 (Prop_carry4_S[0]_O[0])
                                                      0.252    11.092 r  u_DDC/u_LPF/Sum5_add_temp_carry__0/O[0]
                         net (fo=1, routed)           0.621    11.713    u_DDC/u_LPF/Sum5_add_temp[4]
    SLICE_X97Y21         LUT2 (Prop_lut2_I1_O)        0.295    12.008 r  u_DDC/u_LPF/Sum4_add_temp_carry_i_3/O
                         net (fo=1, routed)           0.000    12.008    u_DDC/u_LPF/Sum4_add_temp_carry_i_3_n_0
    SLICE_X97Y21         CARRY4 (Prop_carry4_S[1]_O[2])
                                                      0.580    12.588 r  u_DDC/u_LPF/Sum4_add_temp_carry/O[2]
                         net (fo=1, routed)           0.432    13.020    u_DDC/u_LPF/Sum4_add_temp[4]
    SLICE_X96Y22         LUT2 (Prop_lut2_I1_O)        0.302    13.322 r  u_DDC/u_LPF/Sum7_add_temp_carry_i_3/O
                         net (fo=1, routed)           0.000    13.322    u_DDC/u_LPF/Sum7_add_temp_carry_i_3_n_0
    SLICE_X96Y22         CARRY4 (Prop_carry4_S[1]_O[2])
                                                      0.578    13.900 r  u_DDC/u_LPF/Sum7_add_temp_carry/O[2]
                         net (fo=1, routed)           0.443    14.343    u_DDC/u_LPF/Sum7_add_temp[2]
    SLICE_X95Y23         LUT2 (Prop_lut2_I1_O)        0.301    14.644 r  u_DDC/u_LPF/Sum6_add_temp_carry_i_3/O
                         net (fo=1, routed)           0.000    14.644    u_DDC/u_LPF/Sum6_add_temp_carry_i_3_n_0
    SLICE_X95Y23         CARRY4 (Prop_carry4_S[1]_CO[3])
                                                      0.550    15.194 r  u_DDC/u_LPF/Sum6_add_temp_carry/CO[3]
                         net (fo=1, routed)           0.000    15.194    u_DDC/u_LPF/Sum6_add_temp_carry_n_0
    SLICE_X95Y24         CARRY4 (Prop_carry4_CI_O[1])
                                                      0.334    15.528 r  u_DDC/u_LPF/Sum6_add_temp_carry__0/O[1]
                         net (fo=1, routed)           0.624    16.152    u_DDC/u_LPF/Sum6_out1[4]
    SLICE_X94Y25         LUT2 (Prop_lut2_I1_O)        0.303    16.455 r  u_DDC/u_LPF/Sum9_out1_carry__0_i_4/O
                         net (fo=1, routed)           0.000    16.455    u_DDC/u_LPF/Sum9_out1_carry__0_i_4_n_0
    SLICE_X94Y25         CARRY4 (Prop_carry4_S[0]_O[2])
                                                      0.544    16.999 r  u_DDC/u_LPF/Sum9_out1_carry__0/O[2]
                         net (fo=1, routed)           0.624    17.623    u_DDC/u_LPF/Sum9_out1[6]
    SLICE_X93Y25         LUT2 (Prop_lut2_I1_O)        0.301    17.924 r  u_DDC/u_LPF/Sum8_add_temp_carry__0_i_1/O
                         net (fo=1, routed)           0.000    17.924    u_DDC/u_LPF/Sum8_add_temp_carry__0_i_1_n_0
    SLICE_X93Y25         CARRY4 (Prop_carry4_S[3]_CO[3])
                                                      0.401    18.325 r  u_DDC/u_LPF/Sum8_add_temp_carry__0/CO[3]
                         net (fo=1, routed)           0.000    18.325    u_DDC/u_LPF/Sum8_add_temp_carry__0_n_0
    SLICE_X93Y26         CARRY4 (Prop_carry4_CI_O[0])
                                                      0.222    18.547 r  u_DDC/u_LPF/Sum8_add_temp_carry__1/O[0]
                         net (fo=1, routed)           0.832    19.379    u_DDC/u_LPF/Sum8_add_temp[8]
    SLICE_X93Y30         LUT2 (Prop_lut2_I1_O)        0.299    19.678 r  u_DDC/u_LPF/Sum11_add_temp_carry__0_i_1/O
                         net (fo=1, routed)           0.000    19.678    u_DDC/u_LPF/Sum11_add_temp_carry__0_i_1_n_0
    SLICE_X93Y30         CARRY4 (Prop_carry4_S[3]_CO[3])
                                                      0.401    20.079 r  u_DDC/u_LPF/Sum11_add_temp_carry__0/CO[3]
                         net (fo=1, routed)           0.000    20.079    u_DDC/u_LPF/Sum11_add_temp_carry__0_n_0
    SLICE_X93Y31         CARRY4 (Prop_carry4_CI_O[1])
                                                      0.334    20.413 r  u_DDC/u_LPF/Sum11_add_temp_carry__1/O[1]
                         net (fo=4, routed)           0.621    21.033    u_DDC/u_LPF/Sum11_add_temp[11]
    SLICE_X94Y31         LUT2 (Prop_lut2_I0_O)        0.303    21.336 r  u_DDC/u_LPF/Sum10_add_temp_carry__1_i_4/O
                         net (fo=1, routed)           0.000    21.336    u_DDC/u_LPF/Sum10_add_temp_carry__1_i_4_n_0
    SLICE_X94Y31         CARRY4 (Prop_carry4_S[1]_O[2])
                                                      0.578    21.914 f  u_DDC/u_LPF/Sum10_add_temp_carry__1/O[2]
                         net (fo=4, routed)           0.483    22.397    u_DDC/u_LPF/Sum10_add_temp[16]
    SLICE_X95Y30         LUT1 (Prop_lut1_I0_O)        0.297    22.694 r  u_DDC/u_LPF/Sum13_add_temp_carry__1_i_1/O
                         net (fo=1, routed)           0.000    22.694    u_DDC/u_LPF/Sum13_add_temp_carry__1_i_1_n_0
    SLICE_X95Y30         CARRY4 (Prop_carry4_DI[2]_O[3])
                                                      0.401    23.095 r  u_DDC/u_LPF/Sum13_add_temp_carry__1/O[3]
                         net (fo=3, routed)           0.484    23.579    u_DDC/u_LPF/Sum13_add_temp[16]
    SLICE_X96Y30         LUT2 (Prop_lut2_I1_O)        0.306    23.885 r  u_DDC/u_LPF/Sum12_add_temp_carry__1_i_2/O
                         net (fo=1, routed)           0.000    23.885    u_DDC/u_LPF/Sum12_add_temp_carry__1_i_2_n_0
    SLICE_X96Y30         CARRY4 (Prop_carry4_S[3]_CO[3])
                                                      0.376    24.261 r  u_DDC/u_LPF/Sum12_add_temp_carry__1/CO[3]
                         net (fo=1, routed)           0.000    24.261    u_DDC/u_LPF/Sum12_add_temp_carry__1_n_0
    SLICE_X96Y31         CARRY4 (Prop_carry4_CI_O[1])
                                                      0.323    24.584 r  u_DDC/u_LPF/Sum12_add_temp_carry__2/O[1]
                         net (fo=3, routed)           0.435    25.019    u_DDC/u_LPF/Sum12_add_temp[19]
    SLICE_X97Y31         LUT2 (Prop_lut2_I1_O)        0.306    25.325 r  u_DDC/u_LPF/Sum15_add_temp_carry__2_i_3/O
                         net (fo=1, routed)           0.000    25.325    u_DDC/u_LPF/Sum15_add_temp_carry__2_i_3_n_0
    SLICE_X97Y31         CARRY4 (Prop_carry4_S[1]_O[2])
                                                      0.580    25.905 r  u_DDC/u_LPF/Sum15_add_temp_carry__2/O[2]
                         net (fo=1, routed)           0.000    25.905    u_DDC/Xfilter_signed[13]
    SLICE_X97Y31         FDCE                                         r  u_DDC/Xfilter_1_reg[13]/D
  -------------------------------------------------------------------    -------------------

                         (clock MWCLK rise edge)     16.667    16.667 r  
                                                      0.000    16.667 r  clk (IN)
                         net (fo=29022, unset)        0.924    17.591    u_DDC/clk
    SLICE_X97Y31         FDCE                                         r  u_DDC/Xfilter_1_reg[13]/C
                         clock pessimism              0.000    17.591    
                         clock uncertainty           -0.035    17.556    
    SLICE_X97Y31         FDCE (Setup_fdce_C_D)        0.062    17.618    u_DDC/Xfilter_1_reg[13]
  -------------------------------------------------------------------
                         required time                         17.618    
                         arrival time                         -25.905    
  -------------------------------------------------------------------
                         slack                                 -8.287    

Slack (VIOLATED) :        -8.182ns  (required time - arrival time)
  Source:                 u_DDC/u_LPF/Product1_mul_temp_i_1_psdsp/C
                            (rising edge-triggered cell FDRE clocked by MWCLK  {rise@0.000ns fall@8.333ns period=16.667ns})
  Destination:            u_DDC/Xfilter_1_reg[12]/D
                            (rising edge-triggered cell FDCE clocked by MWCLK  {rise@0.000ns fall@8.333ns period=16.667ns})
  Path Group:             MWCLK
  Path Type:              Setup (Max at Slow Process Corner)
  Requirement:            16.667ns  (MWCLK rise@16.667ns - MWCLK rise@0.000ns)
  Data Path Delay:        24.827ns  (logic 15.685ns (63.178%)  route 9.142ns (36.822%))
  Logic Levels:           34  (CARRY4=19 DSP48E1=1 LUT1=1 LUT2=13)
  Clock Path Skew:        -0.049ns (DCD - SCD + CPR)
    Destination Clock Delay (DCD):    0.924ns = ( 17.591 - 16.667 ) 
    Source Clock Delay      (SCD):    0.973ns
    Clock Pessimism Removal (CPR):    0.000ns
  Clock Uncertainty:      0.035ns  ((TSJ^2 + TIJ^2)^1/2 + DJ) / 2 + PE
    Total System Jitter     (TSJ):    0.071ns
    Total Input Jitter      (TIJ):    0.000ns
    Discrete Jitter          (DJ):    0.000ns
    Phase Error              (PE):    0.000ns

    Location             Delay type                Incr(ns)  Path(ns)    Netlist Resource(s)
  -------------------------------------------------------------------    -------------------
                         (clock MWCLK rise edge)      0.000     0.000 r  
                                                      0.000     0.000 r  clk (IN)
                         net (fo=29022, unset)        0.973     0.973    u_DDC/u_LPF/clk
    SLICE_X103Y17        FDRE                                         r  u_DDC/u_LPF/Product1_mul_temp_i_1_psdsp/C
  -------------------------------------------------------------------    -------------------
    SLICE_X103Y17        FDRE (Prop_fdre_C_Q)         0.456     1.429 r  u_DDC/u_LPF/Product1_mul_temp_i_1_psdsp/Q
                         net (fo=1, routed)           0.415     1.844    u_DDC/u_LPF/P[15]
    SLICE_X102Y18        LUT2 (Prop_lut2_I0_O)        0.124     1.968 r  u_DDC/u_LPF/Product1_mul_temp_i_1/O
                         net (fo=16, routed)          0.747     2.716    u_DDC/u_LPF/Delay_out1[15]
    DSP48_X4Y7           DSP48E1 (Prop_dsp48e1_A[25]_P[17])
                                                      3.841     6.557 r  u_DDC/u_LPF/Product1_mul_temp/P[17]
                         net (fo=1, routed)           0.770     7.326    u_DDC/u_LPF/RESIZE[3]
    SLICE_X103Y20        LUT2 (Prop_lut2_I1_O)        0.124     7.450 r  u_DDC/u_LPF/Sum3_add_temp_carry_i_3/O
                         net (fo=1, routed)           0.000     7.450    u_DDC/u_LPF/Sum3_add_temp_carry_i_3_n_0
    SLICE_X103Y20        CARRY4 (Prop_carry4_S[1]_CO[3])
                                                      0.550     8.000 r  u_DDC/u_LPF/Sum3_add_temp_carry/CO[3]
                         net (fo=1, routed)           0.000     8.000    u_DDC/u_LPF/Sum3_add_temp_carry_n_0
    SLICE_X103Y21        CARRY4 (Prop_carry4_CI_O[0])
                                                      0.222     8.222 r  u_DDC/u_LPF/Sum3_add_temp_carry__0/O[0]
                         net (fo=1, routed)           0.672     8.895    u_DDC/u_LPF/Sum3_add_temp[6]
    SLICE_X102Y21        LUT2 (Prop_lut2_I1_O)        0.299     9.194 r  u_DDC/u_LPF/Sum2_add_temp_carry_i_1/O
                         net (fo=1, routed)           0.000     9.194    u_DDC/u_LPF/Sum2_add_temp_carry_i_1_n_0
    SLICE_X102Y21        CARRY4 (Prop_carry4_S[3]_CO[3])
                                                      0.376     9.570 r  u_DDC/u_LPF/Sum2_add_temp_carry/CO[3]
                         net (fo=1, routed)           0.000     9.570    u_DDC/u_LPF/Sum2_add_temp_carry_n_0
    SLICE_X102Y22        CARRY4 (Prop_carry4_CI_O[0])
                                                      0.219     9.789 r  u_DDC/u_LPF/Sum2_add_temp_carry__0/O[0]
                         net (fo=1, routed)           0.756    10.545    u_DDC/u_LPF/Sum2_add_temp[4]
    SLICE_X98Y22         LUT2 (Prop_lut2_I1_O)        0.295    10.840 r  u_DDC/u_LPF/Sum5_add_temp_carry__0_i_4/O
                         net (fo=1, routed)           0.000    10.840    u_DDC/u_LPF/Sum5_add_temp_carry__0_i_4_n_0
    SLICE_X98Y22         CARRY4 (Prop_carry4_S[0]_O[0])
                                                      0.252    11.092 r  u_DDC/u_LPF/Sum5_add_temp_carry__0/O[0]
                         net (fo=1, routed)           0.621    11.713    u_DDC/u_LPF/Sum5_add_temp[4]
    SLICE_X97Y21         LUT2 (Prop_lut2_I1_O)        0.295    12.008 r  u_DDC/u_LPF/Sum4_add_temp_carry_i_3/O
                         net (fo=1, routed)           0.000    12.008    u_DDC/u_LPF/Sum4_add_temp_carry_i_3_n_0
    SLICE_X97Y21         CARRY4 (Prop_carry4_S[1]_O[2])
                                                      0.580    12.588 r  u_DDC/u_LPF/Sum4_add_temp_carry/O[2]
                         net (fo=1, routed)           0.432    13.020    u_DDC/u_LPF/Sum4_add_temp[4]
    SLICE_X96Y22         LUT2 (Prop_lut2_I1_O)        0.302    13.322 r  u_DDC/u_LPF/Sum7_add_temp_carry_i_3/O
                         net (fo=1, routed)           0.000    13.322    u_DDC/u_LPF/Sum7_add_temp_carry_i_3_n_0
    SLICE_X96Y22         CARRY4 (Prop_carry4_S[1]_O[2])
                                                      0.578    13.900 r  u_DDC/u_LPF/Sum7_add_temp_carry/O[2]
                         net (fo=1, routed)           0.443    14.343    u_DDC/u_LPF/Sum7_add_temp[2]
    SLICE_X95Y23         LUT2 (Prop_lut2_I1_O)        0.301    14.644 r  u_DDC/u_LPF/Sum6_add_temp_carry_i_3/O
                         net (fo=1, routed)           0.000    14.644    u_DDC/u_LPF/Sum6_add_temp_carry_i_3_n_0
    SLICE_X95Y23         CARRY4 (Prop_carry4_S[1]_CO[3])
                                                      0.550    15.194 r  u_DDC/u_LPF/Sum6_add_temp_carry/CO[3]
                         net (fo=1, routed)           0.000    15.194    u_DDC/u_LPF/Sum6_add_temp_carry_n_0
    SLICE_X95Y24         CARRY4 (Prop_carry4_CI_O[1])
                                                      0.334    15.528 r  u_DDC/u_LPF/Sum6_add_temp_carry__0/O[1]
                         net (fo=1, routed)           0.624    16.152    u_DDC/u_LPF/Sum6_out1[4]
    SLICE_X94Y25         LUT2 (Prop_lut2_I1_O)        0.303    16.455 r  u_DDC/u_LPF/Sum9_out1_carry__0_i_4/O
                         net (fo=1, routed)           0.000    16.455    u_DDC/u_LPF/Sum9_out1_carry__0_i_4_n_0
    SLICE_X94Y25         CARRY4 (Prop_carry4_S[0]_O[2])
                                                      0.544    16.999 r  u_DDC/u_LPF/Sum9_out1_carry__0/O[2]
                         net (fo=1, routed)           0.624    17.623    u_DDC/u_LPF/Sum9_out1[6]
    SLICE_X93Y25         LUT2 (Prop_lut2_I1_O)        0.301    17.924 r  u_DDC/u_LPF/Sum8_add_temp_carry__0_i_1/O
                         net (fo=1, routed)           0.000    17.924    u_DDC/u_LPF/Sum8_add_temp_carry__0_i_1_n_0
    SLICE_X93Y25         CARRY4 (Prop_carry4_S[3]_CO[3])
                                                      0.401    18.325 r  u_DDC/u_LPF/Sum8_add_temp_carry__0/CO[3]
                         net (fo=1, routed)           0.000    18.325    u_DDC/u_LPF/Sum8_add_temp_carry__0_n_0
    SLICE_X93Y26         CARRY4 (Prop_carry4_CI_O[0])
                                                      0.222    18.547 r  u_DDC/u_LPF/Sum8_add_temp_carry__1/O[0]
                         net (fo=1, routed)           0.832    19.379    u_DDC/u_LPF/Sum8_add_temp[8]
    SLICE_X93Y30         LUT2 (Prop_lut2_I1_O)        0.299    19.678 r  u_DDC/u_LPF/Sum11_add_temp_carry__0_i_1/O
                         net (fo=1, routed)           0.000    19.678    u_DDC/u_LPF/Sum11_add_temp_carry__0_i_1_n_0
    SLICE_X93Y30         CARRY4 (Prop_carry4_S[3]_CO[3])
                                                      0.401    20.079 r  u_DDC/u_LPF/Sum11_add_temp_carry__0/CO[3]
                         net (fo=1, routed)           0.000    20.079    u_DDC/u_LPF/Sum11_add_temp_carry__0_n_0
    SLICE_X93Y31         CARRY4 (Prop_carry4_CI_O[1])
                                                      0.334    20.413 r  u_DDC/u_LPF/Sum11_add_temp_carry__1/O[1]
                         net (fo=4, routed)           0.621    21.033    u_DDC/u_LPF/Sum11_add_temp[11]
    SLICE_X94Y31         LUT2 (Prop_lut2_I0_O)        0.303    21.336 r  u_DDC/u_LPF/Sum10_add_temp_carry__1_i_4/O
                         net (fo=1, routed)           0.000    21.336    u_DDC/u_LPF/Sum10_add_temp_carry__1_i_4_n_0
    SLICE_X94Y31         CARRY4 (Prop_carry4_S[1]_O[2])
                                                      0.578    21.914 f  u_DDC/u_LPF/Sum10_add_temp_carry__1/O[2]
                         net (fo=4, routed)           0.483    22.397    u_DDC/u_LPF/Sum10_add_temp[16]
    SLICE_X95Y30         LUT1 (Prop_lut1_I0_O)        0.297    22.694 r  u_DDC/u_LPF/Sum13_add_temp_carry__1_i_1/O
                         net (fo=1, routed)           0.000    22.694    u_DDC/u_LPF/Sum13_add_temp_carry__1_i_1_n_0
    SLICE_X95Y30         CARRY4 (Prop_carry4_DI[2]_O[3])
                                                      0.401    23.095 r  u_DDC/u_LPF/Sum13_add_temp_carry__1/O[3]
                         net (fo=3, routed)           0.484    23.579    u_DDC/u_LPF/Sum13_add_temp[16]
    SLICE_X96Y30         LUT2 (Prop_lut2_I1_O)        0.306    23.885 r  u_DDC/u_LPF/Sum12_add_temp_carry__1_i_2/O
                         net (fo=1, routed)           0.000    23.885    u_DDC/u_LPF/Sum12_add_temp_carry__1_i_2_n_0
    SLICE_X96Y30         CARRY4 (Prop_carry4_S[3]_O[3])
                                                      0.255    24.140 r  u_DDC/u_LPF/Sum12_add_temp_carry__1/O[3]
                         net (fo=3, routed)           0.617    24.758    u_DDC/u_LPF/Sum12_add_temp[17]
    SLICE_X97Y30         LUT2 (Prop_lut2_I1_O)        0.307    25.065 r  u_DDC/u_LPF/Sum15_add_temp_carry__1_i_1/O
                         net (fo=1, routed)           0.000    25.065    u_DDC/u_LPF/Sum15_add_temp_carry__1_i_1_n_0
    SLICE_X97Y30         CARRY4 (Prop_carry4_S[3]_CO[3])
                                                      0.401    25.466 r  u_DDC/u_LPF/Sum15_add_temp_carry__1/CO[3]
                         net (fo=1, routed)           0.000    25.466    u_DDC/u_LPF/Sum15_add_temp_carry__1_n_0
    SLICE_X97Y31         CARRY4 (Prop_carry4_CI_O[1])
                                                      0.334    25.800 r  u_DDC/u_LPF/Sum15_add_temp_carry__2/O[1]
                         net (fo=1, routed)           0.000    25.800    u_DDC/Xfilter_signed[12]
    SLICE_X97Y31         FDCE                                         r  u_DDC/Xfilter_1_reg[12]/D
  -------------------------------------------------------------------    -------------------

                         (clock MWCLK rise edge)     16.667    16.667 r  
                                                      0.000    16.667 r  clk (IN)
                         net (fo=29022, unset)        0.924    17.591    u_DDC/clk
    SLICE_X97Y31         FDCE                                         r  u_DDC/Xfilter_1_reg[12]/C
                         clock pessimism              0.000    17.591    
                         clock uncertainty           -0.035    17.556    
    SLICE_X97Y31         FDCE (Setup_fdce_C_D)        0.062    17.618    u_DDC/Xfilter_1_reg[12]
  -------------------------------------------------------------------
                         required time                         17.618    
                         arrival time                         -25.800    
  -------------------------------------------------------------------
                         slack                                 -8.182    

Slack (VIOLATED) :        -8.071ns  (required time - arrival time)
  Source:                 u_DDC/u_LPF/Product1_mul_temp_i_1_psdsp/C
                            (rising edge-triggered cell FDRE clocked by MWCLK  {rise@0.000ns fall@8.333ns period=16.667ns})
  Destination:            u_DDC/Xfilter_1_reg[11]/D
                            (rising edge-triggered cell FDCE clocked by MWCLK  {rise@0.000ns fall@8.333ns period=16.667ns})
  Path Group:             MWCLK
  Path Type:              Setup (Max at Slow Process Corner)
  Requirement:            16.667ns  (MWCLK rise@16.667ns - MWCLK rise@0.000ns)
  Data Path Delay:        24.716ns  (logic 15.574ns (63.013%)  route 9.142ns (36.987%))
  Logic Levels:           34  (CARRY4=19 DSP48E1=1 LUT1=1 LUT2=13)
  Clock Path Skew:        -0.049ns (DCD - SCD + CPR)
    Destination Clock Delay (DCD):    0.924ns = ( 17.591 - 16.667 ) 
    Source Clock Delay      (SCD):    0.973ns
    Clock Pessimism Removal (CPR):    0.000ns
  Clock Uncertainty:      0.035ns  ((TSJ^2 + TIJ^2)^1/2 + DJ) / 2 + PE
    Total System Jitter     (TSJ):    0.071ns
    Total Input Jitter      (TIJ):    0.000ns
    Discrete Jitter          (DJ):    0.000ns
    Phase Error              (PE):    0.000ns

    Location             Delay type                Incr(ns)  Path(ns)    Netlist Resource(s)
  -------------------------------------------------------------------    -------------------
                         (clock MWCLK rise edge)      0.000     0.000 r  
                                                      0.000     0.000 r  clk (IN)
                         net (fo=29022, unset)        0.973     0.973    u_DDC/u_LPF/clk
    SLICE_X103Y17        FDRE                                         r  u_DDC/u_LPF/Product1_mul_temp_i_1_psdsp/C
  -------------------------------------------------------------------    -------------------
    SLICE_X103Y17        FDRE (Prop_fdre_C_Q)         0.456     1.429 r  u_DDC/u_LPF/Product1_mul_temp_i_1_psdsp/Q
                         net (fo=1, routed)           0.415     1.844    u_DDC/u_LPF/P[15]
    SLICE_X102Y18        LUT2 (Prop_lut2_I0_O)        0.124     1.968 r  u_DDC/u_LPF/Product1_mul_temp_i_1/O
                         net (fo=16, routed)          0.747     2.716    u_DDC/u_LPF/Delay_out1[15]
    DSP48_X4Y7           DSP48E1 (Prop_dsp48e1_A[25]_P[17])
                                                      3.841     6.557 r  u_DDC/u_LPF/Product1_mul_temp/P[17]
                         net (fo=1, routed)           0.770     7.326    u_DDC/u_LPF/RESIZE[3]
    SLICE_X103Y20        LUT2 (Prop_lut2_I1_O)        0.124     7.450 r  u_DDC/u_LPF/Sum3_add_temp_carry_i_3/O
                         net (fo=1, routed)           0.000     7.450    u_DDC/u_LPF/Sum3_add_temp_carry_i_3_n_0
    SLICE_X103Y20        CARRY4 (Prop_carry4_S[1]_CO[3])
                                                      0.550     8.000 r  u_DDC/u_LPF/Sum3_add_temp_carry/CO[3]
                         net (fo=1, routed)           0.000     8.000    u_DDC/u_LPF/Sum3_add_temp_carry_n_0
    SLICE_X103Y21        CARRY4 (Prop_carry4_CI_O[0])
                                                      0.222     8.222 r  u_DDC/u_LPF/Sum3_add_temp_carry__0/O[0]
                         net (fo=1, routed)           0.672     8.895    u_DDC/u_LPF/Sum3_add_temp[6]
    SLICE_X102Y21        LUT2 (Prop_lut2_I1_O)        0.299     9.194 r  u_DDC/u_LPF/Sum2_add_temp_carry_i_1/O
                         net (fo=1, routed)           0.000     9.194    u_DDC/u_LPF/Sum2_add_temp_carry_i_1_n_0
    SLICE_X102Y21        CARRY4 (Prop_carry4_S[3]_CO[3])
                                                      0.376     9.570 r  u_DDC/u_LPF/Sum2_add_temp_carry/CO[3]
                         net (fo=1, routed)           0.000     9.570    u_DDC/u_LPF/Sum2_add_temp_carry_n_0
    SLICE_X102Y22        CARRY4 (Prop_carry4_CI_O[0])
                                                      0.219     9.789 r  u_DDC/u_LPF/Sum2_add_temp_carry__0/O[0]
                         net (fo=1, routed)           0.756    10.545    u_DDC/u_LPF/Sum2_add_temp[4]
    SLICE_X98Y22         LUT2 (Prop_lut2_I1_O)        0.295    10.840 r  u_DDC/u_LPF/Sum5_add_temp_carry__0_i_4/O
                         net (fo=1, routed)           0.000    10.840    u_DDC/u_LPF/Sum5_add_temp_carry__0_i_4_n_0
    SLICE_X98Y22         CARRY4 (Prop_carry4_S[0]_O[0])
                                                      0.252    11.092 r  u_DDC/u_LPF/Sum5_add_temp_carry__0/O[0]
                         net (fo=1, routed)           0.621    11.713    u_DDC/u_LPF/Sum5_add_temp[4]
    SLICE_X97Y21         LUT2 (Prop_lut2_I1_O)        0.295    12.008 r  u_DDC/u_LPF/Sum4_add_temp_carry_i_3/O
                         net (fo=1, routed)           0.000    12.008    u_DDC/u_LPF/Sum4_add_temp_carry_i_3_n_0
    SLICE_X97Y21         CARRY4 (Prop_carry4_S[1]_O[2])
                                                      0.580    12.588 r  u_DDC/u_LPF/Sum4_add_temp_carry/O[2]
                         net (fo=1, routed)           0.432    13.020    u_DDC/u_LPF/Sum4_add_temp[4]
    SLICE_X96Y22         LUT2 (Prop_lut2_I1_O)        0.302    13.322 r  u_DDC/u_LPF/Sum7_add_temp_carry_i_3/O
                         net (fo=1, routed)           0.000    13.322    u_DDC/u_LPF/Sum7_add_temp_carry_i_3_n_0
    SLICE_X96Y22         CARRY4 (Prop_carry4_S[1]_O[2])
                                                      0.578    13.900 r  u_DDC/u_LPF/Sum7_add_temp_carry/O[2]
                         net (fo=1, routed)           0.443    14.343    u_DDC/u_LPF/Sum7_add_temp[2]
    SLICE_X95Y23         LUT2 (Prop_lut2_I1_O)        0.301    14.644 r  u_DDC/u_LPF/Sum6_add_temp_carry_i_3/O
                         net (fo=1, routed)           0.000    14.644    u_DDC/u_LPF/Sum6_add_temp_carry_i_3_n_0
    SLICE_X95Y23         CARRY4 (Prop_carry4_S[1]_CO[3])
                                                      0.550    15.194 r  u_DDC/u_LPF/Sum6_add_temp_carry/CO[3]
                         net (fo=1, routed)           0.000    15.194    u_DDC/u_LPF/Sum6_add_temp_carry_n_0
    SLICE_X95Y24         CARRY4 (Prop_carry4_CI_O[1])
                                                      0.334    15.528 r  u_DDC/u_LPF/Sum6_add_temp_carry__0/O[1]
                         net (fo=1, routed)           0.624    16.152    u_DDC/u_LPF/Sum6_out1[4]
    SLICE_X94Y25         LUT2 (Prop_lut2_I1_O)        0.303    16.455 r  u_DDC/u_LPF/Sum9_out1_carry__0_i_4/O
                         net (fo=1, routed)           0.000    16.455    u_DDC/u_LPF/Sum9_out1_carry__0_i_4_n_0
    SLICE_X94Y25         CARRY4 (Prop_carry4_S[0]_O[2])
                                                      0.544    16.999 r  u_DDC/u_LPF/Sum9_out1_carry__0/O[2]
                         net (fo=1, routed)           0.624    17.623    u_DDC/u_LPF/Sum9_out1[6]
    SLICE_X93Y25         LUT2 (Prop_lut2_I1_O)        0.301    17.924 r  u_DDC/u_LPF/Sum8_add_temp_carry__0_i_1/O
                         net (fo=1, routed)           0.000    17.924    u_DDC/u_LPF/Sum8_add_temp_carry__0_i_1_n_0
    SLICE_X93Y25         CARRY4 (Prop_carry4_S[3]_CO[3])
                                                      0.401    18.325 r  u_DDC/u_LPF/Sum8_add_temp_carry__0/CO[3]
                         net (fo=1, routed)           0.000    18.325    u_DDC/u_LPF/Sum8_add_temp_carry__0_n_0
    SLICE_X93Y26         CARRY4 (Prop_carry4_CI_O[0])
                                                      0.222    18.547 r  u_DDC/u_LPF/Sum8_add_temp_carry__1/O[0]
                         net (fo=1, routed)           0.832    19.379    u_DDC/u_LPF/Sum8_add_temp[8]
    SLICE_X93Y30         LUT2 (Prop_lut2_I1_O)        0.299    19.678 r  u_DDC/u_LPF/Sum11_add_temp_carry__0_i_1/O
                         net (fo=1, routed)           0.000    19.678    u_DDC/u_LPF/Sum11_add_temp_carry__0_i_1_n_0
    SLICE_X93Y30         CARRY4 (Prop_carry4_S[3]_CO[3])
                                                      0.401    20.079 r  u_DDC/u_LPF/Sum11_add_temp_carry__0/CO[3]
                         net (fo=1, routed)           0.000    20.079    u_DDC/u_LPF/Sum11_add_temp_carry__0_n_0
    SLICE_X93Y31         CARRY4 (Prop_carry4_CI_O[1])
                                                      0.334    20.413 r  u_DDC/u_LPF/Sum11_add_temp_carry__1/O[1]
                         net (fo=4, routed)           0.621    21.033    u_DDC/u_LPF/Sum11_add_temp[11]
    SLICE_X94Y31         LUT2 (Prop_lut2_I0_O)        0.303    21.336 r  u_DDC/u_LPF/Sum10_add_temp_carry__1_i_4/O
                         net (fo=1, routed)           0.000    21.336    u_DDC/u_LPF/Sum10_add_temp_carry__1_i_4_n_0
    SLICE_X94Y31         CARRY4 (Prop_carry4_S[1]_O[2])
                                                      0.578    21.914 f  u_DDC/u_LPF/Sum10_add_temp_carry__1/O[2]
                         net (fo=4, routed)           0.483    22.397    u_DDC/u_LPF/Sum10_add_temp[16]
    SLICE_X95Y30         LUT1 (Prop_lut1_I0_O)        0.297    22.694 r  u_DDC/u_LPF/Sum13_add_temp_carry__1_i_1/O
                         net (fo=1, routed)           0.000    22.694    u_DDC/u_LPF/Sum13_add_temp_carry__1_i_1_n_0
    SLICE_X95Y30         CARRY4 (Prop_carry4_DI[2]_O[3])
                                                      0.401    23.095 r  u_DDC/u_LPF/Sum13_add_temp_carry__1/O[3]
                         net (fo=3, routed)           0.484    23.579    u_DDC/u_LPF/Sum13_add_temp[16]
    SLICE_X96Y30         LUT2 (Prop_lut2_I1_O)        0.306    23.885 r  u_DDC/u_LPF/Sum12_add_temp_carry__1_i_2/O
                         net (fo=1, routed)           0.000    23.885    u_DDC/u_LPF/Sum12_add_temp_carry__1_i_2_n_0
    SLICE_X96Y30         CARRY4 (Prop_carry4_S[3]_O[3])
                                                      0.255    24.140 r  u_DDC/u_LPF/Sum12_add_temp_carry__1/O[3]
                         net (fo=3, routed)           0.617    24.758    u_DDC/u_LPF/Sum12_add_temp[17]
    SLICE_X97Y30         LUT2 (Prop_lut2_I1_O)        0.307    25.065 r  u_DDC/u_LPF/Sum15_add_temp_carry__1_i_1/O
                         net (fo=1, routed)           0.000    25.065    u_DDC/u_LPF/Sum15_add_temp_carry__1_i_1_n_0
    SLICE_X97Y30         CARRY4 (Prop_carry4_S[3]_CO[3])
                                                      0.401    25.466 r  u_DDC/u_LPF/Sum15_add_temp_carry__1/CO[3]
                         net (fo=1, routed)           0.000    25.466    u_DDC/u_LPF/Sum15_add_temp_carry__1_n_0
    SLICE_X97Y31         CARRY4 (Prop_carry4_CI_O[0])
                                                      0.223    25.689 r  u_DDC/u_LPF/Sum15_add_temp_carry__2/O[0]
                         net (fo=1, routed)           0.000    25.689    u_DDC/Xfilter_signed[11]
    SLICE_X97Y31         FDCE                                         r  u_DDC/Xfilter_1_reg[11]/D
  -------------------------------------------------------------------    -------------------

                         (clock MWCLK rise edge)     16.667    16.667 r  
                                                      0.000    16.667 r  clk (IN)
                         net (fo=29022, unset)        0.924    17.591    u_DDC/clk
    SLICE_X97Y31         FDCE                                         r  u_DDC/Xfilter_1_reg[11]/C
                         clock pessimism              0.000    17.591    
                         clock uncertainty           -0.035    17.556    
    SLICE_X97Y31         FDCE (Setup_fdce_C_D)        0.062    17.618    u_DDC/Xfilter_1_reg[11]
  -------------------------------------------------------------------
                         required time                         17.618    
                         arrival time                         -25.689    
  -------------------------------------------------------------------
                         slack                                 -8.071    

Slack (VIOLATED) :        -7.695ns  (required time - arrival time)
  Source:                 u_DDC/u_LPF/Product1_mul_temp_i_1_psdsp/C
                            (rising edge-triggered cell FDRE clocked by MWCLK  {rise@0.000ns fall@8.333ns period=16.667ns})
  Destination:            u_DDC/Xfilter_1_reg[10]/D
                            (rising edge-triggered cell FDCE clocked by MWCLK  {rise@0.000ns fall@8.333ns period=16.667ns})
  Path Group:             MWCLK
  Path Type:              Setup (Max at Slow Process Corner)
  Requirement:            16.667ns  (MWCLK rise@16.667ns - MWCLK rise@0.000ns)
  Data Path Delay:        24.340ns  (logic 15.198ns (62.441%)  route 9.142ns (37.559%))
  Logic Levels:           33  (CARRY4=18 DSP48E1=1 LUT1=1 LUT2=13)
  Clock Path Skew:        -0.049ns (DCD - SCD + CPR)
    Destination Clock Delay (DCD):    0.924ns = ( 17.591 - 16.667 ) 
    Source Clock Delay      (SCD):    0.973ns
    Clock Pessimism Removal (CPR):    0.000ns
  Clock Uncertainty:      0.035ns  ((TSJ^2 + TIJ^2)^1/2 + DJ) / 2 + PE
    Total System Jitter     (TSJ):    0.071ns
    Total Input Jitter      (TIJ):    0.000ns
    Discrete Jitter          (DJ):    0.000ns
    Phase Error              (PE):    0.000ns

    Location             Delay type                Incr(ns)  Path(ns)    Netlist Resource(s)
  -------------------------------------------------------------------    -------------------
                         (clock MWCLK rise edge)      0.000     0.000 r  
                                                      0.000     0.000 r  clk (IN)
                         net (fo=29022, unset)        0.973     0.973    u_DDC/u_LPF/clk
    SLICE_X103Y17        FDRE                                         r  u_DDC/u_LPF/Product1_mul_temp_i_1_psdsp/C
  -------------------------------------------------------------------    -------------------
    SLICE_X103Y17        FDRE (Prop_fdre_C_Q)         0.456     1.429 r  u_DDC/u_LPF/Product1_mul_temp_i_1_psdsp/Q
                         net (fo=1, routed)           0.415     1.844    u_DDC/u_LPF/P[15]
    SLICE_X102Y18        LUT2 (Prop_lut2_I0_O)        0.124     1.968 r  u_DDC/u_LPF/Product1_mul_temp_i_1/O
                         net (fo=16, routed)          0.747     2.716    u_DDC/u_LPF/Delay_out1[15]
    DSP48_X4Y7           DSP48E1 (Prop_dsp48e1_A[25]_P[17])
                                                      3.841     6.557 r  u_DDC/u_LPF/Product1_mul_temp/P[17]
                         net (fo=1, routed)           0.770     7.326    u_DDC/u_LPF/RESIZE[3]
    SLICE_X103Y20        LUT2 (Prop_lut2_I1_O)        0.124     7.450 r  u_DDC/u_LPF/Sum3_add_temp_carry_i_3/O
                         net (fo=1, routed)           0.000     7.450    u_DDC/u_LPF/Sum3_add_temp_carry_i_3_n_0
    SLICE_X103Y20        CARRY4 (Prop_carry4_S[1]_CO[3])
                                                      0.550     8.000 r  u_DDC/u_LPF/Sum3_add_temp_carry/CO[3]
                         net (fo=1, routed)           0.000     8.000    u_DDC/u_LPF/Sum3_add_temp_carry_n_0
    SLICE_X103Y21        CARRY4 (Prop_carry4_CI_O[0])
                                                      0.222     8.222 r  u_DDC/u_LPF/Sum3_add_temp_carry__0/O[0]
                         net (fo=1, routed)           0.672     8.895    u_DDC/u_LPF/Sum3_add_temp[6]
    SLICE_X102Y21        LUT2 (Prop_lut2_I1_O)        0.299     9.194 r  u_DDC/u_LPF/Sum2_add_temp_carry_i_1/O
                         net (fo=1, routed)           0.000     9.194    u_DDC/u_LPF/Sum2_add_temp_carry_i_1_n_0
    SLICE_X102Y21        CARRY4 (Prop_carry4_S[3]_CO[3])
                                                      0.376     9.570 r  u_DDC/u_LPF/Sum2_add_temp_carry/CO[3]
                         net (fo=1, routed)           0.000     9.570    u_DDC/u_LPF/Sum2_add_temp_carry_n_0
    SLICE_X102Y22        CARRY4 (Prop_carry4_CI_O[0])
                                                      0.219     9.789 r  u_DDC/u_LPF/Sum2_add_temp_carry__0/O[0]
                         net (fo=1, routed)           0.756    10.545    u_DDC/u_LPF/Sum2_add_temp[4]
    SLICE_X98Y22         LUT2 (Prop_lut2_I1_O)        0.295    10.840 r  u_DDC/u_LPF/Sum5_add_temp_carry__0_i_4/O
                         net (fo=1, routed)           0.000    10.840    u_DDC/u_LPF/Sum5_add_temp_carry__0_i_4_n_0
    SLICE_X98Y22         CARRY4 (Prop_carry4_S[0]_O[0])
                                                      0.252    11.092 r  u_DDC/u_LPF/Sum5_add_temp_carry__0/O[0]
                         net (fo=1, routed)           0.621    11.713    u_DDC/u_LPF/Sum5_add_temp[4]
    SLICE_X97Y21         LUT2 (Prop_lut2_I1_O)        0.295    12.008 r  u_DDC/u_LPF/Sum4_add_temp_carry_i_3/O
                         net (fo=1, routed)           0.000    12.008    u_DDC/u_LPF/Sum4_add_temp_carry_i_3_n_0
    SLICE_X97Y21         CARRY4 (Prop_carry4_S[1]_O[2])
                                                      0.580    12.588 r  u_DDC/u_LPF/Sum4_add_temp_carry/O[2]
                         net (fo=1, routed)           0.432    13.020    u_DDC/u_LPF/Sum4_add_temp[4]
    SLICE_X96Y22         LUT2 (Prop_lut2_I1_O)        0.302    13.322 r  u_DDC/u_LPF/Sum7_add_temp_carry_i_3/O
                         net (fo=1, routed)           0.000    13.322    u_DDC/u_LPF/Sum7_add_temp_carry_i_3_n_0
    SLICE_X96Y22         CARRY4 (Prop_carry4_S[1]_O[2])
                                                      0.578    13.900 r  u_DDC/u_LPF/Sum7_add_temp_carry/O[2]
                         net (fo=1, routed)           0.443    14.343    u_DDC/u_LPF/Sum7_add_temp[2]
    SLICE_X95Y23         LUT2 (Prop_lut2_I1_O)        0.301    14.644 r  u_DDC/u_LPF/Sum6_add_temp_carry_i_3/O
                         net (fo=1, routed)           0.000    14.644    u_DDC/u_LPF/Sum6_add_temp_carry_i_3_n_0
    SLICE_X95Y23         CARRY4 (Prop_carry4_S[1]_CO[3])
                                                      0.550    15.194 r  u_DDC/u_LPF/Sum6_add_temp_carry/CO[3]
                         net (fo=1, routed)           0.000    15.194    u_DDC/u_LPF/Sum6_add_temp_carry_n_0
    SLICE_X95Y24         CARRY4 (Prop_carry4_CI_O[1])
                                                      0.334    15.528 r  u_DDC/u_LPF/Sum6_add_temp_carry__0/O[1]
                         net (fo=1, routed)           0.624    16.152    u_DDC/u_LPF/Sum6_out1[4]
    SLICE_X94Y25         LUT2 (Prop_lut2_I1_O)        0.303    16.455 r  u_DDC/u_LPF/Sum9_out1_carry__0_i_4/O
                         net (fo=1, routed)           0.000    16.455    u_DDC/u_LPF/Sum9_out1_carry__0_i_4_n_0
    SLICE_X94Y25         CARRY4 (Prop_carry4_S[0]_O[2])
                                                      0.544    16.999 r  u_DDC/u_LPF/Sum9_out1_carry__0/O[2]
                         net (fo=1, routed)           0.624    17.623    u_DDC/u_LPF/Sum9_out1[6]
    SLICE_X93Y25         LUT2 (Prop_lut2_I1_O)        0.301    17.924 r  u_DDC/u_LPF/Sum8_add_temp_carry__0_i_1/O
                         net (fo=1, routed)           0.000    17.924    u_DDC/u_LPF/Sum8_add_temp_carry__0_i_1_n_0
    SLICE_X93Y25         CARRY4 (Prop_carry4_S[3]_CO[3])
                                                      0.401    18.325 r  u_DDC/u_LPF/Sum8_add_temp_carry__0/CO[3]
                         net (fo=1, routed)           0.000    18.325    u_DDC/u_LPF/Sum8_add_temp_carry__0_n_0
    SLICE_X93Y26         CARRY4 (Prop_carry4_CI_O[0])
                                                      0.222    18.547 r  u_DDC/u_LPF/Sum8_add_temp_carry__1/O[0]
                         net (fo=1, routed)           0.832    19.379    u_DDC/u_LPF/Sum8_add_temp[8]
    SLICE_X93Y30         LUT2 (Prop_lut2_I1_O)        0.299    19.678 r  u_DDC/u_LPF/Sum11_add_temp_carry__0_i_1/O
                         net (fo=1, routed)           0.000    19.678    u_DDC/u_LPF/Sum11_add_temp_carry__0_i_1_n_0
    SLICE_X93Y30         CARRY4 (Prop_carry4_S[3]_CO[3])
                                                      0.401    20.079 r  u_DDC/u_LPF/Sum11_add_temp_carry__0/CO[3]
                         net (fo=1, routed)           0.000    20.079    u_DDC/u_LPF/Sum11_add_temp_carry__0_n_0
    SLICE_X93Y31         CARRY4 (Prop_carry4_CI_O[1])
                                                      0.334    20.413 r  u_DDC/u_LPF/Sum11_add_temp_carry__1/O[1]
                         net (fo=4, routed)           0.621    21.033    u_DDC/u_LPF/Sum11_add_temp[11]
    SLICE_X94Y31         LUT2 (Prop_lut2_I0_O)        0.303    21.336 r  u_DDC/u_LPF/Sum10_add_temp_carry__1_i_4/O
                         net (fo=1, routed)           0.000    21.336    u_DDC/u_LPF/Sum10_add_temp_carry__1_i_4_n_0
    SLICE_X94Y31         CARRY4 (Prop_carry4_S[1]_O[2])
                                                      0.578    21.914 f  u_DDC/u_LPF/Sum10_add_temp_carry__1/O[2]
                         net (fo=4, routed)           0.483    22.397    u_DDC/u_LPF/Sum10_add_temp[16]
    SLICE_X95Y30         LUT1 (Prop_lut1_I0_O)        0.297    22.694 r  u_DDC/u_LPF/Sum13_add_temp_carry__1_i_1/O
                         net (fo=1, routed)           0.000    22.694    u_DDC/u_LPF/Sum13_add_temp_carry__1_i_1_n_0
    SLICE_X95Y30         CARRY4 (Prop_carry4_DI[2]_O[3])
                                                      0.401    23.095 r  u_DDC/u_LPF/Sum13_add_temp_carry__1/O[3]
                         net (fo=3, routed)           0.484    23.579    u_DDC/u_LPF/Sum13_add_temp[16]
    SLICE_X96Y30         LUT2 (Prop_lut2_I1_O)        0.306    23.885 r  u_DDC/u_LPF/Sum12_add_temp_carry__1_i_2/O
                         net (fo=1, routed)           0.000    23.885    u_DDC/u_LPF/Sum12_add_temp_carry__1_i_2_n_0
    SLICE_X96Y30         CARRY4 (Prop_carry4_S[3]_O[3])
                                                      0.255    24.140 r  u_DDC/u_LPF/Sum12_add_temp_carry__1/O[3]
                         net (fo=3, routed)           0.617    24.758    u_DDC/u_LPF/Sum12_add_temp[17]
    SLICE_X97Y30         LUT2 (Prop_lut2_I1_O)        0.307    25.065 r  u_DDC/u_LPF/Sum15_add_temp_carry__1_i_1/O
                         net (fo=1, routed)           0.000    25.065    u_DDC/u_LPF/Sum15_add_temp_carry__1_i_1_n_0
    SLICE_X97Y30         CARRY4 (Prop_carry4_S[3]_O[3])
                                                      0.248    25.313 r  u_DDC/u_LPF/Sum15_add_temp_carry__1/O[3]
                         net (fo=1, routed)           0.000    25.313    u_DDC/Xfilter_signed[10]
    SLICE_X97Y30         FDCE                                         r  u_DDC/Xfilter_1_reg[10]/D
  -------------------------------------------------------------------    -------------------

                         (clock MWCLK rise edge)     16.667    16.667 r  
                                                      0.000    16.667 r  clk (IN)
                         net (fo=29022, unset)        0.924    17.591    u_DDC/clk
    SLICE_X97Y30         FDCE                                         r  u_DDC/Xfilter_1_reg[10]/C
                         clock pessimism              0.000    17.591    
                         clock uncertainty           -0.035    17.556    
    SLICE_X97Y30         FDCE (Setup_fdce_C_D)        0.062    17.618    u_DDC/Xfilter_1_reg[10]
  -------------------------------------------------------------------
                         required time                         17.618    
                         arrival time                         -25.313    
  -------------------------------------------------------------------
                         slack                                 -7.695    

Slack (VIOLATED) :        -7.378ns  (required time - arrival time)
  Source:                 u_DDC/u_LPF/Product1_mul_temp_i_1_psdsp/C
                            (rising edge-triggered cell FDRE clocked by MWCLK  {rise@0.000ns fall@8.333ns period=16.667ns})
  Destination:            u_DDC/Xfilter_1_reg[9]/D
                            (rising edge-triggered cell FDCE clocked by MWCLK  {rise@0.000ns fall@8.333ns period=16.667ns})
  Path Group:             MWCLK
  Path Type:              Setup (Max at Slow Process Corner)
  Requirement:            16.667ns  (MWCLK rise@16.667ns - MWCLK rise@0.000ns)
  Data Path Delay:        24.023ns  (logic 14.999ns (62.437%)  route 9.024ns (37.563%))
  Logic Levels:           33  (CARRY4=18 DSP48E1=1 LUT2=14)
  Clock Path Skew:        -0.049ns (DCD - SCD + CPR)
    Destination Clock Delay (DCD):    0.924ns = ( 17.591 - 16.667 ) 
    Source Clock Delay      (SCD):    0.973ns
    Clock Pessimism Removal (CPR):    0.000ns
  Clock Uncertainty:      0.035ns  ((TSJ^2 + TIJ^2)^1/2 + DJ) / 2 + PE
    Total System Jitter     (TSJ):    0.071ns
    Total Input Jitter      (TIJ):    0.000ns
    Discrete Jitter          (DJ):    0.000ns
    Phase Error              (PE):    0.000ns

    Location             Delay type                Incr(ns)  Path(ns)    Netlist Resource(s)
  -------------------------------------------------------------------    -------------------
                         (clock MWCLK rise edge)      0.000     0.000 r  
                                                      0.000     0.000 r  clk (IN)
                         net (fo=29022, unset)        0.973     0.973    u_DDC/u_LPF/clk
    SLICE_X103Y17        FDRE                                         r  u_DDC/u_LPF/Product1_mul_temp_i_1_psdsp/C
  -------------------------------------------------------------------    -------------------
    SLICE_X103Y17        FDRE (Prop_fdre_C_Q)         0.456     1.429 r  u_DDC/u_LPF/Product1_mul_temp_i_1_psdsp/Q
                         net (fo=1, routed)           0.415     1.844    u_DDC/u_LPF/P[15]
    SLICE_X102Y18        LUT2 (Prop_lut2_I0_O)        0.124     1.968 r  u_DDC/u_LPF/Product1_mul_temp_i_1/O
                         net (fo=16, routed)          0.747     2.716    u_DDC/u_LPF/Delay_out1[15]
    DSP48_X4Y7           DSP48E1 (Prop_dsp48e1_A[25]_P[17])
                                                      3.841     6.557 r  u_DDC/u_LPF/Product1_mul_temp/P[17]
                         net (fo=1, routed)           0.770     7.326    u_DDC/u_LPF/RESIZE[3]
    SLICE_X103Y20        LUT2 (Prop_lut2_I1_O)        0.124     7.450 r  u_DDC/u_LPF/Sum3_add_temp_carry_i_3/O
                         net (fo=1, routed)           0.000     7.450    u_DDC/u_LPF/Sum3_add_temp_carry_i_3_n_0
    SLICE_X103Y20        CARRY4 (Prop_carry4_S[1]_CO[3])
                                                      0.550     8.000 r  u_DDC/u_LPF/Sum3_add_temp_carry/CO[3]
                         net (fo=1, routed)           0.000     8.000    u_DDC/u_LPF/Sum3_add_temp_carry_n_0
    SLICE_X103Y21        CARRY4 (Prop_carry4_CI_O[0])
                                                      0.222     8.222 r  u_DDC/u_LPF/Sum3_add_temp_carry__0/O[0]
                         net (fo=1, routed)           0.672     8.895    u_DDC/u_LPF/Sum3_add_temp[6]
    SLICE_X102Y21        LUT2 (Prop_lut2_I1_O)        0.299     9.194 r  u_DDC/u_LPF/Sum2_add_temp_carry_i_1/O
                         net (fo=1, routed)           0.000     9.194    u_DDC/u_LPF/Sum2_add_temp_carry_i_1_n_0
    SLICE_X102Y21        CARRY4 (Prop_carry4_S[3]_CO[3])
                                                      0.376     9.570 r  u_DDC/u_LPF/Sum2_add_temp_carry/CO[3]
                         net (fo=1, routed)           0.000     9.570    u_DDC/u_LPF/Sum2_add_temp_carry_n_0
    SLICE_X102Y22        CARRY4 (Prop_carry4_CI_O[0])
                                                      0.219     9.789 r  u_DDC/u_LPF/Sum2_add_temp_carry__0/O[0]
                         net (fo=1, routed)           0.756    10.545    u_DDC/u_LPF/Sum2_add_temp[4]
    SLICE_X98Y22         LUT2 (Prop_lut2_I1_O)        0.295    10.840 r  u_DDC/u_LPF/Sum5_add_temp_carry__0_i_4/O
                         net (fo=1, routed)           0.000    10.840    u_DDC/u_LPF/Sum5_add_temp_carry__0_i_4_n_0
    SLICE_X98Y22         CARRY4 (Prop_carry4_S[0]_O[0])
                                                      0.252    11.092 r  u_DDC/u_LPF/Sum5_add_temp_carry__0/O[0]
                         net (fo=1, routed)           0.621    11.713    u_DDC/u_LPF/Sum5_add_temp[4]
    SLICE_X97Y21         LUT2 (Prop_lut2_I1_O)        0.295    12.008 r  u_DDC/u_LPF/Sum4_add_temp_carry_i_3/O
                         net (fo=1, routed)           0.000    12.008    u_DDC/u_LPF/Sum4_add_temp_carry_i_3_n_0
    SLICE_X97Y21         CARRY4 (Prop_carry4_S[1]_O[2])
                                                      0.580    12.588 r  u_DDC/u_LPF/Sum4_add_temp_carry/O[2]
                         net (fo=1, routed)           0.432    13.020    u_DDC/u_LPF/Sum4_add_temp[4]
    SLICE_X96Y22         LUT2 (Prop_lut2_I1_O)        0.302    13.322 r  u_DDC/u_LPF/Sum7_add_temp_carry_i_3/O
                         net (fo=1, routed)           0.000    13.322    u_DDC/u_LPF/Sum7_add_temp_carry_i_3_n_0
    SLICE_X96Y22         CARRY4 (Prop_carry4_S[1]_O[2])
                                                      0.578    13.900 r  u_DDC/u_LPF/Sum7_add_temp_carry/O[2]
                         net (fo=1, routed)           0.443    14.343    u_DDC/u_LPF/Sum7_add_temp[2]
    SLICE_X95Y23         LUT2 (Prop_lut2_I1_O)        0.301    14.644 r  u_DDC/u_LPF/Sum6_add_temp_carry_i_3/O
                         net (fo=1, routed)           0.000    14.644    u_DDC/u_LPF/Sum6_add_temp_carry_i_3_n_0
    SLICE_X95Y23         CARRY4 (Prop_carry4_S[1]_CO[3])
                                                      0.550    15.194 r  u_DDC/u_LPF/Sum6_add_temp_carry/CO[3]
                         net (fo=1, routed)           0.000    15.194    u_DDC/u_LPF/Sum6_add_temp_carry_n_0
    SLICE_X95Y24         CARRY4 (Prop_carry4_CI_O[1])
                                                      0.334    15.528 r  u_DDC/u_LPF/Sum6_add_temp_carry__0/O[1]
                         net (fo=1, routed)           0.624    16.152    u_DDC/u_LPF/Sum6_out1[4]
    SLICE_X94Y25         LUT2 (Prop_lut2_I1_O)        0.303    16.455 r  u_DDC/u_LPF/Sum9_out1_carry__0_i_4/O
                         net (fo=1, routed)           0.000    16.455    u_DDC/u_LPF/Sum9_out1_carry__0_i_4_n_0
    SLICE_X94Y25         CARRY4 (Prop_carry4_S[0]_O[2])
                                                      0.544    16.999 r  u_DDC/u_LPF/Sum9_out1_carry__0/O[2]
                         net (fo=1, routed)           0.624    17.623    u_DDC/u_LPF/Sum9_out1[6]
    SLICE_X93Y25         LUT2 (Prop_lut2_I1_O)        0.301    17.924 r  u_DDC/u_LPF/Sum8_add_temp_carry__0_i_1/O
                         net (fo=1, routed)           0.000    17.924    u_DDC/u_LPF/Sum8_add_temp_carry__0_i_1_n_0
    SLICE_X93Y25         CARRY4 (Prop_carry4_S[3]_CO[3])
                                                      0.401    18.325 r  u_DDC/u_LPF/Sum8_add_temp_carry__0/CO[3]
                         net (fo=1, routed)           0.000    18.325    u_DDC/u_LPF/Sum8_add_temp_carry__0_n_0
    SLICE_X93Y26         CARRY4 (Prop_carry4_CI_O[0])
                                                      0.222    18.547 r  u_DDC/u_LPF/Sum8_add_temp_carry__1/O[0]
                         net (fo=1, routed)           0.832    19.379    u_DDC/u_LPF/Sum8_add_temp[8]
    SLICE_X93Y30         LUT2 (Prop_lut2_I1_O)        0.299    19.678 r  u_DDC/u_LPF/Sum11_add_temp_carry__0_i_1/O
                         net (fo=1, routed)           0.000    19.678    u_DDC/u_LPF/Sum11_add_temp_carry__0_i_1_n_0
    SLICE_X93Y30         CARRY4 (Prop_carry4_S[3]_CO[3])
                                                      0.401    20.079 r  u_DDC/u_LPF/Sum11_add_temp_carry__0/CO[3]
                         net (fo=1, routed)           0.000    20.079    u_DDC/u_LPF/Sum11_add_temp_carry__0_n_0
    SLICE_X93Y31         CARRY4 (Prop_carry4_CI_O[1])
                                                      0.334    20.413 r  u_DDC/u_LPF/Sum11_add_temp_carry__1/O[1]
                         net (fo=4, routed)           0.621    21.033    u_DDC/u_LPF/Sum11_add_temp[11]
    SLICE_X94Y31         LUT2 (Prop_lut2_I0_O)        0.303    21.336 r  u_DDC/u_LPF/Sum10_add_temp_carry__1_i_4/O
                         net (fo=1, routed)           0.000    21.336    u_DDC/u_LPF/Sum10_add_temp_carry__1_i_4_n_0
    SLICE_X94Y31         CARRY4 (Prop_carry4_S[1]_O[1])
                                                      0.230    21.566 r  u_DDC/u_LPF/Sum10_add_temp_carry__1/O[1]
                         net (fo=1, routed)           0.437    22.004    u_DDC/u_LPF/Sum10_add_temp[15]
    SLICE_X95Y30         LUT2 (Prop_lut2_I1_O)        0.306    22.310 r  u_DDC/u_LPF/Sum13_add_temp_carry__1_i_4/O
                         net (fo=1, routed)           0.000    22.310    u_DDC/u_LPF/Sum13_add_temp_carry__1_i_4_n_0
    SLICE_X95Y30         CARRY4 (Prop_carry4_S[1]_O[1])
                                                      0.227    22.537 r  u_DDC/u_LPF/Sum13_add_temp_carry__1/O[1]
                         net (fo=4, routed)           0.597    23.133    u_DDC/u_LPF/Sum13_add_temp[14]
    SLICE_X96Y30         LUT2 (Prop_lut2_I0_O)        0.303    23.436 r  u_DDC/u_LPF/Sum12_add_temp_carry__1_i_4/O
                         net (fo=1, routed)           0.000    23.436    u_DDC/u_LPF/Sum12_add_temp_carry__1_i_4_n_0
    SLICE_X96Y30         CARRY4 (Prop_carry4_S[1]_O[2])
                                                      0.578    24.014 r  u_DDC/u_LPF/Sum12_add_temp_carry__1/O[2]
                         net (fo=3, routed)           0.432    24.447    u_DDC/u_LPF/Sum12_add_temp[16]
    SLICE_X97Y30         LUT2 (Prop_lut2_I1_O)        0.301    24.748 r  u_DDC/u_LPF/Sum15_add_temp_carry__1_i_2/O
                         net (fo=1, routed)           0.000    24.748    u_DDC/u_LPF/Sum15_add_temp_carry__1_i_2_n_0
    SLICE_X97Y30         CARRY4 (Prop_carry4_S[2]_O[2])
                                                      0.248    24.996 r  u_DDC/u_LPF/Sum15_add_temp_carry__1/O[2]
                         net (fo=1, routed)           0.000    24.996    u_DDC/Xfilter_signed[9]
    SLICE_X97Y30         FDCE                                         r  u_DDC/Xfilter_1_reg[9]/D
  -------------------------------------------------------------------    -------------------

                         (clock MWCLK rise edge)     16.667    16.667 r  
                                                      0.000    16.667 r  clk (IN)
                         net (fo=29022, unset)        0.924    17.591    u_DDC/clk
    SLICE_X97Y30         FDCE                                         r  u_DDC/Xfilter_1_reg[9]/C
                         clock pessimism              0.000    17.591    
                         clock uncertainty           -0.035    17.556    
    SLICE_X97Y30         FDCE (Setup_fdce_C_D)        0.062    17.618    u_DDC/Xfilter_1_reg[9]
  -------------------------------------------------------------------
                         required time                         17.618    
                         arrival time                         -24.996    
  -------------------------------------------------------------------
                         slack                                 -7.378    

Slack (VIOLATED) :        -7.222ns  (required time - arrival time)
  Source:                 u_DDC/u_LPF/Product1_mul_temp_i_1_psdsp/C
                            (rising edge-triggered cell FDRE clocked by MWCLK  {rise@0.000ns fall@8.333ns period=16.667ns})
  Destination:            u_DDC/Xfilter_1_reg[8]/D
                            (rising edge-triggered cell FDCE clocked by MWCLK  {rise@0.000ns fall@8.333ns period=16.667ns})
  Path Group:             MWCLK
  Path Type:              Setup (Max at Slow Process Corner)
  Requirement:            16.667ns  (MWCLK rise@16.667ns - MWCLK rise@0.000ns)
  Data Path Delay:        23.867ns  (logic 14.879ns (62.342%)  route 8.988ns (37.658%))
  Logic Levels:           31  (CARRY4=16 DSP48E1=1 LUT2=14)
  Clock Path Skew:        -0.049ns (DCD - SCD + CPR)
    Destination Clock Delay (DCD):    0.924ns = ( 17.591 - 16.667 ) 
    Source Clock Delay      (SCD):    0.973ns
    Clock Pessimism Removal (CPR):    0.000ns
  Clock Uncertainty:      0.035ns  ((TSJ^2 + TIJ^2)^1/2 + DJ) / 2 + PE
    Total System Jitter     (TSJ):    0.071ns
    Total Input Jitter      (TIJ):    0.000ns
    Discrete Jitter          (DJ):    0.000ns
    Phase Error              (PE):    0.000ns

    Location             Delay type                Incr(ns)  Path(ns)    Netlist Resource(s)
  -------------------------------------------------------------------    -------------------
                         (clock MWCLK rise edge)      0.000     0.000 r  
                                                      0.000     0.000 r  clk (IN)
                         net (fo=29022, unset)        0.973     0.973    u_DDC/u_LPF/clk
    SLICE_X103Y17        FDRE                                         r  u_DDC/u_LPF/Product1_mul_temp_i_1_psdsp/C
  -------------------------------------------------------------------    -------------------
    SLICE_X103Y17        FDRE (Prop_fdre_C_Q)         0.456     1.429 r  u_DDC/u_LPF/Product1_mul_temp_i_1_psdsp/Q
                         net (fo=1, routed)           0.415     1.844    u_DDC/u_LPF/P[15]
    SLICE_X102Y18        LUT2 (Prop_lut2_I0_O)        0.124     1.968 r  u_DDC/u_LPF/Product1_mul_temp_i_1/O
                         net (fo=16, routed)          0.747     2.716    u_DDC/u_LPF/Delay_out1[15]
    DSP48_X4Y7           DSP48E1 (Prop_dsp48e1_A[25]_P[17])
                                                      3.841     6.557 r  u_DDC/u_LPF/Product1_mul_temp/P[17]
                         net (fo=1, routed)           0.770     7.326    u_DDC/u_LPF/RESIZE[3]
    SLICE_X103Y20        LUT2 (Prop_lut2_I1_O)        0.124     7.450 r  u_DDC/u_LPF/Sum3_add_temp_carry_i_3/O
                         net (fo=1, routed)           0.000     7.450    u_DDC/u_LPF/Sum3_add_temp_carry_i_3_n_0
    SLICE_X103Y20        CARRY4 (Prop_carry4_S[1]_CO[3])
                                                      0.550     8.000 r  u_DDC/u_LPF/Sum3_add_temp_carry/CO[3]
                         net (fo=1, routed)           0.000     8.000    u_DDC/u_LPF/Sum3_add_temp_carry_n_0
    SLICE_X103Y21        CARRY4 (Prop_carry4_CI_O[0])
                                                      0.222     8.222 r  u_DDC/u_LPF/Sum3_add_temp_carry__0/O[0]
                         net (fo=1, routed)           0.672     8.895    u_DDC/u_LPF/Sum3_add_temp[6]
    SLICE_X102Y21        LUT2 (Prop_lut2_I1_O)        0.299     9.194 r  u_DDC/u_LPF/Sum2_add_temp_carry_i_1/O
                         net (fo=1, routed)           0.000     9.194    u_DDC/u_LPF/Sum2_add_temp_carry_i_1_n_0
    SLICE_X102Y21        CARRY4 (Prop_carry4_S[3]_CO[3])
                                                      0.376     9.570 r  u_DDC/u_LPF/Sum2_add_temp_carry/CO[3]
                         net (fo=1, routed)           0.000     9.570    u_DDC/u_LPF/Sum2_add_temp_carry_n_0
    SLICE_X102Y22        CARRY4 (Prop_carry4_CI_O[0])
                                                      0.219     9.789 r  u_DDC/u_LPF/Sum2_add_temp_carry__0/O[0]
                         net (fo=1, routed)           0.756    10.545    u_DDC/u_LPF/Sum2_add_temp[4]
    SLICE_X98Y22         LUT2 (Prop_lut2_I1_O)        0.295    10.840 r  u_DDC/u_LPF/Sum5_add_temp_carry__0_i_4/O
                         net (fo=1, routed)           0.000    10.840    u_DDC/u_LPF/Sum5_add_temp_carry__0_i_4_n_0
    SLICE_X98Y22         CARRY4 (Prop_carry4_S[0]_O[0])
                                                      0.252    11.092 r  u_DDC/u_LPF/Sum5_add_temp_carry__0/O[0]
                         net (fo=1, routed)           0.621    11.713    u_DDC/u_LPF/Sum5_add_temp[4]
    SLICE_X97Y21         LUT2 (Prop_lut2_I1_O)        0.295    12.008 r  u_DDC/u_LPF/Sum4_add_temp_carry_i_3/O
                         net (fo=1, routed)           0.000    12.008    u_DDC/u_LPF/Sum4_add_temp_carry_i_3_n_0
    SLICE_X97Y21         CARRY4 (Prop_carry4_S[1]_O[2])
                                                      0.580    12.588 r  u_DDC/u_LPF/Sum4_add_temp_carry/O[2]
                         net (fo=1, routed)           0.432    13.020    u_DDC/u_LPF/Sum4_add_temp[4]
    SLICE_X96Y22         LUT2 (Prop_lut2_I1_O)        0.302    13.322 r  u_DDC/u_LPF/Sum7_add_temp_carry_i_3/O
                         net (fo=1, routed)           0.000    13.322    u_DDC/u_LPF/Sum7_add_temp_carry_i_3_n_0
    SLICE_X96Y22         CARRY4 (Prop_carry4_S[1]_O[2])
                                                      0.578    13.900 r  u_DDC/u_LPF/Sum7_add_temp_carry/O[2]
                         net (fo=1, routed)           0.443    14.343    u_DDC/u_LPF/Sum7_add_temp[2]
    SLICE_X95Y23         LUT2 (Prop_lut2_I1_O)        0.301    14.644 r  u_DDC/u_LPF/Sum6_add_temp_carry_i_3/O
                         net (fo=1, routed)           0.000    14.644    u_DDC/u_LPF/Sum6_add_temp_carry_i_3_n_0
    SLICE_X95Y23         CARRY4 (Prop_carry4_S[1]_O[2])
                                                      0.580    15.224 r  u_DDC/u_LPF/Sum6_add_temp_carry/O[2]
                         net (fo=1, routed)           0.432    15.655    u_DDC/u_LPF/Sum6_out1[1]
    SLICE_X94Y24         LUT2 (Prop_lut2_I1_O)        0.302    15.957 r  u_DDC/u_LPF/Sum9_out1_carry_i_3/O
                         net (fo=1, routed)           0.000    15.957    u_DDC/u_LPF/Sum9_out1_carry_i_3_n_0
    SLICE_X94Y24         CARRY4 (Prop_carry4_S[1]_O[3])
                                                      0.643    16.600 r  u_DDC/u_LPF/Sum9_out1_carry/O[3]
                         net (fo=1, routed)           0.599    17.200    u_DDC/u_LPF/Sum9_out1[3]
    SLICE_X93Y25         LUT2 (Prop_lut2_I1_O)        0.307    17.507 r  u_DDC/u_LPF/Sum8_add_temp_carry__0_i_4/O
                         net (fo=1, routed)           0.000    17.507    u_DDC/u_LPF/Sum8_add_temp_carry__0_i_4_n_0
    SLICE_X93Y25         CARRY4 (Prop_carry4_S[0]_O[1])
                                                      0.424    17.931 r  u_DDC/u_LPF/Sum8_add_temp_carry__0/O[1]
                         net (fo=1, routed)           0.830    18.761    u_DDC/u_LPF/Sum8_add_temp[5]
    SLICE_X93Y30         LUT2 (Prop_lut2_I1_O)        0.303    19.064 r  u_DDC/u_LPF/Sum11_add_temp_carry__0_i_4/O
                         net (fo=1, routed)           0.000    19.064    u_DDC/u_LPF/Sum11_add_temp_carry__0_i_4_n_0
    SLICE_X93Y30         CARRY4 (Prop_carry4_S[0]_O[1])
                                                      0.424    19.488 r  u_DDC/u_LPF/Sum11_add_temp_carry__0/O[1]
                         net (fo=1, routed)           0.595    20.082    u_DDC/u_LPF/Sum11_add_temp[7]
    SLICE_X94Y30         LUT2 (Prop_lut2_I1_O)        0.303    20.385 r  u_DDC/u_LPF/Sum10_add_temp_carry__0_i_3/O
                         net (fo=1, routed)           0.000    20.385    u_DDC/u_LPF/Sum10_add_temp_carry__0_i_3_n_0
    SLICE_X94Y30         CARRY4 (Prop_carry4_S[1]_O[1])
                                                      0.230    20.615 r  u_DDC/u_LPF/Sum10_add_temp_carry__0/O[1]
                         net (fo=1, routed)           0.552    21.168    u_DDC/u_LPF/Sum10_add_temp[11]
    SLICE_X95Y29         LUT2 (Prop_lut2_I1_O)        0.306    21.474 r  u_DDC/u_LPF/Sum13_add_temp_carry__0_i_3/O
                         net (fo=1, routed)           0.000    21.474    u_DDC/u_LPF/Sum13_add_temp_carry__0_i_3_n_0
    SLICE_X95Y29         CARRY4 (Prop_carry4_S[1]_O[3])
                                                      0.640    22.114 r  u_DDC/u_LPF/Sum13_add_temp_carry__0/O[3]
                         net (fo=1, routed)           0.460    22.573    u_DDC/u_LPF/Sum13_add_temp[12]
    SLICE_X96Y29         LUT2 (Prop_lut2_I1_O)        0.306    22.879 r  u_DDC/u_LPF/Sum12_add_temp_carry__0_i_1/O
                         net (fo=1, routed)           0.000    22.879    u_DDC/u_LPF/Sum12_add_temp_carry__0_i_1_n_0
    SLICE_X96Y29         CARRY4 (Prop_carry4_S[3]_O[3])
                                                      0.255    23.134 r  u_DDC/u_LPF/Sum12_add_temp_carry__0/O[3]
                         net (fo=3, routed)           0.664    23.798    u_DDC/u_LPF/Sum12_add_temp[13]
    SLICE_X97Y29         LUT2 (Prop_lut2_I1_O)        0.307    24.105 r  u_DDC/u_LPF/Sum15_add_temp_carry__0_i_2/O
                         net (fo=1, routed)           0.000    24.105    u_DDC/u_LPF/Sum15_add_temp_carry__0_i_2_n_0
    SLICE_X97Y29         CARRY4 (Prop_carry4_S[3]_CO[3])
                                                      0.401    24.506 r  u_DDC/u_LPF/Sum15_add_temp_carry__0/CO[3]
                         net (fo=1, routed)           0.000    24.506    u_DDC/u_LPF/Sum15_add_temp_carry__0_n_0
    SLICE_X97Y30         CARRY4 (Prop_carry4_CI_O[1])
                                                      0.334    24.840 r  u_DDC/u_LPF/Sum15_add_temp_carry__1/O[1]
                         net (fo=1, routed)           0.000    24.840    u_DDC/Xfilter_signed[8]
    SLICE_X97Y30         FDCE                                         r  u_DDC/Xfilter_1_reg[8]/D
  -------------------------------------------------------------------    -------------------

                         (clock MWCLK rise edge)     16.667    16.667 r  
                                                      0.000    16.667 r  clk (IN)
                         net (fo=29022, unset)        0.924    17.591    u_DDC/clk
    SLICE_X97Y30         FDCE                                         r  u_DDC/Xfilter_1_reg[8]/C
                         clock pessimism              0.000    17.591    
                         clock uncertainty           -0.035    17.556    
    SLICE_X97Y30         FDCE (Setup_fdce_C_D)        0.062    17.618    u_DDC/Xfilter_1_reg[8]
  -------------------------------------------------------------------
                         required time                         17.618    
                         arrival time                         -24.840    
  -------------------------------------------------------------------
                         slack                                 -7.222    

Slack (VIOLATED) :        -7.111ns  (required time - arrival time)
  Source:                 u_DDC/u_LPF/Product1_mul_temp_i_1_psdsp/C
                            (rising edge-triggered cell FDRE clocked by MWCLK  {rise@0.000ns fall@8.333ns period=16.667ns})
  Destination:            u_DDC/Xfilter_1_reg[7]/D
                            (rising edge-triggered cell FDCE clocked by MWCLK  {rise@0.000ns fall@8.333ns period=16.667ns})
  Path Group:             MWCLK
  Path Type:              Setup (Max at Slow Process Corner)
  Requirement:            16.667ns  (MWCLK rise@16.667ns - MWCLK rise@0.000ns)
  Data Path Delay:        23.756ns  (logic 14.768ns (62.166%)  route 8.988ns (37.834%))
  Logic Levels:           31  (CARRY4=16 DSP48E1=1 LUT2=14)
  Clock Path Skew:        -0.049ns (DCD - SCD + CPR)
    Destination Clock Delay (DCD):    0.924ns = ( 17.591 - 16.667 ) 
    Source Clock Delay      (SCD):    0.973ns
    Clock Pessimism Removal (CPR):    0.000ns
  Clock Uncertainty:      0.035ns  ((TSJ^2 + TIJ^2)^1/2 + DJ) / 2 + PE
    Total System Jitter     (TSJ):    0.071ns
    Total Input Jitter      (TIJ):    0.000ns
    Discrete Jitter          (DJ):    0.000ns
    Phase Error              (PE):    0.000ns

    Location             Delay type                Incr(ns)  Path(ns)    Netlist Resource(s)
  -------------------------------------------------------------------    -------------------
                         (clock MWCLK rise edge)      0.000     0.000 r  
                                                      0.000     0.000 r  clk (IN)
                         net (fo=29022, unset)        0.973     0.973    u_DDC/u_LPF/clk
    SLICE_X103Y17        FDRE                                         r  u_DDC/u_LPF/Product1_mul_temp_i_1_psdsp/C
  -------------------------------------------------------------------    -------------------
    SLICE_X103Y17        FDRE (Prop_fdre_C_Q)         0.456     1.429 r  u_DDC/u_LPF/Product1_mul_temp_i_1_psdsp/Q
                         net (fo=1, routed)           0.415     1.844    u_DDC/u_LPF/P[15]
    SLICE_X102Y18        LUT2 (Prop_lut2_I0_O)        0.124     1.968 r  u_DDC/u_LPF/Product1_mul_temp_i_1/O
                         net (fo=16, routed)          0.747     2.716    u_DDC/u_LPF/Delay_out1[15]
    DSP48_X4Y7           DSP48E1 (Prop_dsp48e1_A[25]_P[17])
                                                      3.841     6.557 r  u_DDC/u_LPF/Product1_mul_temp/P[17]
                         net (fo=1, routed)           0.770     7.326    u_DDC/u_LPF/RESIZE[3]
    SLICE_X103Y20        LUT2 (Prop_lut2_I1_O)        0.124     7.450 r  u_DDC/u_LPF/Sum3_add_temp_carry_i_3/O
                         net (fo=1, routed)           0.000     7.450    u_DDC/u_LPF/Sum3_add_temp_carry_i_3_n_0
    SLICE_X103Y20        CARRY4 (Prop_carry4_S[1]_CO[3])
                                                      0.550     8.000 r  u_DDC/u_LPF/Sum3_add_temp_carry/CO[3]
                         net (fo=1, routed)           0.000     8.000    u_DDC/u_LPF/Sum3_add_temp_carry_n_0
    SLICE_X103Y21        CARRY4 (Prop_carry4_CI_O[0])
                                                      0.222     8.222 r  u_DDC/u_LPF/Sum3_add_temp_carry__0/O[0]
                         net (fo=1, routed)           0.672     8.895    u_DDC/u_LPF/Sum3_add_temp[6]
    SLICE_X102Y21        LUT2 (Prop_lut2_I1_O)        0.299     9.194 r  u_DDC/u_LPF/Sum2_add_temp_carry_i_1/O
                         net (fo=1, routed)           0.000     9.194    u_DDC/u_LPF/Sum2_add_temp_carry_i_1_n_0
    SLICE_X102Y21        CARRY4 (Prop_carry4_S[3]_CO[3])
                                                      0.376     9.570 r  u_DDC/u_LPF/Sum2_add_temp_carry/CO[3]
                         net (fo=1, routed)           0.000     9.570    u_DDC/u_LPF/Sum2_add_temp_carry_n_0
    SLICE_X102Y22        CARRY4 (Prop_carry4_CI_O[0])
                                                      0.219     9.789 r  u_DDC/u_LPF/Sum2_add_temp_carry__0/O[0]
                         net (fo=1, routed)           0.756    10.545    u_DDC/u_LPF/Sum2_add_temp[4]
    SLICE_X98Y22         LUT2 (Prop_lut2_I1_O)        0.295    10.840 r  u_DDC/u_LPF/Sum5_add_temp_carry__0_i_4/O
                         net (fo=1, routed)           0.000    10.840    u_DDC/u_LPF/Sum5_add_temp_carry__0_i_4_n_0
    SLICE_X98Y22         CARRY4 (Prop_carry4_S[0]_O[0])
                                                      0.252    11.092 r  u_DDC/u_LPF/Sum5_add_temp_carry__0/O[0]
                         net (fo=1, routed)           0.621    11.713    u_DDC/u_LPF/Sum5_add_temp[4]
    SLICE_X97Y21         LUT2 (Prop_lut2_I1_O)        0.295    12.008 r  u_DDC/u_LPF/Sum4_add_temp_carry_i_3/O
                         net (fo=1, routed)           0.000    12.008    u_DDC/u_LPF/Sum4_add_temp_carry_i_3_n_0
    SLICE_X97Y21         CARRY4 (Prop_carry4_S[1]_O[2])
                                                      0.580    12.588 r  u_DDC/u_LPF/Sum4_add_temp_carry/O[2]
                         net (fo=1, routed)           0.432    13.020    u_DDC/u_LPF/Sum4_add_temp[4]
    SLICE_X96Y22         LUT2 (Prop_lut2_I1_O)        0.302    13.322 r  u_DDC/u_LPF/Sum7_add_temp_carry_i_3/O
                         net (fo=1, routed)           0.000    13.322    u_DDC/u_LPF/Sum7_add_temp_carry_i_3_n_0
    SLICE_X96Y22         CARRY4 (Prop_carry4_S[1]_O[2])
                                                      0.578    13.900 r  u_DDC/u_LPF/Sum7_add_temp_carry/O[2]
                         net (fo=1, routed)           0.443    14.343    u_DDC/u_LPF/Sum7_add_temp[2]
    SLICE_X95Y23         LUT2 (Prop_lut2_I1_O)        0.301    14.644 r  u_DDC/u_LPF/Sum6_add_temp_carry_i_3/O
                         net (fo=1, routed)           0.000    14.644    u_DDC/u_LPF/Sum6_add_temp_carry_i_3_n_0
    SLICE_X95Y23         CARRY4 (Prop_carry4_S[1]_O[2])
                                                      0.580    15.224 r  u_DDC/u_LPF/Sum6_add_temp_carry/O[2]
                         net (fo=1, routed)           0.432    15.655    u_DDC/u_LPF/Sum6_out1[1]
    SLICE_X94Y24         LUT2 (Prop_lut2_I1_O)        0.302    15.957 r  u_DDC/u_LPF/Sum9_out1_carry_i_3/O
                         net (fo=1, routed)           0.000    15.957    u_DDC/u_LPF/Sum9_out1_carry_i_3_n_0
    SLICE_X94Y24         CARRY4 (Prop_carry4_S[1]_O[3])
                                                      0.643    16.600 r  u_DDC/u_LPF/Sum9_out1_carry/O[3]
                         net (fo=1, routed)           0.599    17.200    u_DDC/u_LPF/Sum9_out1[3]
    SLICE_X93Y25         LUT2 (Prop_lut2_I1_O)        0.307    17.507 r  u_DDC/u_LPF/Sum8_add_temp_carry__0_i_4/O
                         net (fo=1, routed)           0.000    17.507    u_DDC/u_LPF/Sum8_add_temp_carry__0_i_4_n_0
    SLICE_X93Y25         CARRY4 (Prop_carry4_S[0]_O[1])
                                                      0.424    17.931 r  u_DDC/u_LPF/Sum8_add_temp_carry__0/O[1]
                         net (fo=1, routed)           0.830    18.761    u_DDC/u_LPF/Sum8_add_temp[5]
    SLICE_X93Y30         LUT2 (Prop_lut2_I1_O)        0.303    19.064 r  u_DDC/u_LPF/Sum11_add_temp_carry__0_i_4/O
                         net (fo=1, routed)           0.000    19.064    u_DDC/u_LPF/Sum11_add_temp_carry__0_i_4_n_0
    SLICE_X93Y30         CARRY4 (Prop_carry4_S[0]_O[1])
                                                      0.424    19.488 r  u_DDC/u_LPF/Sum11_add_temp_carry__0/O[1]
                         net (fo=1, routed)           0.595    20.082    u_DDC/u_LPF/Sum11_add_temp[7]
    SLICE_X94Y30         LUT2 (Prop_lut2_I1_O)        0.303    20.385 r  u_DDC/u_LPF/Sum10_add_temp_carry__0_i_3/O
                         net (fo=1, routed)           0.000    20.385    u_DDC/u_LPF/Sum10_add_temp_carry__0_i_3_n_0
    SLICE_X94Y30         CARRY4 (Prop_carry4_S[1]_O[1])
                                                      0.230    20.615 r  u_DDC/u_LPF/Sum10_add_temp_carry__0/O[1]
                         net (fo=1, routed)           0.552    21.168    u_DDC/u_LPF/Sum10_add_temp[11]
    SLICE_X95Y29         LUT2 (Prop_lut2_I1_O)        0.306    21.474 r  u_DDC/u_LPF/Sum13_add_temp_carry__0_i_3/O
                         net (fo=1, routed)           0.000    21.474    u_DDC/u_LPF/Sum13_add_temp_carry__0_i_3_n_0
    SLICE_X95Y29         CARRY4 (Prop_carry4_S[1]_O[3])
                                                      0.640    22.114 r  u_DDC/u_LPF/Sum13_add_temp_carry__0/O[3]
                         net (fo=1, routed)           0.460    22.573    u_DDC/u_LPF/Sum13_add_temp[12]
    SLICE_X96Y29         LUT2 (Prop_lut2_I1_O)        0.306    22.879 r  u_DDC/u_LPF/Sum12_add_temp_carry__0_i_1/O
                         net (fo=1, routed)           0.000    22.879    u_DDC/u_LPF/Sum12_add_temp_carry__0_i_1_n_0
    SLICE_X96Y29         CARRY4 (Prop_carry4_S[3]_O[3])
                                                      0.255    23.134 r  u_DDC/u_LPF/Sum12_add_temp_carry__0/O[3]
                         net (fo=3, routed)           0.664    23.798    u_DDC/u_LPF/Sum12_add_temp[13]
    SLICE_X97Y29         LUT2 (Prop_lut2_I1_O)        0.307    24.105 r  u_DDC/u_LPF/Sum15_add_temp_carry__0_i_2/O
                         net (fo=1, routed)           0.000    24.105    u_DDC/u_LPF/Sum15_add_temp_carry__0_i_2_n_0
    SLICE_X97Y29         CARRY4 (Prop_carry4_S[3]_CO[3])
                                                      0.401    24.506 r  u_DDC/u_LPF/Sum15_add_temp_carry__0/CO[3]
                         net (fo=1, routed)           0.000    24.506    u_DDC/u_LPF/Sum15_add_temp_carry__0_n_0
    SLICE_X97Y30         CARRY4 (Prop_carry4_CI_O[0])
                                                      0.223    24.729 r  u_DDC/u_LPF/Sum15_add_temp_carry__1/O[0]
                         net (fo=1, routed)           0.000    24.729    u_DDC/Xfilter_signed[7]
    SLICE_X97Y30         FDCE                                         r  u_DDC/Xfilter_1_reg[7]/D
  -------------------------------------------------------------------    -------------------

                         (clock MWCLK rise edge)     16.667    16.667 r  
                                                      0.000    16.667 r  clk (IN)
                         net (fo=29022, unset)        0.924    17.591    u_DDC/clk
    SLICE_X97Y30         FDCE                                         r  u_DDC/Xfilter_1_reg[7]/C
                         clock pessimism              0.000    17.591    
                         clock uncertainty           -0.035    17.556    
    SLICE_X97Y30         FDCE (Setup_fdce_C_D)        0.062    17.618    u_DDC/Xfilter_1_reg[7]
  -------------------------------------------------------------------
                         required time                         17.618    
                         arrival time                         -24.729    
  -------------------------------------------------------------------
                         slack                                 -7.111    

Slack (VIOLATED) :        -6.735ns  (required time - arrival time)
  Source:                 u_DDC/u_LPF/Product1_mul_temp_i_1_psdsp/C
                            (rising edge-triggered cell FDRE clocked by MWCLK  {rise@0.000ns fall@8.333ns period=16.667ns})
  Destination:            u_DDC/Xfilter_1_reg[6]/D
                            (rising edge-triggered cell FDCE clocked by MWCLK  {rise@0.000ns fall@8.333ns period=16.667ns})
  Path Group:             MWCLK
  Path Type:              Setup (Max at Slow Process Corner)
  Requirement:            16.667ns  (MWCLK rise@16.667ns - MWCLK rise@0.000ns)
  Data Path Delay:        23.380ns  (logic 14.392ns (61.557%)  route 8.988ns (38.443%))
  Logic Levels:           30  (CARRY4=15 DSP48E1=1 LUT2=14)
  Clock Path Skew:        -0.049ns (DCD - SCD + CPR)
    Destination Clock Delay (DCD):    0.924ns = ( 17.591 - 16.667 ) 
    Source Clock Delay      (SCD):    0.973ns
    Clock Pessimism Removal (CPR):    0.000ns
  Clock Uncertainty:      0.035ns  ((TSJ^2 + TIJ^2)^1/2 + DJ) / 2 + PE
    Total System Jitter     (TSJ):    0.071ns
    Total Input Jitter      (TIJ):    0.000ns
    Discrete Jitter          (DJ):    0.000ns
    Phase Error              (PE):    0.000ns

    Location             Delay type                Incr(ns)  Path(ns)    Netlist Resource(s)
  -------------------------------------------------------------------    -------------------
                         (clock MWCLK rise edge)      0.000     0.000 r  
                                                      0.000     0.000 r  clk (IN)
                         net (fo=29022, unset)        0.973     0.973    u_DDC/u_LPF/clk
    SLICE_X103Y17        FDRE                                         r  u_DDC/u_LPF/Product1_mul_temp_i_1_psdsp/C
  -------------------------------------------------------------------    -------------------
    SLICE_X103Y17        FDRE (Prop_fdre_C_Q)         0.456     1.429 r  u_DDC/u_LPF/Product1_mul_temp_i_1_psdsp/Q
                         net (fo=1, routed)           0.415     1.844    u_DDC/u_LPF/P[15]
    SLICE_X102Y18        LUT2 (Prop_lut2_I0_O)        0.124     1.968 r  u_DDC/u_LPF/Product1_mul_temp_i_1/O
                         net (fo=16, routed)          0.747     2.716    u_DDC/u_LPF/Delay_out1[15]
    DSP48_X4Y7           DSP48E1 (Prop_dsp48e1_A[25]_P[17])
                                                      3.841     6.557 r  u_DDC/u_LPF/Product1_mul_temp/P[17]
                         net (fo=1, routed)           0.770     7.326    u_DDC/u_LPF/RESIZE[3]
    SLICE_X103Y20        LUT2 (Prop_lut2_I1_O)        0.124     7.450 r  u_DDC/u_LPF/Sum3_add_temp_carry_i_3/O
                         net (fo=1, routed)           0.000     7.450    u_DDC/u_LPF/Sum3_add_temp_carry_i_3_n_0
    SLICE_X103Y20        CARRY4 (Prop_carry4_S[1]_CO[3])
                                                      0.550     8.000 r  u_DDC/u_LPF/Sum3_add_temp_carry/CO[3]
                         net (fo=1, routed)           0.000     8.000    u_DDC/u_LPF/Sum3_add_temp_carry_n_0
    SLICE_X103Y21        CARRY4 (Prop_carry4_CI_O[0])
                                                      0.222     8.222 r  u_DDC/u_LPF/Sum3_add_temp_carry__0/O[0]
                         net (fo=1, routed)           0.672     8.895    u_DDC/u_LPF/Sum3_add_temp[6]
    SLICE_X102Y21        LUT2 (Prop_lut2_I1_O)        0.299     9.194 r  u_DDC/u_LPF/Sum2_add_temp_carry_i_1/O
                         net (fo=1, routed)           0.000     9.194    u_DDC/u_LPF/Sum2_add_temp_carry_i_1_n_0
    SLICE_X102Y21        CARRY4 (Prop_carry4_S[3]_CO[3])
                                                      0.376     9.570 r  u_DDC/u_LPF/Sum2_add_temp_carry/CO[3]
                         net (fo=1, routed)           0.000     9.570    u_DDC/u_LPF/Sum2_add_temp_carry_n_0
    SLICE_X102Y22        CARRY4 (Prop_carry4_CI_O[0])
                                                      0.219     9.789 r  u_DDC/u_LPF/Sum2_add_temp_carry__0/O[0]
                         net (fo=1, routed)           0.756    10.545    u_DDC/u_LPF/Sum2_add_temp[4]
    SLICE_X98Y22         LUT2 (Prop_lut2_I1_O)        0.295    10.840 r  u_DDC/u_LPF/Sum5_add_temp_carry__0_i_4/O
                         net (fo=1, routed)           0.000    10.840    u_DDC/u_LPF/Sum5_add_temp_carry__0_i_4_n_0
    SLICE_X98Y22         CARRY4 (Prop_carry4_S[0]_O[0])
                                                      0.252    11.092 r  u_DDC/u_LPF/Sum5_add_temp_carry__0/O[0]
                         net (fo=1, routed)           0.621    11.713    u_DDC/u_LPF/Sum5_add_temp[4]
    SLICE_X97Y21         LUT2 (Prop_lut2_I1_O)        0.295    12.008 r  u_DDC/u_LPF/Sum4_add_temp_carry_i_3/O
                         net (fo=1, routed)           0.000    12.008    u_DDC/u_LPF/Sum4_add_temp_carry_i_3_n_0
    SLICE_X97Y21         CARRY4 (Prop_carry4_S[1]_O[2])
                                                      0.580    12.588 r  u_DDC/u_LPF/Sum4_add_temp_carry/O[2]
                         net (fo=1, routed)           0.432    13.020    u_DDC/u_LPF/Sum4_add_temp[4]
    SLICE_X96Y22         LUT2 (Prop_lut2_I1_O)        0.302    13.322 r  u_DDC/u_LPF/Sum7_add_temp_carry_i_3/O
                         net (fo=1, routed)           0.000    13.322    u_DDC/u_LPF/Sum7_add_temp_carry_i_3_n_0
    SLICE_X96Y22         CARRY4 (Prop_carry4_S[1]_O[2])
                                                      0.578    13.900 r  u_DDC/u_LPF/Sum7_add_temp_carry/O[2]
                         net (fo=1, routed)           0.443    14.343    u_DDC/u_LPF/Sum7_add_temp[2]
    SLICE_X95Y23         LUT2 (Prop_lut2_I1_O)        0.301    14.644 r  u_DDC/u_LPF/Sum6_add_temp_carry_i_3/O
                         net (fo=1, routed)           0.000    14.644    u_DDC/u_LPF/Sum6_add_temp_carry_i_3_n_0
    SLICE_X95Y23         CARRY4 (Prop_carry4_S[1]_O[2])
                                                      0.580    15.224 r  u_DDC/u_LPF/Sum6_add_temp_carry/O[2]
                         net (fo=1, routed)           0.432    15.655    u_DDC/u_LPF/Sum6_out1[1]
    SLICE_X94Y24         LUT2 (Prop_lut2_I1_O)        0.302    15.957 r  u_DDC/u_LPF/Sum9_out1_carry_i_3/O
                         net (fo=1, routed)           0.000    15.957    u_DDC/u_LPF/Sum9_out1_carry_i_3_n_0
    SLICE_X94Y24         CARRY4 (Prop_carry4_S[1]_O[3])
                                                      0.643    16.600 r  u_DDC/u_LPF/Sum9_out1_carry/O[3]
                         net (fo=1, routed)           0.599    17.200    u_DDC/u_LPF/Sum9_out1[3]
    SLICE_X93Y25         LUT2 (Prop_lut2_I1_O)        0.307    17.507 r  u_DDC/u_LPF/Sum8_add_temp_carry__0_i_4/O
                         net (fo=1, routed)           0.000    17.507    u_DDC/u_LPF/Sum8_add_temp_carry__0_i_4_n_0
    SLICE_X93Y25         CARRY4 (Prop_carry4_S[0]_O[1])
                                                      0.424    17.931 r  u_DDC/u_LPF/Sum8_add_temp_carry__0/O[1]
                         net (fo=1, routed)           0.830    18.761    u_DDC/u_LPF/Sum8_add_temp[5]
    SLICE_X93Y30         LUT2 (Prop_lut2_I1_O)        0.303    19.064 r  u_DDC/u_LPF/Sum11_add_temp_carry__0_i_4/O
                         net (fo=1, routed)           0.000    19.064    u_DDC/u_LPF/Sum11_add_temp_carry__0_i_4_n_0
    SLICE_X93Y30         CARRY4 (Prop_carry4_S[0]_O[1])
                                                      0.424    19.488 r  u_DDC/u_LPF/Sum11_add_temp_carry__0/O[1]
                         net (fo=1, routed)           0.595    20.082    u_DDC/u_LPF/Sum11_add_temp[7]
    SLICE_X94Y30         LUT2 (Prop_lut2_I1_O)        0.303    20.385 r  u_DDC/u_LPF/Sum10_add_temp_carry__0_i_3/O
                         net (fo=1, routed)           0.000    20.385    u_DDC/u_LPF/Sum10_add_temp_carry__0_i_3_n_0
    SLICE_X94Y30         CARRY4 (Prop_carry4_S[1]_O[1])
                                                      0.230    20.615 r  u_DDC/u_LPF/Sum10_add_temp_carry__0/O[1]
                         net (fo=1, routed)           0.552    21.168    u_DDC/u_LPF/Sum10_add_temp[11]
    SLICE_X95Y29         LUT2 (Prop_lut2_I1_O)        0.306    21.474 r  u_DDC/u_LPF/Sum13_add_temp_carry__0_i_3/O
                         net (fo=1, routed)           0.000    21.474    u_DDC/u_LPF/Sum13_add_temp_carry__0_i_3_n_0
    SLICE_X95Y29         CARRY4 (Prop_carry4_S[1]_O[3])
                                                      0.640    22.114 r  u_DDC/u_LPF/Sum13_add_temp_carry__0/O[3]
                         net (fo=1, routed)           0.460    22.573    u_DDC/u_LPF/Sum13_add_temp[12]
    SLICE_X96Y29         LUT2 (Prop_lut2_I1_O)        0.306    22.879 r  u_DDC/u_LPF/Sum12_add_temp_carry__0_i_1/O
                         net (fo=1, routed)           0.000    22.879    u_DDC/u_LPF/Sum12_add_temp_carry__0_i_1_n_0
    SLICE_X96Y29         CARRY4 (Prop_carry4_S[3]_O[3])
                                                      0.255    23.134 r  u_DDC/u_LPF/Sum12_add_temp_carry__0/O[3]
                         net (fo=3, routed)           0.664    23.798    u_DDC/u_LPF/Sum12_add_temp[13]
    SLICE_X97Y29         LUT2 (Prop_lut2_I1_O)        0.307    24.105 r  u_DDC/u_LPF/Sum15_add_temp_carry__0_i_2/O
                         net (fo=1, routed)           0.000    24.105    u_DDC/u_LPF/Sum15_add_temp_carry__0_i_2_n_0
    SLICE_X97Y29         CARRY4 (Prop_carry4_S[3]_O[3])
                                                      0.248    24.353 r  u_DDC/u_LPF/Sum15_add_temp_carry__0/O[3]
                         net (fo=1, routed)           0.000    24.353    u_DDC/Xfilter_signed[6]
    SLICE_X97Y29         FDCE                                         r  u_DDC/Xfilter_1_reg[6]/D
  -------------------------------------------------------------------    -------------------

                         (clock MWCLK rise edge)     16.667    16.667 r  
                                                      0.000    16.667 r  clk (IN)
                         net (fo=29022, unset)        0.924    17.591    u_DDC/clk
    SLICE_X97Y29         FDCE                                         r  u_DDC/Xfilter_1_reg[6]/C
                         clock pessimism              0.000    17.591    
                         clock uncertainty           -0.035    17.556    
    SLICE_X97Y29         FDCE (Setup_fdce_C_D)        0.062    17.618    u_DDC/Xfilter_1_reg[6]
  -------------------------------------------------------------------
                         required time                         17.618    
                         arrival time                         -24.353    
  -------------------------------------------------------------------
                         slack                                 -6.735    





Min Delay Paths
--------------------------------------------------------------------------------------
Slack (MET) :             0.028ns  (arrival time - required time)
  Source:                 u_FFT/u_SDF1_5_1/u_SDFCOMMUTATOR_5/SDFCummutator_wrXData_im_reg_reg[0]/C
                            (rising edge-triggered cell FDCE clocked by MWCLK  {rise@0.000ns fall@8.333ns period=16.667ns})
  Destination:            u_FFT/u_SDF1_5_1/u_SDFCOMMUTATOR_5/u_dataXMEM_im_0_5/ram_reg_0_7_0_5/RAMA/I
                            (rising edge-triggered cell RAMD32 clocked by MWCLK  {rise@0.000ns fall@8.333ns period=16.667ns})
  Path Group:             MWCLK
  Path Type:              Hold (Min at Fast Process Corner)
  Requirement:            0.000ns  (MWCLK rise@0.000ns - MWCLK rise@0.000ns)
  Data Path Delay:        0.197ns  (logic 0.141ns (71.611%)  route 0.056ns (28.389%))
  Logic Levels:           0  
  Clock Path Skew:        0.022ns (DCD - SCD - CPR)
    Destination Clock Delay (DCD):    0.432ns
    Source Clock Delay      (SCD):    0.410ns
    Clock Pessimism Removal (CPR):    -0.000ns

    Location             Delay type                Incr(ns)  Path(ns)    Netlist Resource(s)
  -------------------------------------------------------------------    -------------------
                         (clock MWCLK rise edge)      0.000     0.000 r  
                                                      0.000     0.000 r  clk (IN)
                         net (fo=29022, unset)        0.410     0.410    u_FFT/u_SDF1_5_1/u_SDFCOMMUTATOR_5/clk
    SLICE_X87Y0          FDCE                                         r  u_FFT/u_SDF1_5_1/u_SDFCOMMUTATOR_5/SDFCummutator_wrXData_im_reg_reg[0]/C
  -------------------------------------------------------------------    -------------------
    SLICE_X87Y0          FDCE (Prop_fdce_C_Q)         0.141     0.551 r  u_FFT/u_SDF1_5_1/u_SDFCOMMUTATOR_5/SDFCummutator_wrXData_im_reg_reg[0]/Q
                         net (fo=1, routed)           0.056     0.607    u_FFT/u_SDF1_5_1/u_SDFCOMMUTATOR_5/u_dataXMEM_im_0_5/ram_reg_0_7_0_5/DIA0
    SLICE_X86Y0          RAMD32                                       r  u_FFT/u_SDF1_5_1/u_SDFCOMMUTATOR_5/u_dataXMEM_im_0_5/ram_reg_0_7_0_5/RAMA/I
  -------------------------------------------------------------------    -------------------

                         (clock MWCLK rise edge)      0.000     0.000 r  
                                                      0.000     0.000 r  clk (IN)
                         net (fo=29022, unset)        0.432     0.432    u_FFT/u_SDF1_5_1/u_SDFCOMMUTATOR_5/u_dataXMEM_im_0_5/ram_reg_0_7_0_5/WCLK
    SLICE_X86Y0          RAMD32                                       r  u_FFT/u_SDF1_5_1/u_SDFCOMMUTATOR_5/u_dataXMEM_im_0_5/ram_reg_0_7_0_5/RAMA/CLK
                         clock pessimism              0.000     0.432    
    SLICE_X86Y0          RAMD32 (Hold_ramd32_CLK_I)
                                                      0.147     0.579    u_FFT/u_SDF1_5_1/u_SDFCOMMUTATOR_5/u_dataXMEM_im_0_5/ram_reg_0_7_0_5/RAMA
  -------------------------------------------------------------------
                         required time                         -0.579    
                         arrival time                           0.607    
  -------------------------------------------------------------------
                         slack                                  0.028    

Slack (MET) :             0.028ns  (arrival time - required time)
  Source:                 u_FFT/u_SDF1_7_1/u_SDFCOMMUTATOR_7/SDFCummutator_wrXData_re_reg_reg[0]/C
                            (rising edge-triggered cell FDCE clocked by MWCLK  {rise@0.000ns fall@8.333ns period=16.667ns})
  Destination:            u_FFT/u_SDF1_7_1/u_SDFCOMMUTATOR_7/u_dataXMEM_re_0_7/ram_reg_0_7_0_5/RAMA/I
                            (rising edge-triggered cell RAMD32 clocked by MWCLK  {rise@0.000ns fall@8.333ns period=16.667ns})
  Path Group:             MWCLK
  Path Type:              Hold (Min at Fast Process Corner)
  Requirement:            0.000ns  (MWCLK rise@0.000ns - MWCLK rise@0.000ns)
  Data Path Delay:        0.197ns  (logic 0.141ns (71.611%)  route 0.056ns (28.389%))
  Logic Levels:           0  
  Clock Path Skew:        0.022ns (DCD - SCD - CPR)
    Destination Clock Delay (DCD):    0.432ns
    Source Clock Delay      (SCD):    0.410ns
    Clock Pessimism Removal (CPR):    -0.000ns

    Location             Delay type                Incr(ns)  Path(ns)    Netlist Resource(s)
  -------------------------------------------------------------------    -------------------
                         (clock MWCLK rise edge)      0.000     0.000 r  
                                                      0.000     0.000 r  clk (IN)
                         net (fo=29022, unset)        0.410     0.410    u_FFT/u_SDF1_7_1/u_SDFCOMMUTATOR_7/clk
    SLICE_X67Y13         FDCE                                         r  u_FFT/u_SDF1_7_1/u_SDFCOMMUTATOR_7/SDFCummutator_wrXData_re_reg_reg[0]/C
  -------------------------------------------------------------------    -------------------
    SLICE_X67Y13         FDCE (Prop_fdce_C_Q)         0.141     0.551 r  u_FFT/u_SDF1_7_1/u_SDFCOMMUTATOR_7/SDFCummutator_wrXData_re_reg_reg[0]/Q
                         net (fo=1, routed)           0.056     0.607    u_FFT/u_SDF1_7_1/u_SDFCOMMUTATOR_7/u_dataXMEM_re_0_7/ram_reg_0_7_0_5/DIA0
    SLICE_X66Y13         RAMD32                                       r  u_FFT/u_SDF1_7_1/u_SDFCOMMUTATOR_7/u_dataXMEM_re_0_7/ram_reg_0_7_0_5/RAMA/I
  -------------------------------------------------------------------    -------------------

                         (clock MWCLK rise edge)      0.000     0.000 r  
                                                      0.000     0.000 r  clk (IN)
                         net (fo=29022, unset)        0.432     0.432    u_FFT/u_SDF1_7_1/u_SDFCOMMUTATOR_7/u_dataXMEM_re_0_7/ram_reg_0_7_0_5/WCLK
    SLICE_X66Y13         RAMD32                                       r  u_FFT/u_SDF1_7_1/u_SDFCOMMUTATOR_7/u_dataXMEM_re_0_7/ram_reg_0_7_0_5/RAMA/CLK
                         clock pessimism              0.000     0.432    
    SLICE_X66Y13         RAMD32 (Hold_ramd32_CLK_I)
                                                      0.147     0.579    u_FFT/u_SDF1_7_1/u_SDFCOMMUTATOR_7/u_dataXMEM_re_0_7/ram_reg_0_7_0_5/RAMA
  -------------------------------------------------------------------
                         required time                         -0.579    
                         arrival time                           0.607    
  -------------------------------------------------------------------
                         slack                                  0.028    

Slack (MET) :             0.028ns  (arrival time - required time)
  Source:                 u_FFT/u_SDF2_2_1/u_SDFCOMMUTATOR_2/SDFCummutator_wrXData_im_reg_reg[0]/C
                            (rising edge-triggered cell FDCE clocked by MWCLK  {rise@0.000ns fall@8.333ns period=16.667ns})
  Destination:            u_FFT/u_SDF2_2_1/u_SDFCOMMUTATOR_2/u_dataXMEM_im_0_2/ram_reg_0_7_0_5/RAMA/I
                            (rising edge-triggered cell RAMD32 clocked by MWCLK  {rise@0.000ns fall@8.333ns period=16.667ns})
  Path Group:             MWCLK
  Path Type:              Hold (Min at Fast Process Corner)
  Requirement:            0.000ns  (MWCLK rise@0.000ns - MWCLK rise@0.000ns)
  Data Path Delay:        0.197ns  (logic 0.141ns (71.611%)  route 0.056ns (28.389%))
  Logic Levels:           0  
  Clock Path Skew:        0.022ns (DCD - SCD - CPR)
    Destination Clock Delay (DCD):    0.432ns
    Source Clock Delay      (SCD):    0.410ns
    Clock Pessimism Removal (CPR):    -0.000ns

    Location             Delay type                Incr(ns)  Path(ns)    Netlist Resource(s)
  -------------------------------------------------------------------    -------------------
                         (clock MWCLK rise edge)      0.000     0.000 r  
                                                      0.000     0.000 r  clk (IN)
                         net (fo=29022, unset)        0.410     0.410    u_FFT/u_SDF2_2_1/u_SDFCOMMUTATOR_2/clk
    SLICE_X83Y16         FDCE                                         r  u_FFT/u_SDF2_2_1/u_SDFCOMMUTATOR_2/SDFCummutator_wrXData_im_reg_reg[0]/C
  -------------------------------------------------------------------    -------------------
    SLICE_X83Y16         FDCE (Prop_fdce_C_Q)         0.141     0.551 r  u_FFT/u_SDF2_2_1/u_SDFCOMMUTATOR_2/SDFCummutator_wrXData_im_reg_reg[0]/Q
                         net (fo=1, routed)           0.056     0.607    u_FFT/u_SDF2_2_1/u_SDFCOMMUTATOR_2/u_dataXMEM_im_0_2/ram_reg_0_7_0_5/DIA0
    SLICE_X82Y16         RAMD32                                       r  u_FFT/u_SDF2_2_1/u_SDFCOMMUTATOR_2/u_dataXMEM_im_0_2/ram_reg_0_7_0_5/RAMA/I
  -------------------------------------------------------------------    -------------------

                         (clock MWCLK rise edge)      0.000     0.000 r  
                                                      0.000     0.000 r  clk (IN)
                         net (fo=29022, unset)        0.432     0.432    u_FFT/u_SDF2_2_1/u_SDFCOMMUTATOR_2/u_dataXMEM_im_0_2/ram_reg_0_7_0_5/WCLK
    SLICE_X82Y16         RAMD32                                       r  u_FFT/u_SDF2_2_1/u_SDFCOMMUTATOR_2/u_dataXMEM_im_0_2/ram_reg_0_7_0_5/RAMA/CLK
                         clock pessimism              0.000     0.432    
    SLICE_X82Y16         RAMD32 (Hold_ramd32_CLK_I)
                                                      0.147     0.579    u_FFT/u_SDF2_2_1/u_SDFCOMMUTATOR_2/u_dataXMEM_im_0_2/ram_reg_0_7_0_5/RAMA
  -------------------------------------------------------------------
                         required time                         -0.579    
                         arrival time                           0.607    
  -------------------------------------------------------------------
                         slack                                  0.028    

Slack (MET) :             0.028ns  (arrival time - required time)
  Source:                 u_FFT/u_SDF2_6_1/u_SDFCOMMUTATOR_6/SDFCummutator_wrXData_re_reg_reg[12]/C
                            (rising edge-triggered cell FDCE clocked by MWCLK  {rise@0.000ns fall@8.333ns period=16.667ns})
  Destination:            u_FFT/u_SDF2_6_1/u_SDFCOMMUTATOR_6/u_dataXMEM_re_0_6/ram_reg_0_7_12_17/RAMA/I
                            (rising edge-triggered cell RAMD32 clocked by MWCLK  {rise@0.000ns fall@8.333ns period=16.667ns})
  Path Group:             MWCLK
  Path Type:              Hold (Min at Fast Process Corner)
  Requirement:            0.000ns  (MWCLK rise@0.000ns - MWCLK rise@0.000ns)
  Data Path Delay:        0.197ns  (logic 0.141ns (71.611%)  route 0.056ns (28.389%))
  Logic Levels:           0  
  Clock Path Skew:        0.022ns (DCD - SCD - CPR)
    Destination Clock Delay (DCD):    0.432ns
    Source Clock Delay      (SCD):    0.410ns
    Clock Pessimism Removal (CPR):    -0.000ns

    Location             Delay type                Incr(ns)  Path(ns)    Netlist Resource(s)
  -------------------------------------------------------------------    -------------------
                         (clock MWCLK rise edge)      0.000     0.000 r  
                                                      0.000     0.000 r  clk (IN)
                         net (fo=29022, unset)        0.410     0.410    u_FFT/u_SDF2_6_1/u_SDFCOMMUTATOR_6/clk
    SLICE_X83Y6          FDCE                                         r  u_FFT/u_SDF2_6_1/u_SDFCOMMUTATOR_6/SDFCummutator_wrXData_re_reg_reg[12]/C
  -------------------------------------------------------------------    -------------------
    SLICE_X83Y6          FDCE (Prop_fdce_C_Q)         0.141     0.551 r  u_FFT/u_SDF2_6_1/u_SDFCOMMUTATOR_6/SDFCummutator_wrXData_re_reg_reg[12]/Q
                         net (fo=1, routed)           0.056     0.607    u_FFT/u_SDF2_6_1/u_SDFCOMMUTATOR_6/u_dataXMEM_re_0_6/ram_reg_0_7_12_17/DIA0
    SLICE_X82Y6          RAMD32                                       r  u_FFT/u_SDF2_6_1/u_SDFCOMMUTATOR_6/u_dataXMEM_re_0_6/ram_reg_0_7_12_17/RAMA/I
  -------------------------------------------------------------------    -------------------

                         (clock MWCLK rise edge)      0.000     0.000 r  
                                                      0.000     0.000 r  clk (IN)
                         net (fo=29022, unset)        0.432     0.432    u_FFT/u_SDF2_6_1/u_SDFCOMMUTATOR_6/u_dataXMEM_re_0_6/ram_reg_0_7_12_17/WCLK
    SLICE_X82Y6          RAMD32                                       r  u_FFT/u_SDF2_6_1/u_SDFCOMMUTATOR_6/u_dataXMEM_re_0_6/ram_reg_0_7_12_17/RAMA/CLK
                         clock pessimism              0.000     0.432    
    SLICE_X82Y6          RAMD32 (Hold_ramd32_CLK_I)
                                                      0.147     0.579    u_FFT/u_SDF2_6_1/u_SDFCOMMUTATOR_6/u_dataXMEM_re_0_6/ram_reg_0_7_12_17/RAMA
  -------------------------------------------------------------------
                         required time                         -0.579    
                         arrival time                           0.607    
  -------------------------------------------------------------------
                         slack                                  0.028    

Slack (MET) :             0.058ns  (arrival time - required time)
  Source:                 u_FFT/u_SDF2_2_1/u_SDFCOMMUTATOR_2/SDFOutmux_btf2Pipe_re_reg[12]/C
                            (rising edge-triggered cell FDCE clocked by MWCLK  {rise@0.000ns fall@8.333ns period=16.667ns})
  Destination:            u_FFT/intdelay_reg_3_reg[1][12]_srl2_Delay_reg_reg_c_0/D
                            (rising edge-triggered cell SRL16E clocked by MWCLK  {rise@0.000ns fall@8.333ns period=16.667ns})
  Path Group:             MWCLK
  Path Type:              Hold (Min at Fast Process Corner)
  Requirement:            0.000ns  (MWCLK rise@0.000ns - MWCLK rise@0.000ns)
  Data Path Delay:        0.197ns  (logic 0.141ns (71.611%)  route 0.056ns (28.389%))
  Logic Levels:           0  
  Clock Path Skew:        0.022ns (DCD - SCD - CPR)
    Destination Clock Delay (DCD):    0.432ns
    Source Clock Delay      (SCD):    0.410ns
    Clock Pessimism Removal (CPR):    -0.000ns

    Location             Delay type                Incr(ns)  Path(ns)    Netlist Resource(s)
  -------------------------------------------------------------------    -------------------
                         (clock MWCLK rise edge)      0.000     0.000 r  
                                                      0.000     0.000 r  clk (IN)
                         net (fo=29022, unset)        0.410     0.410    u_FFT/u_SDF2_2_1/u_SDFCOMMUTATOR_2/clk
    SLICE_X91Y22         FDCE                                         r  u_FFT/u_SDF2_2_1/u_SDFCOMMUTATOR_2/SDFOutmux_btf2Pipe_re_reg[12]/C
  -------------------------------------------------------------------    -------------------
    SLICE_X91Y22         FDCE (Prop_fdce_C_Q)         0.141     0.551 r  u_FFT/u_SDF2_2_1/u_SDFCOMMUTATOR_2/SDFOutmux_btf2Pipe_re_reg[12]/Q
                         net (fo=1, routed)           0.056     0.607    u_FFT/dout_2_1_re_signed[12]
    SLICE_X90Y22         SRL16E                                       r  u_FFT/intdelay_reg_3_reg[1][12]_srl2_Delay_reg_reg_c_0/D
  -------------------------------------------------------------------    -------------------

                         (clock MWCLK rise edge)      0.000     0.000 r  
                                                      0.000     0.000 r  clk (IN)
                         net (fo=29022, unset)        0.432     0.432    u_FFT/clk
    SLICE_X90Y22         SRL16E                                       r  u_FFT/intdelay_reg_3_reg[1][12]_srl2_Delay_reg_reg_c_0/CLK
                         clock pessimism              0.000     0.432    
    SLICE_X90Y22         SRL16E (Hold_srl16e_CLK_D)
                                                      0.117     0.549    u_FFT/intdelay_reg_3_reg[1][12]_srl2_Delay_reg_reg_c_0
  -------------------------------------------------------------------
                         required time                         -0.549    
                         arrival time                           0.607    
  -------------------------------------------------------------------
                         slack                                  0.058    

Slack (MET) :             0.072ns  (arrival time - required time)
  Source:                 u_FFT/u_SDF2_4_1/u_SDFCOMMUTATOR_4/SDFCummutator_wrData_re_reg_reg[5]/C
                            (rising edge-triggered cell FDCE clocked by MWCLK  {rise@0.000ns fall@8.333ns period=16.667ns})
  Destination:            u_FFT/u_SDF2_4_1/u_dataMEM_re_0_4/ram_reg/DIADI[5]
                            (rising edge-triggered cell RAMB18E1 clocked by MWCLK  {rise@0.000ns fall@8.333ns period=16.667ns})
  Path Group:             MWCLK
  Path Type:              Hold (Min at Fast Process Corner)
  Requirement:            0.000ns  (MWCLK rise@0.000ns - MWCLK rise@0.000ns)
  Data Path Delay:        0.249ns  (logic 0.141ns (56.669%)  route 0.108ns (43.331%))
  Logic Levels:           0  
  Clock Path Skew:        0.022ns (DCD - SCD - CPR)
    Destination Clock Delay (DCD):    0.432ns
    Source Clock Delay      (SCD):    0.410ns
    Clock Pessimism Removal (CPR):    -0.000ns

    Location             Delay type                Incr(ns)  Path(ns)    Netlist Resource(s)
  -------------------------------------------------------------------    -------------------
                         (clock MWCLK rise edge)      0.000     0.000 r  
                                                      0.000     0.000 r  clk (IN)
                         net (fo=29022, unset)        0.410     0.410    u_FFT/u_SDF2_4_1/u_SDFCOMMUTATOR_4/clk
    SLICE_X105Y9         FDCE                                         r  u_FFT/u_SDF2_4_1/u_SDFCOMMUTATOR_4/SDFCummutator_wrData_re_reg_reg[5]/C
  -------------------------------------------------------------------    -------------------
    SLICE_X105Y9         FDCE (Prop_fdce_C_Q)         0.141     0.551 r  u_FFT/u_SDF2_4_1/u_SDFCOMMUTATOR_4/SDFCummutator_wrData_re_reg_reg[5]/Q
                         net (fo=1, routed)           0.108     0.659    u_FFT/u_SDF2_4_1/u_dataMEM_re_0_4/ram_reg_1[5]
    RAMB18_X5Y3          RAMB18E1                                     r  u_FFT/u_SDF2_4_1/u_dataMEM_re_0_4/ram_reg/DIADI[5]
  -------------------------------------------------------------------    -------------------

                         (clock MWCLK rise edge)      0.000     0.000 r  
                                                      0.000     0.000 r  clk (IN)
                         net (fo=29022, unset)        0.432     0.432    u_FFT/u_SDF2_4_1/u_dataMEM_re_0_4/clk
    RAMB18_X5Y3          RAMB18E1                                     r  u_FFT/u_SDF2_4_1/u_dataMEM_re_0_4/ram_reg/CLKBWRCLK
                         clock pessimism              0.000     0.432    
    RAMB18_X5Y3          RAMB18E1 (Hold_ramb18e1_CLKBWRCLK_DIADI[5])
                                                      0.155     0.587    u_FFT/u_SDF2_4_1/u_dataMEM_re_0_4/ram_reg
  -------------------------------------------------------------------
                         required time                         -0.587    
                         arrival time                           0.659    
  -------------------------------------------------------------------
                         slack                                  0.072    

Slack (MET) :             0.076ns  (arrival time - required time)
  Source:                 u_FFT/u_SDF2_2_1/u_SDFCOMMUTATOR_2/SDFCummutator_wrXData_im_reg_reg[4]/C
                            (rising edge-triggered cell FDCE clocked by MWCLK  {rise@0.000ns fall@8.333ns period=16.667ns})
  Destination:            u_FFT/u_SDF2_2_1/u_SDFCOMMUTATOR_2/u_dataXMEM_im_0_2/ram_reg_0_7_0_5/RAMC/I
                            (rising edge-triggered cell RAMD32 clocked by MWCLK  {rise@0.000ns fall@8.333ns period=16.667ns})
  Path Group:             MWCLK
  Path Type:              Hold (Min at Fast Process Corner)
  Requirement:            0.000ns  (MWCLK rise@0.000ns - MWCLK rise@0.000ns)
  Data Path Delay:        0.187ns  (logic 0.128ns (68.397%)  route 0.059ns (31.603%))
  Logic Levels:           0  
  Clock Path Skew:        0.022ns (DCD - SCD - CPR)
    Destination Clock Delay (DCD):    0.432ns
    Source Clock Delay      (SCD):    0.410ns
    Clock Pessimism Removal (CPR):    -0.000ns

    Location             Delay type                Incr(ns)  Path(ns)    Netlist Resource(s)
  -------------------------------------------------------------------    -------------------
                         (clock MWCLK rise edge)      0.000     0.000 r  
                                                      0.000     0.000 r  clk (IN)
                         net (fo=29022, unset)        0.410     0.410    u_FFT/u_SDF2_2_1/u_SDFCOMMUTATOR_2/clk
    SLICE_X83Y16         FDCE                                         r  u_FFT/u_SDF2_2_1/u_SDFCOMMUTATOR_2/SDFCummutator_wrXData_im_reg_reg[4]/C
  -------------------------------------------------------------------    -------------------
    SLICE_X83Y16         FDCE (Prop_fdce_C_Q)         0.128     0.538 r  u_FFT/u_SDF2_2_1/u_SDFCOMMUTATOR_2/SDFCummutator_wrXData_im_reg_reg[4]/Q
                         net (fo=1, routed)           0.059     0.597    u_FFT/u_SDF2_2_1/u_SDFCOMMUTATOR_2/u_dataXMEM_im_0_2/ram_reg_0_7_0_5/DIC0
    SLICE_X82Y16         RAMD32                                       r  u_FFT/u_SDF2_2_1/u_SDFCOMMUTATOR_2/u_dataXMEM_im_0_2/ram_reg_0_7_0_5/RAMC/I
  -------------------------------------------------------------------    -------------------

                         (clock MWCLK rise edge)      0.000     0.000 r  
                                                      0.000     0.000 r  clk (IN)
                         net (fo=29022, unset)        0.432     0.432    u_FFT/u_SDF2_2_1/u_SDFCOMMUTATOR_2/u_dataXMEM_im_0_2/ram_reg_0_7_0_5/WCLK
    SLICE_X82Y16         RAMD32                                       r  u_FFT/u_SDF2_2_1/u_SDFCOMMUTATOR_2/u_dataXMEM_im_0_2/ram_reg_0_7_0_5/RAMC/CLK
                         clock pessimism              0.000     0.432    
    SLICE_X82Y16         RAMD32 (Hold_ramd32_CLK_I)
                                                      0.090     0.522    u_FFT/u_SDF2_2_1/u_SDFCOMMUTATOR_2/u_dataXMEM_im_0_2/ram_reg_0_7_0_5/RAMC
  -------------------------------------------------------------------
                         required time                         -0.522    
                         arrival time                           0.597    
  -------------------------------------------------------------------
                         slack                                  0.076    

Slack (MET) :             0.081ns  (arrival time - required time)
  Source:                 u_FFT/u_SDF1_1_1/u_SDFCOMMUTATOR_1/SDFCummutator_xWrAddr_reg[1]/C
                            (rising edge-triggered cell FDCE clocked by MWCLK  {rise@0.000ns fall@8.333ns period=16.667ns})
  Destination:            u_FFT/u_SDF1_1_1/u_SDFCOMMUTATOR_1/u_dataXMEM_im_0_1/ram_reg_0_7_0_5/DP/WADR1
                            (rising edge-triggered cell RAMD32 clocked by MWCLK  {rise@0.000ns fall@8.333ns period=16.667ns})
  Path Group:             MWCLK
  Path Type:              Hold (Min at Fast Process Corner)
  Requirement:            0.000ns  (MWCLK rise@0.000ns - MWCLK rise@0.000ns)
  Data Path Delay:        0.411ns  (logic 0.141ns (34.281%)  route 0.270ns (65.719%))
  Logic Levels:           0  
  Clock Path Skew:        0.022ns (DCD - SCD - CPR)
    Destination Clock Delay (DCD):    0.432ns
    Source Clock Delay      (SCD):    0.410ns
    Clock Pessimism Removal (CPR):    -0.000ns

    Location             Delay type                Incr(ns)  Path(ns)    Netlist Resource(s)
  -------------------------------------------------------------------    -------------------
                         (clock MWCLK rise edge)      0.000     0.000 r  
                                                      0.000     0.000 r  clk (IN)
                         net (fo=29022, unset)        0.410     0.410    u_FFT/u_SDF1_1_1/u_SDFCOMMUTATOR_1/clk
    SLICE_X81Y23         FDCE                                         r  u_FFT/u_SDF1_1_1/u_SDFCOMMUTATOR_1/SDFCummutator_xWrAddr_reg[1]/C
  -------------------------------------------------------------------    -------------------
    SLICE_X81Y23         FDCE (Prop_fdce_C_Q)         0.141     0.551 r  u_FFT/u_SDF1_1_1/u_SDFCOMMUTATOR_1/SDFCummutator_xWrAddr_reg[1]/Q
                         net (fo=33, routed)          0.270     0.821    u_FFT/u_SDF1_1_1/u_SDFCOMMUTATOR_1/u_dataXMEM_im_0_1/ram_reg_0_7_0_5/A1
    SLICE_X82Y22         RAMD32                                       r  u_FFT/u_SDF1_1_1/u_SDFCOMMUTATOR_1/u_dataXMEM_im_0_1/ram_reg_0_7_0_5/DP/WADR1
  -------------------------------------------------------------------    -------------------

                         (clock MWCLK rise edge)      0.000     0.000 r  
                                                      0.000     0.000 r  clk (IN)
                         net (fo=29022, unset)        0.432     0.432    u_FFT/u_SDF1_1_1/u_SDFCOMMUTATOR_1/u_dataXMEM_im_0_1/ram_reg_0_7_0_5/WCLK
    SLICE_X82Y22         RAMD32                                       r  u_FFT/u_SDF1_1_1/u_SDFCOMMUTATOR_1/u_dataXMEM_im_0_1/ram_reg_0_7_0_5/DP/CLK
                         clock pessimism              0.000     0.432    
    SLICE_X82Y22         RAMD32 (Hold_ramd32_CLK_WADR1)
                                                      0.309     0.741    u_FFT/u_SDF1_1_1/u_SDFCOMMUTATOR_1/u_dataXMEM_im_0_1/ram_reg_0_7_0_5/DP
  -------------------------------------------------------------------
                         required time                         -0.741    
                         arrival time                           0.821    
  -------------------------------------------------------------------
                         slack                                  0.081    

Slack (MET) :             0.081ns  (arrival time - required time)
  Source:                 u_FFT/u_SDF1_1_1/u_SDFCOMMUTATOR_1/SDFCummutator_xWrAddr_reg[1]/C
                            (rising edge-triggered cell FDCE clocked by MWCLK  {rise@0.000ns fall@8.333ns period=16.667ns})
  Destination:            u_FFT/u_SDF1_1_1/u_SDFCOMMUTATOR_1/u_dataXMEM_im_0_1/ram_reg_0_7_0_5/SP/WADR1
                            (rising edge-triggered cell RAMD32 clocked by MWCLK  {rise@0.000ns fall@8.333ns period=16.667ns})
  Path Group:             MWCLK
  Path Type:              Hold (Min at Fast Process Corner)
  Requirement:            0.000ns  (MWCLK rise@0.000ns - MWCLK rise@0.000ns)
  Data Path Delay:        0.411ns  (logic 0.141ns (34.281%)  route 0.270ns (65.719%))
  Logic Levels:           0  
  Clock Path Skew:        0.022ns (DCD - SCD - CPR)
    Destination Clock Delay (DCD):    0.432ns
    Source Clock Delay      (SCD):    0.410ns
    Clock Pessimism Removal (CPR):    -0.000ns

    Location             Delay type                Incr(ns)  Path(ns)    Netlist Resource(s)
  -------------------------------------------------------------------    -------------------
                         (clock MWCLK rise edge)      0.000     0.000 r  
                                                      0.000     0.000 r  clk (IN)
                         net (fo=29022, unset)        0.410     0.410    u_FFT/u_SDF1_1_1/u_SDFCOMMUTATOR_1/clk
    SLICE_X81Y23         FDCE                                         r  u_FFT/u_SDF1_1_1/u_SDFCOMMUTATOR_1/SDFCummutator_xWrAddr_reg[1]/C
  -------------------------------------------------------------------    -------------------
    SLICE_X81Y23         FDCE (Prop_fdce_C_Q)         0.141     0.551 r  u_FFT/u_SDF1_1_1/u_SDFCOMMUTATOR_1/SDFCummutator_xWrAddr_reg[1]/Q
                         net (fo=33, routed)          0.270     0.821    u_FFT/u_SDF1_1_1/u_SDFCOMMUTATOR_1/u_dataXMEM_im_0_1/ram_reg_0_7_0_5/A1
    SLICE_X82Y22         RAMD32                                       r  u_FFT/u_SDF1_1_1/u_SDFCOMMUTATOR_1/u_dataXMEM_im_0_1/ram_reg_0_7_0_5/SP/WADR1
  -------------------------------------------------------------------    -------------------

                         (clock MWCLK rise edge)      0.000     0.000 r  
                                                      0.000     0.000 r  clk (IN)
                         net (fo=29022, unset)        0.432     0.432    u_FFT/u_SDF1_1_1/u_SDFCOMMUTATOR_1/u_dataXMEM_im_0_1/ram_reg_0_7_0_5/WCLK
    SLICE_X82Y22         RAMD32                                       r  u_FFT/u_SDF1_1_1/u_SDFCOMMUTATOR_1/u_dataXMEM_im_0_1/ram_reg_0_7_0_5/SP/CLK
                         clock pessimism              0.000     0.432    
    SLICE_X82Y22         RAMD32 (Hold_ramd32_CLK_WADR1)
                                                      0.309     0.741    u_FFT/u_SDF1_1_1/u_SDFCOMMUTATOR_1/u_dataXMEM_im_0_1/ram_reg_0_7_0_5/SP
  -------------------------------------------------------------------
                         required time                         -0.741    
                         arrival time                           0.821    
  -------------------------------------------------------------------
                         slack                                  0.081    

Slack (MET) :             0.081ns  (arrival time - required time)
  Source:                 u_FFT/u_SDF1_1_1/u_SDFCOMMUTATOR_1/SDFCummutator_xWrAddr_reg[1]/C
                            (rising edge-triggered cell FDCE clocked by MWCLK  {rise@0.000ns fall@8.333ns period=16.667ns})
  Destination:            u_FFT/u_SDF1_1_1/u_SDFCOMMUTATOR_1/u_dataXMEM_im_0_1/ram_reg_0_7_0_5__0/DP/WADR1
                            (rising edge-triggered cell RAMD32 clocked by MWCLK  {rise@0.000ns fall@8.333ns period=16.667ns})
  Path Group:             MWCLK
  Path Type:              Hold (Min at Fast Process Corner)
  Requirement:            0.000ns  (MWCLK rise@0.000ns - MWCLK rise@0.000ns)
  Data Path Delay:        0.411ns  (logic 0.141ns (34.281%)  route 0.270ns (65.719%))
  Logic Levels:           0  
  Clock Path Skew:        0.022ns (DCD - SCD - CPR)
    Destination Clock Delay (DCD):    0.432ns
    Source Clock Delay      (SCD):    0.410ns
    Clock Pessimism Removal (CPR):    -0.000ns

    Location             Delay type                Incr(ns)  Path(ns)    Netlist Resource(s)
  -------------------------------------------------------------------    -------------------
                         (clock MWCLK rise edge)      0.000     0.000 r  
                                                      0.000     0.000 r  clk (IN)
                         net (fo=29022, unset)        0.410     0.410    u_FFT/u_SDF1_1_1/u_SDFCOMMUTATOR_1/clk
    SLICE_X81Y23         FDCE                                         r  u_FFT/u_SDF1_1_1/u_SDFCOMMUTATOR_1/SDFCummutator_xWrAddr_reg[1]/C
  -------------------------------------------------------------------    -------------------
    SLICE_X81Y23         FDCE (Prop_fdce_C_Q)         0.141     0.551 r  u_FFT/u_SDF1_1_1/u_SDFCOMMUTATOR_1/SDFCummutator_xWrAddr_reg[1]/Q
                         net (fo=33, routed)          0.270     0.821    u_FFT/u_SDF1_1_1/u_SDFCOMMUTATOR_1/u_dataXMEM_im_0_1/ram_reg_0_7_0_5__0/A1
    SLICE_X82Y22         RAMD32                                       r  u_FFT/u_SDF1_1_1/u_SDFCOMMUTATOR_1/u_dataXMEM_im_0_1/ram_reg_0_7_0_5__0/DP/WADR1
  -------------------------------------------------------------------    -------------------

                         (clock MWCLK rise edge)      0.000     0.000 r  
                                                      0.000     0.000 r  clk (IN)
                         net (fo=29022, unset)        0.432     0.432    u_FFT/u_SDF1_1_1/u_SDFCOMMUTATOR_1/u_dataXMEM_im_0_1/ram_reg_0_7_0_5__0/WCLK
    SLICE_X82Y22         RAMD32                                       r  u_FFT/u_SDF1_1_1/u_SDFCOMMUTATOR_1/u_dataXMEM_im_0_1/ram_reg_0_7_0_5__0/DP/CLK
                         clock pessimism              0.000     0.432    
    SLICE_X82Y22         RAMD32 (Hold_ramd32_CLK_WADR1)
                                                      0.309     0.741    u_FFT/u_SDF1_1_1/u_SDFCOMMUTATOR_1/u_dataXMEM_im_0_1/ram_reg_0_7_0_5__0/DP
  -------------------------------------------------------------------
                         required time                         -0.741    
                         arrival time                           0.821    
  -------------------------------------------------------------------
                         slack                                  0.081    





Pulse Width Checks
--------------------------------------------------------------------------------------
Clock Name:         MWCLK
Waveform(ns):       { 0.000 8.333 }
Period(ns):         16.667
Sources:            { clk }

Check Type        Corner  Lib Pin             Reference Pin  Required(ns)  Actual(ns)  Slack(ns)  Location      Pin
Min Period        n/a     RAMB18E1/CLKARDCLK  n/a            2.944         16.667      13.723     RAMB18_X1Y2   u_FFT/u_NaturalOrder_Stage/u_dataMEM_im_1/ram_reg/CLKARDCLK
Min Period        n/a     RAMB18E1/CLKBWRCLK  n/a            2.944         16.667      13.723     RAMB18_X1Y2   u_FFT/u_NaturalOrder_Stage/u_dataMEM_im_1/ram_reg/CLKBWRCLK
Min Period        n/a     RAMB18E1/CLKARDCLK  n/a            2.944         16.667      13.723     RAMB18_X1Y6   u_FFT/u_NaturalOrder_Stage/u_dataMEM_re_1/ram_reg/CLKARDCLK
Min Period        n/a     RAMB18E1/CLKBWRCLK  n/a            2.944         16.667      13.723     RAMB18_X1Y6   u_FFT/u_NaturalOrder_Stage/u_dataMEM_re_1/ram_reg/CLKBWRCLK
Min Period        n/a     RAMB18E1/CLKARDCLK  n/a            2.944         16.667      13.723     RAMB18_X4Y10  u_FFT/u_SDF1_1_1/u_dataMEM_re_0_1_generic/ram_reg/CLKARDCLK
Min Period        n/a     RAMB18E1/CLKARDCLK  n/a            2.944         16.667      13.723     RAMB18_X4Y5   u_FFT/u_SDF1_3_1/u_dataMEM_im_0_3/ram_reg/CLKARDCLK
Min Period        n/a     RAMB18E1/CLKBWRCLK  n/a            2.944         16.667      13.723     RAMB18_X4Y5   u_FFT/u_SDF1_3_1/u_dataMEM_im_0_3/ram_reg/CLKBWRCLK
Min Period        n/a     RAMB18E1/CLKARDCLK  n/a            2.944         16.667      13.723     RAMB18_X4Y6   u_FFT/u_SDF1_3_1/u_dataMEM_re_0_3/ram_reg/CLKARDCLK
Min Period        n/a     RAMB18E1/CLKBWRCLK  n/a            2.944         16.667      13.723     RAMB18_X4Y6   u_FFT/u_SDF1_3_1/u_dataMEM_re_0_3/ram_reg/CLKBWRCLK
Min Period        n/a     RAMB18E1/CLKARDCLK  n/a            2.944         16.667      13.723     RAMB18_X4Y7   u_FFT/u_SDF2_2_1/u_dataMEM_im_0_2/ram_reg/CLKARDCLK
Low Pulse Width   Slow    RAMS32/CLK          n/a            1.250         8.334       7.084      SLICE_X30Y9   u_FFT/u_RADIX2/u_SDFCOMMUTATOR_9/u_dataXMEM_im_0_9/ram_reg_0_7_0_0/SP/CLK
Low Pulse Width   Fast    RAMS32/CLK          n/a            1.250         8.334       7.084      SLICE_X30Y9   u_FFT/u_RADIX2/u_SDFCOMMUTATOR_9/u_dataXMEM_im_0_9/ram_reg_0_7_0_0/SP/CLK
Low Pulse Width   Slow    RAMS32/CLK          n/a            1.250         8.334       7.084      SLICE_X30Y9   u_FFT/u_RADIX2/u_SDFCOMMUTATOR_9/u_dataXMEM_im_0_9/ram_reg_0_7_10_10/SP/CLK
Low Pulse Width   Fast    RAMS32/CLK          n/a            1.250         8.334       7.084      SLICE_X30Y9   u_FFT/u_RADIX2/u_SDFCOMMUTATOR_9/u_dataXMEM_im_0_9/ram_reg_0_7_10_10/SP/CLK
Low Pulse Width   Slow    RAMS32/CLK          n/a            1.250         8.334       7.084      SLICE_X30Y9   u_FFT/u_RADIX2/u_SDFCOMMUTATOR_9/u_dataXMEM_im_0_9/ram_reg_0_7_11_11/SP/CLK
Low Pulse Width   Fast    RAMS32/CLK          n/a            1.250         8.334       7.084      SLICE_X30Y9   u_FFT/u_RADIX2/u_SDFCOMMUTATOR_9/u_dataXMEM_im_0_9/ram_reg_0_7_11_11/SP/CLK
Low Pulse Width   Slow    RAMS32/CLK          n/a            1.250         8.334       7.084      SLICE_X30Y9   u_FFT/u_RADIX2/u_SDFCOMMUTATOR_9/u_dataXMEM_im_0_9/ram_reg_0_7_12_12/SP/CLK
Low Pulse Width   Fast    RAMS32/CLK          n/a            1.250         8.334       7.084      SLICE_X30Y9   u_FFT/u_RADIX2/u_SDFCOMMUTATOR_9/u_dataXMEM_im_0_9/ram_reg_0_7_12_12/SP/CLK
Low Pulse Width   Slow    RAMS32/CLK          n/a            1.250         8.334       7.084      SLICE_X30Y8   u_FFT/u_RADIX2/u_SDFCOMMUTATOR_9/u_dataXMEM_im_0_9/ram_reg_0_7_13_13/SP/CLK
Low Pulse Width   Fast    RAMS32/CLK          n/a            1.250         8.334       7.084      SLICE_X30Y8   u_FFT/u_RADIX2/u_SDFCOMMUTATOR_9/u_dataXMEM_im_0_9/ram_reg_0_7_13_13/SP/CLK
High Pulse Width  Slow    RAMS32/CLK          n/a            1.250         8.334       7.084      SLICE_X30Y9   u_FFT/u_RADIX2/u_SDFCOMMUTATOR_9/u_dataXMEM_im_0_9/ram_reg_0_7_0_0/SP/CLK
High Pulse Width  Fast    RAMS32/CLK          n/a            1.250         8.334       7.084      SLICE_X30Y9   u_FFT/u_RADIX2/u_SDFCOMMUTATOR_9/u_dataXMEM_im_0_9/ram_reg_0_7_0_0/SP/CLK
High Pulse Width  Slow    RAMS32/CLK          n/a            1.250         8.334       7.084      SLICE_X30Y9   u_FFT/u_RADIX2/u_SDFCOMMUTATOR_9/u_dataXMEM_im_0_9/ram_reg_0_7_10_10/SP/CLK
High Pulse Width  Fast    RAMS32/CLK          n/a            1.250         8.334       7.084      SLICE_X30Y9   u_FFT/u_RADIX2/u_SDFCOMMUTATOR_9/u_dataXMEM_im_0_9/ram_reg_0_7_10_10/SP/CLK
High Pulse Width  Slow    RAMS32/CLK          n/a            1.250         8.334       7.084      SLICE_X30Y9   u_FFT/u_RADIX2/u_SDFCOMMUTATOR_9/u_dataXMEM_im_0_9/ram_reg_0_7_11_11/SP/CLK
High Pulse Width  Fast    RAMS32/CLK          n/a            1.250         8.334       7.084      SLICE_X30Y9   u_FFT/u_RADIX2/u_SDFCOMMUTATOR_9/u_dataXMEM_im_0_9/ram_reg_0_7_11_11/SP/CLK
High Pulse Width  Slow    RAMS32/CLK          n/a            1.250         8.334       7.084      SLICE_X30Y9   u_FFT/u_RADIX2/u_SDFCOMMUTATOR_9/u_dataXMEM_im_0_9/ram_reg_0_7_12_12/SP/CLK
High Pulse Width  Fast    RAMS32/CLK          n/a            1.250         8.334       7.084      SLICE_X30Y9   u_FFT/u_RADIX2/u_SDFCOMMUTATOR_9/u_dataXMEM_im_0_9/ram_reg_0_7_12_12/SP/CLK
High Pulse Width  Slow    RAMS32/CLK          n/a            1.250         8.334       7.084      SLICE_X30Y8   u_FFT/u_RADIX2/u_SDFCOMMUTATOR_9/u_dataXMEM_im_0_9/ram_reg_0_7_13_13/SP/CLK
High Pulse Width  Fast    RAMS32/CLK          n/a            1.250         8.334       7.084      SLICE_X30Y8   u_FFT/u_RADIX2/u_SDFCOMMUTATOR_9/u_dataXMEM_im_0_9/ram_reg_0_7_13_13/SP/CLK



--------------------------------------------------------------------------------------
Path Group:  (none)
From Clock:  
  To Clock:  

Max Delay             1 Endpoint
Min Delay             1 Endpoint
--------------------------------------------------------------------------------------


Max Delay Paths
--------------------------------------------------------------------------------------
Slack:                    inf
  Source:                 clk_enable
                            (input port)
  Destination:            ce_out
                            (output port)
  Path Group:             (none)
  Path Type:              Max at Slow Process Corner
  Data Path Delay:        2.096ns  (logic 0.150ns (7.156%)  route 1.946ns (92.844%))
  Logic Levels:           1  (LUT2=1)

    Location             Delay type                Incr(ns)  Path(ns)    Netlist Resource(s)
  -------------------------------------------------------------------    -------------------
                                                      0.000     0.000 r  clk_enable (IN)
                         net (fo=546, unset)          0.973     0.973    u_ddc_spec_avg_tc/clk_enable
    SLICE_X93Y21         LUT2 (Prop_lut2_I1_O)        0.150     1.123 r  u_ddc_spec_avg_tc/ce_out_INST_0/O
                         net (fo=17, unset)           0.973     2.096    ce_out
                                                                      r  ce_out (OUT)
  -------------------------------------------------------------------    -------------------





Min Delay Paths
--------------------------------------------------------------------------------------
Slack:                    inf
  Source:                 clk_enable
                            (input port)
  Destination:            ce_out
                            (output port)
  Path Group:             (none)
  Path Type:              Min at Fast Process Corner
  Data Path Delay:        0.865ns  (logic 0.045ns (5.201%)  route 0.820ns (94.799%))
  Logic Levels:           1  (LUT2=1)

    Location             Delay type                Incr(ns)  Path(ns)    Netlist Resource(s)
  -------------------------------------------------------------------    -------------------
                                                      0.000     0.000 r  clk_enable (IN)
                         net (fo=546, unset)          0.410     0.410    u_ddc_spec_avg_tc/clk_enable
    SLICE_X93Y21         LUT2 (Prop_lut2_I1_O)        0.045     0.455 r  u_ddc_spec_avg_tc/ce_out_INST_0/O
                         net (fo=17, unset)           0.410     0.865    ce_out
                                                                      r  ce_out (OUT)
  -------------------------------------------------------------------    -------------------





--------------------------------------------------------------------------------------
Path Group:  (none)
From Clock:  MWCLK
  To Clock:  

Max Delay            61 Endpoints
Min Delay            61 Endpoints
--------------------------------------------------------------------------------------


Max Delay Paths
--------------------------------------------------------------------------------------
Slack:                    inf
  Source:                 u_Spec_Avg/u_Simple_Dual_Port_RAM/ram_reg_0/CLKBWRCLK
                            (rising edge-triggered cell RAMB36E1 clocked by MWCLK  {rise@0.000ns fall@8.333ns period=16.667ns})
  Destination:            avg_out[29]
                            (output port)
  Path Group:             (none)
  Path Type:              Max at Slow Process Corner
  Data Path Delay:        8.867ns  (logic 5.427ns (61.204%)  route 3.440ns (38.796%))
  Logic Levels:           14  (CARRY4=12 LUT2=2)
  Clock Uncertainty:      0.025ns  ((TSJ^2 + TIJ^2)^1/2 + DJ) / 2 + PE
    Total System Jitter     (TSJ):    0.050ns
    Total Input Jitter      (TIJ):    0.000ns
    Discrete Jitter          (DJ):    0.000ns
    Phase Error              (PE):    0.000ns

    Location             Delay type                Incr(ns)  Path(ns)    Netlist Resource(s)
  -------------------------------------------------------------------    -------------------
                         (clock MWCLK rise edge)      0.000     0.000 r  
                                                      0.000     0.000 r  clk (IN)
                         net (fo=29022, unset)        0.973     0.973    u_Spec_Avg/u_Simple_Dual_Port_RAM/clk
    RAMB36_X2Y2          RAMB36E1                                     r  u_Spec_Avg/u_Simple_Dual_Port_RAM/ram_reg_0/CLKBWRCLK
  -------------------------------------------------------------------    -------------------
    RAMB36_X2Y2          RAMB36E1 (Prop_ramb36e1_CLKBWRCLK_DOBDO[0])
                                                      2.454     3.427 r  u_Spec_Avg/u_Simple_Dual_Port_RAM/ram_reg_0/DOBDO[0]
                         net (fo=1, routed)           1.628     5.055    u_Spec_Avg/u_Simple_Dual_Port_RAM/Simple_Dual_Port_RAM_out1[0]
    SLICE_X25Y19         LUT2 (Prop_lut2_I1_O)        0.124     5.179 r  u_Spec_Avg/u_Simple_Dual_Port_RAM/avg_out[0]_INST_0_i_19/O
                         net (fo=1, routed)           0.000     5.179    u_Spec_Avg/u_Simple_Dual_Port_RAM/avg_out[0]_INST_0_i_19_n_0
    SLICE_X25Y19         CARRY4 (Prop_carry4_S[0]_CO[3])
                                                      0.532     5.711 r  u_Spec_Avg/u_Simple_Dual_Port_RAM/avg_out[0]_INST_0_i_11/CO[3]
                         net (fo=1, routed)           0.000     5.711    u_Spec_Avg/u_Simple_Dual_Port_RAM/avg_out[0]_INST_0_i_11_n_0
    SLICE_X25Y20         CARRY4 (Prop_carry4_CI_CO[3])
                                                      0.114     5.825 r  u_Spec_Avg/u_Simple_Dual_Port_RAM/avg_out[0]_INST_0_i_6/CO[3]
                         net (fo=1, routed)           0.000     5.825    u_Spec_Avg/u_Simple_Dual_Port_RAM/avg_out[0]_INST_0_i_6_n_0
    SLICE_X25Y21         CARRY4 (Prop_carry4_CI_CO[3])
                                                      0.114     5.939 r  u_Spec_Avg/u_Simple_Dual_Port_RAM/avg_out[0]_INST_0_i_5/CO[3]
                         net (fo=1, routed)           0.000     5.939    u_Spec_Avg/u_Simple_Dual_Port_RAM/avg_out[0]_INST_0_i_5_n_0
    SLICE_X25Y22         CARRY4 (Prop_carry4_CI_O[0])
                                                      0.222     6.161 r  u_Spec_Avg/u_Simple_Dual_Port_RAM/avg_out[4]_INST_0_i_5/O[0]
                         net (fo=1, routed)           0.839     7.000    u_Spec_Avg/u_Simple_Dual_Port_RAM/RESIZE[1]
    SLICE_X27Y17         LUT2 (Prop_lut2_I1_O)        0.299     7.299 r  u_Spec_Avg/u_Simple_Dual_Port_RAM/avg_out[0]_INST_0_i_3/O
                         net (fo=1, routed)           0.000     7.299    u_Spec_Avg/u_Simple_Dual_Port_RAM/avg_out[0]_INST_0_i_3_n_0
    SLICE_X27Y17         CARRY4 (Prop_carry4_S[1]_CO[3])
                                                      0.550     7.849 r  u_Spec_Avg/u_Simple_Dual_Port_RAM/avg_out[0]_INST_0/CO[3]
                         net (fo=1, routed)           0.000     7.849    u_Spec_Avg/u_Simple_Dual_Port_RAM/avg_out[0]_INST_0_n_0
    SLICE_X27Y18         CARRY4 (Prop_carry4_CI_CO[3])
                                                      0.114     7.963 r  u_Spec_Avg/u_Simple_Dual_Port_RAM/avg_out[4]_INST_0/CO[3]
                         net (fo=1, routed)           0.000     7.963    u_Spec_Avg/u_Simple_Dual_Port_RAM/avg_out[4]_INST_0_n_0
    SLICE_X27Y19         CARRY4 (Prop_carry4_CI_CO[3])
                                                      0.114     8.077 r  u_Spec_Avg/u_Simple_Dual_Port_RAM/avg_out[8]_INST_0/CO[3]
                         net (fo=1, routed)           0.000     8.077    u_Spec_Avg/u_Simple_Dual_Port_RAM/avg_out[8]_INST_0_n_0
    SLICE_X27Y20         CARRY4 (Prop_carry4_CI_CO[3])
                                                      0.114     8.191 r  u_Spec_Avg/u_Simple_Dual_Port_RAM/avg_out[12]_INST_0/CO[3]
                         net (fo=1, routed)           0.000     8.191    u_Spec_Avg/u_Simple_Dual_Port_RAM/avg_out[12]_INST_0_n_0
    SLICE_X27Y21         CARRY4 (Prop_carry4_CI_CO[3])
                                                      0.114     8.305 r  u_Spec_Avg/u_Simple_Dual_Port_RAM/avg_out[16]_INST_0/CO[3]
                         net (fo=1, routed)           0.000     8.305    u_Spec_Avg/u_Simple_Dual_Port_RAM/avg_out[16]_INST_0_n_0
    SLICE_X27Y22         CARRY4 (Prop_carry4_CI_CO[3])
                                                      0.114     8.419 r  u_Spec_Avg/u_Simple_Dual_Port_RAM/avg_out[20]_INST_0/CO[3]
                         net (fo=1, routed)           0.000     8.419    u_Spec_Avg/u_Simple_Dual_Port_RAM/avg_out[20]_INST_0_n_0
    SLICE_X27Y23         CARRY4 (Prop_carry4_CI_CO[3])
                                                      0.114     8.533 r  u_Spec_Avg/u_Simple_Dual_Port_RAM/avg_out[24]_INST_0/CO[3]
                         net (fo=1, routed)           0.000     8.533    u_Spec_Avg/u_Simple_Dual_Port_RAM/avg_out[24]_INST_0_n_0
    SLICE_X27Y24         CARRY4 (Prop_carry4_CI_O[1])
                                                      0.334     8.867 r  u_Spec_Avg/u_Simple_Dual_Port_RAM/avg_out[28]_INST_0/O[1]
                         net (fo=1, unset)            0.973     9.840    avg_out[29]
                                                                      r  avg_out[29] (OUT)
  -------------------------------------------------------------------    -------------------

Slack:                    inf
  Source:                 u_Spec_Avg/u_Simple_Dual_Port_RAM/ram_reg_0/CLKBWRCLK
                            (rising edge-triggered cell RAMB36E1 clocked by MWCLK  {rise@0.000ns fall@8.333ns period=16.667ns})
  Destination:            avg_out[31]
                            (output port)
  Path Group:             (none)
  Path Type:              Max at Slow Process Corner
  Data Path Delay:        8.846ns  (logic 5.406ns (61.111%)  route 3.440ns (38.889%))
  Logic Levels:           14  (CARRY4=12 LUT2=2)
  Clock Uncertainty:      0.025ns  ((TSJ^2 + TIJ^2)^1/2 + DJ) / 2 + PE
    Total System Jitter     (TSJ):    0.050ns
    Total Input Jitter      (TIJ):    0.000ns
    Discrete Jitter          (DJ):    0.000ns
    Phase Error              (PE):    0.000ns

    Location             Delay type                Incr(ns)  Path(ns)    Netlist Resource(s)
  -------------------------------------------------------------------    -------------------
                         (clock MWCLK rise edge)      0.000     0.000 r  
                                                      0.000     0.000 r  clk (IN)
                         net (fo=29022, unset)        0.973     0.973    u_Spec_Avg/u_Simple_Dual_Port_RAM/clk
    RAMB36_X2Y2          RAMB36E1                                     r  u_Spec_Avg/u_Simple_Dual_Port_RAM/ram_reg_0/CLKBWRCLK
  -------------------------------------------------------------------    -------------------
    RAMB36_X2Y2          RAMB36E1 (Prop_ramb36e1_CLKBWRCLK_DOBDO[0])
                                                      2.454     3.427 r  u_Spec_Avg/u_Simple_Dual_Port_RAM/ram_reg_0/DOBDO[0]
                         net (fo=1, routed)           1.628     5.055    u_Spec_Avg/u_Simple_Dual_Port_RAM/Simple_Dual_Port_RAM_out1[0]
    SLICE_X25Y19         LUT2 (Prop_lut2_I1_O)        0.124     5.179 r  u_Spec_Avg/u_Simple_Dual_Port_RAM/avg_out[0]_INST_0_i_19/O
                         net (fo=1, routed)           0.000     5.179    u_Spec_Avg/u_Simple_Dual_Port_RAM/avg_out[0]_INST_0_i_19_n_0
    SLICE_X25Y19         CARRY4 (Prop_carry4_S[0]_CO[3])
                                                      0.532     5.711 r  u_Spec_Avg/u_Simple_Dual_Port_RAM/avg_out[0]_INST_0_i_11/CO[3]
                         net (fo=1, routed)           0.000     5.711    u_Spec_Avg/u_Simple_Dual_Port_RAM/avg_out[0]_INST_0_i_11_n_0
    SLICE_X25Y20         CARRY4 (Prop_carry4_CI_CO[3])
                                                      0.114     5.825 r  u_Spec_Avg/u_Simple_Dual_Port_RAM/avg_out[0]_INST_0_i_6/CO[3]
                         net (fo=1, routed)           0.000     5.825    u_Spec_Avg/u_Simple_Dual_Port_RAM/avg_out[0]_INST_0_i_6_n_0
    SLICE_X25Y21         CARRY4 (Prop_carry4_CI_CO[3])
                                                      0.114     5.939 r  u_Spec_Avg/u_Simple_Dual_Port_RAM/avg_out[0]_INST_0_i_5/CO[3]
                         net (fo=1, routed)           0.000     5.939    u_Spec_Avg/u_Simple_Dual_Port_RAM/avg_out[0]_INST_0_i_5_n_0
    SLICE_X25Y22         CARRY4 (Prop_carry4_CI_O[0])
                                                      0.222     6.161 r  u_Spec_Avg/u_Simple_Dual_Port_RAM/avg_out[4]_INST_0_i_5/O[0]
                         net (fo=1, routed)           0.839     7.000    u_Spec_Avg/u_Simple_Dual_Port_RAM/RESIZE[1]
    SLICE_X27Y17         LUT2 (Prop_lut2_I1_O)        0.299     7.299 r  u_Spec_Avg/u_Simple_Dual_Port_RAM/avg_out[0]_INST_0_i_3/O
                         net (fo=1, routed)           0.000     7.299    u_Spec_Avg/u_Simple_Dual_Port_RAM/avg_out[0]_INST_0_i_3_n_0
    SLICE_X27Y17         CARRY4 (Prop_carry4_S[1]_CO[3])
                                                      0.550     7.849 r  u_Spec_Avg/u_Simple_Dual_Port_RAM/avg_out[0]_INST_0/CO[3]
                         net (fo=1, routed)           0.000     7.849    u_Spec_Avg/u_Simple_Dual_Port_RAM/avg_out[0]_INST_0_n_0
    SLICE_X27Y18         CARRY4 (Prop_carry4_CI_CO[3])
                                                      0.114     7.963 r  u_Spec_Avg/u_Simple_Dual_Port_RAM/avg_out[4]_INST_0/CO[3]
                         net (fo=1, routed)           0.000     7.963    u_Spec_Avg/u_Simple_Dual_Port_RAM/avg_out[4]_INST_0_n_0
    SLICE_X27Y19         CARRY4 (Prop_carry4_CI_CO[3])
                                                      0.114     8.077 r  u_Spec_Avg/u_Simple_Dual_Port_RAM/avg_out[8]_INST_0/CO[3]
                         net (fo=1, routed)           0.000     8.077    u_Spec_Avg/u_Simple_Dual_Port_RAM/avg_out[8]_INST_0_n_0
    SLICE_X27Y20         CARRY4 (Prop_carry4_CI_CO[3])
                                                      0.114     8.191 r  u_Spec_Avg/u_Simple_Dual_Port_RAM/avg_out[12]_INST_0/CO[3]
                         net (fo=1, routed)           0.000     8.191    u_Spec_Avg/u_Simple_Dual_Port_RAM/avg_out[12]_INST_0_n_0
    SLICE_X27Y21         CARRY4 (Prop_carry4_CI_CO[3])
                                                      0.114     8.305 r  u_Spec_Avg/u_Simple_Dual_Port_RAM/avg_out[16]_INST_0/CO[3]
                         net (fo=1, routed)           0.000     8.305    u_Spec_Avg/u_Simple_Dual_Port_RAM/avg_out[16]_INST_0_n_0
    SLICE_X27Y22         CARRY4 (Prop_carry4_CI_CO[3])
                                                      0.114     8.419 r  u_Spec_Avg/u_Simple_Dual_Port_RAM/avg_out[20]_INST_0/CO[3]
                         net (fo=1, routed)           0.000     8.419    u_Spec_Avg/u_Simple_Dual_Port_RAM/avg_out[20]_INST_0_n_0
    SLICE_X27Y23         CARRY4 (Prop_carry4_CI_CO[3])
                                                      0.114     8.533 r  u_Spec_Avg/u_Simple_Dual_Port_RAM/avg_out[24]_INST_0/CO[3]
                         net (fo=1, routed)           0.000     8.533    u_Spec_Avg/u_Simple_Dual_Port_RAM/avg_out[24]_INST_0_n_0
    SLICE_X27Y24         CARRY4 (Prop_carry4_CI_O[3])
                                                      0.313     8.846 r  u_Spec_Avg/u_Simple_Dual_Port_RAM/avg_out[28]_INST_0/O[3]
                         net (fo=1, unset)            0.973     9.819    avg_out[31]
                                                                      r  avg_out[31] (OUT)
  -------------------------------------------------------------------    -------------------

Slack:                    inf
  Source:                 u_Spec_Avg/u_Simple_Dual_Port_RAM/ram_reg_0/CLKBWRCLK
                            (rising edge-triggered cell RAMB36E1 clocked by MWCLK  {rise@0.000ns fall@8.333ns period=16.667ns})
  Destination:            avg_out[30]
                            (output port)
  Path Group:             (none)
  Path Type:              Max at Slow Process Corner
  Data Path Delay:        8.772ns  (logic 5.332ns (60.783%)  route 3.440ns (39.217%))
  Logic Levels:           14  (CARRY4=12 LUT2=2)
  Clock Uncertainty:      0.025ns  ((TSJ^2 + TIJ^2)^1/2 + DJ) / 2 + PE
    Total System Jitter     (TSJ):    0.050ns
    Total Input Jitter      (TIJ):    0.000ns
    Discrete Jitter          (DJ):    0.000ns
    Phase Error              (PE):    0.000ns

    Location             Delay type                Incr(ns)  Path(ns)    Netlist Resource(s)
  -------------------------------------------------------------------    -------------------
                         (clock MWCLK rise edge)      0.000     0.000 r  
                                                      0.000     0.000 r  clk (IN)
                         net (fo=29022, unset)        0.973     0.973    u_Spec_Avg/u_Simple_Dual_Port_RAM/clk
    RAMB36_X2Y2          RAMB36E1                                     r  u_Spec_Avg/u_Simple_Dual_Port_RAM/ram_reg_0/CLKBWRCLK
  -------------------------------------------------------------------    -------------------
    RAMB36_X2Y2          RAMB36E1 (Prop_ramb36e1_CLKBWRCLK_DOBDO[0])
                                                      2.454     3.427 r  u_Spec_Avg/u_Simple_Dual_Port_RAM/ram_reg_0/DOBDO[0]
                         net (fo=1, routed)           1.628     5.055    u_Spec_Avg/u_Simple_Dual_Port_RAM/Simple_Dual_Port_RAM_out1[0]
    SLICE_X25Y19         LUT2 (Prop_lut2_I1_O)        0.124     5.179 r  u_Spec_Avg/u_Simple_Dual_Port_RAM/avg_out[0]_INST_0_i_19/O
                         net (fo=1, routed)           0.000     5.179    u_Spec_Avg/u_Simple_Dual_Port_RAM/avg_out[0]_INST_0_i_19_n_0
    SLICE_X25Y19         CARRY4 (Prop_carry4_S[0]_CO[3])
                                                      0.532     5.711 r  u_Spec_Avg/u_Simple_Dual_Port_RAM/avg_out[0]_INST_0_i_11/CO[3]
                         net (fo=1, routed)           0.000     5.711    u_Spec_Avg/u_Simple_Dual_Port_RAM/avg_out[0]_INST_0_i_11_n_0
    SLICE_X25Y20         CARRY4 (Prop_carry4_CI_CO[3])
                                                      0.114     5.825 r  u_Spec_Avg/u_Simple_Dual_Port_RAM/avg_out[0]_INST_0_i_6/CO[3]
                         net (fo=1, routed)           0.000     5.825    u_Spec_Avg/u_Simple_Dual_Port_RAM/avg_out[0]_INST_0_i_6_n_0
    SLICE_X25Y21         CARRY4 (Prop_carry4_CI_CO[3])
                                                      0.114     5.939 r  u_Spec_Avg/u_Simple_Dual_Port_RAM/avg_out[0]_INST_0_i_5/CO[3]
                         net (fo=1, routed)           0.000     5.939    u_Spec_Avg/u_Simple_Dual_Port_RAM/avg_out[0]_INST_0_i_5_n_0
    SLICE_X25Y22         CARRY4 (Prop_carry4_CI_O[0])
                                                      0.222     6.161 r  u_Spec_Avg/u_Simple_Dual_Port_RAM/avg_out[4]_INST_0_i_5/O[0]
                         net (fo=1, routed)           0.839     7.000    u_Spec_Avg/u_Simple_Dual_Port_RAM/RESIZE[1]
    SLICE_X27Y17         LUT2 (Prop_lut2_I1_O)        0.299     7.299 r  u_Spec_Avg/u_Simple_Dual_Port_RAM/avg_out[0]_INST_0_i_3/O
                         net (fo=1, routed)           0.000     7.299    u_Spec_Avg/u_Simple_Dual_Port_RAM/avg_out[0]_INST_0_i_3_n_0
    SLICE_X27Y17         CARRY4 (Prop_carry4_S[1]_CO[3])
                                                      0.550     7.849 r  u_Spec_Avg/u_Simple_Dual_Port_RAM/avg_out[0]_INST_0/CO[3]
                         net (fo=1, routed)           0.000     7.849    u_Spec_Avg/u_Simple_Dual_Port_RAM/avg_out[0]_INST_0_n_0
    SLICE_X27Y18         CARRY4 (Prop_carry4_CI_CO[3])
                                                      0.114     7.963 r  u_Spec_Avg/u_Simple_Dual_Port_RAM/avg_out[4]_INST_0/CO[3]
                         net (fo=1, routed)           0.000     7.963    u_Spec_Avg/u_Simple_Dual_Port_RAM/avg_out[4]_INST_0_n_0
    SLICE_X27Y19         CARRY4 (Prop_carry4_CI_CO[3])
                                                      0.114     8.077 r  u_Spec_Avg/u_Simple_Dual_Port_RAM/avg_out[8]_INST_0/CO[3]
                         net (fo=1, routed)           0.000     8.077    u_Spec_Avg/u_Simple_Dual_Port_RAM/avg_out[8]_INST_0_n_0
    SLICE_X27Y20         CARRY4 (Prop_carry4_CI_CO[3])
                                                      0.114     8.191 r  u_Spec_Avg/u_Simple_Dual_Port_RAM/avg_out[12]_INST_0/CO[3]
                         net (fo=1, routed)           0.000     8.191    u_Spec_Avg/u_Simple_Dual_Port_RAM/avg_out[12]_INST_0_n_0
    SLICE_X27Y21         CARRY4 (Prop_carry4_CI_CO[3])
                                                      0.114     8.305 r  u_Spec_Avg/u_Simple_Dual_Port_RAM/avg_out[16]_INST_0/CO[3]
                         net (fo=1, routed)           0.000     8.305    u_Spec_Avg/u_Simple_Dual_Port_RAM/avg_out[16]_INST_0_n_0
    SLICE_X27Y22         CARRY4 (Prop_carry4_CI_CO[3])
                                                      0.114     8.419 r  u_Spec_Avg/u_Simple_Dual_Port_RAM/avg_out[20]_INST_0/CO[3]
                         net (fo=1, routed)           0.000     8.419    u_Spec_Avg/u_Simple_Dual_Port_RAM/avg_out[20]_INST_0_n_0
    SLICE_X27Y23         CARRY4 (Prop_carry4_CI_CO[3])
                                                      0.114     8.533 r  u_Spec_Avg/u_Simple_Dual_Port_RAM/avg_out[24]_INST_0/CO[3]
                         net (fo=1, routed)           0.000     8.533    u_Spec_Avg/u_Simple_Dual_Port_RAM/avg_out[24]_INST_0_n_0
    SLICE_X27Y24         CARRY4 (Prop_carry4_CI_O[2])
                                                      0.239     8.772 r  u_Spec_Avg/u_Simple_Dual_Port_RAM/avg_out[28]_INST_0/O[2]
                         net (fo=1, unset)            0.973     9.745    avg_out[30]
                                                                      r  avg_out[30] (OUT)
  -------------------------------------------------------------------    -------------------

Slack:                    inf
  Source:                 u_Spec_Avg/u_Simple_Dual_Port_RAM/ram_reg_0/CLKBWRCLK
                            (rising edge-triggered cell RAMB36E1 clocked by MWCLK  {rise@0.000ns fall@8.333ns period=16.667ns})
  Destination:            avg_out[28]
                            (output port)
  Path Group:             (none)
  Path Type:              Max at Slow Process Corner
  Data Path Delay:        8.755ns  (logic 5.315ns (60.707%)  route 3.440ns (39.293%))
  Logic Levels:           14  (CARRY4=12 LUT2=2)
  Clock Uncertainty:      0.025ns  ((TSJ^2 + TIJ^2)^1/2 + DJ) / 2 + PE
    Total System Jitter     (TSJ):    0.050ns
    Total Input Jitter      (TIJ):    0.000ns
    Discrete Jitter          (DJ):    0.000ns
    Phase Error              (PE):    0.000ns

    Location             Delay type                Incr(ns)  Path(ns)    Netlist Resource(s)
  -------------------------------------------------------------------    -------------------
                         (clock MWCLK rise edge)      0.000     0.000 r  
                                                      0.000     0.000 r  clk (IN)
                         net (fo=29022, unset)        0.973     0.973    u_Spec_Avg/u_Simple_Dual_Port_RAM/clk
    RAMB36_X2Y2          RAMB36E1                                     r  u_Spec_Avg/u_Simple_Dual_Port_RAM/ram_reg_0/CLKBWRCLK
  -------------------------------------------------------------------    -------------------
    RAMB36_X2Y2          RAMB36E1 (Prop_ramb36e1_CLKBWRCLK_DOBDO[0])
                                                      2.454     3.427 r  u_Spec_Avg/u_Simple_Dual_Port_RAM/ram_reg_0/DOBDO[0]
                         net (fo=1, routed)           1.628     5.055    u_Spec_Avg/u_Simple_Dual_Port_RAM/Simple_Dual_Port_RAM_out1[0]
    SLICE_X25Y19         LUT2 (Prop_lut2_I1_O)        0.124     5.179 r  u_Spec_Avg/u_Simple_Dual_Port_RAM/avg_out[0]_INST_0_i_19/O
                         net (fo=1, routed)           0.000     5.179    u_Spec_Avg/u_Simple_Dual_Port_RAM/avg_out[0]_INST_0_i_19_n_0
    SLICE_X25Y19         CARRY4 (Prop_carry4_S[0]_CO[3])
                                                      0.532     5.711 r  u_Spec_Avg/u_Simple_Dual_Port_RAM/avg_out[0]_INST_0_i_11/CO[3]
                         net (fo=1, routed)           0.000     5.711    u_Spec_Avg/u_Simple_Dual_Port_RAM/avg_out[0]_INST_0_i_11_n_0
    SLICE_X25Y20         CARRY4 (Prop_carry4_CI_CO[3])
                                                      0.114     5.825 r  u_Spec_Avg/u_Simple_Dual_Port_RAM/avg_out[0]_INST_0_i_6/CO[3]
                         net (fo=1, routed)           0.000     5.825    u_Spec_Avg/u_Simple_Dual_Port_RAM/avg_out[0]_INST_0_i_6_n_0
    SLICE_X25Y21         CARRY4 (Prop_carry4_CI_CO[3])
                                                      0.114     5.939 r  u_Spec_Avg/u_Simple_Dual_Port_RAM/avg_out[0]_INST_0_i_5/CO[3]
                         net (fo=1, routed)           0.000     5.939    u_Spec_Avg/u_Simple_Dual_Port_RAM/avg_out[0]_INST_0_i_5_n_0
    SLICE_X25Y22         CARRY4 (Prop_carry4_CI_O[0])
                                                      0.222     6.161 r  u_Spec_Avg/u_Simple_Dual_Port_RAM/avg_out[4]_INST_0_i_5/O[0]
                         net (fo=1, routed)           0.839     7.000    u_Spec_Avg/u_Simple_Dual_Port_RAM/RESIZE[1]
    SLICE_X27Y17         LUT2 (Prop_lut2_I1_O)        0.299     7.299 r  u_Spec_Avg/u_Simple_Dual_Port_RAM/avg_out[0]_INST_0_i_3/O
                         net (fo=1, routed)           0.000     7.299    u_Spec_Avg/u_Simple_Dual_Port_RAM/avg_out[0]_INST_0_i_3_n_0
    SLICE_X27Y17         CARRY4 (Prop_carry4_S[1]_CO[3])
                                                      0.550     7.849 r  u_Spec_Avg/u_Simple_Dual_Port_RAM/avg_out[0]_INST_0/CO[3]
                         net (fo=1, routed)           0.000     7.849    u_Spec_Avg/u_Simple_Dual_Port_RAM/avg_out[0]_INST_0_n_0
    SLICE_X27Y18         CARRY4 (Prop_carry4_CI_CO[3])
                                                      0.114     7.963 r  u_Spec_Avg/u_Simple_Dual_Port_RAM/avg_out[4]_INST_0/CO[3]
                         net (fo=1, routed)           0.000     7.963    u_Spec_Avg/u_Simple_Dual_Port_RAM/avg_out[4]_INST_0_n_0
    SLICE_X27Y19         CARRY4 (Prop_carry4_CI_CO[3])
                                                      0.114     8.077 r  u_Spec_Avg/u_Simple_Dual_Port_RAM/avg_out[8]_INST_0/CO[3]
                         net (fo=1, routed)           0.000     8.077    u_Spec_Avg/u_Simple_Dual_Port_RAM/avg_out[8]_INST_0_n_0
    SLICE_X27Y20         CARRY4 (Prop_carry4_CI_CO[3])
                                                      0.114     8.191 r  u_Spec_Avg/u_Simple_Dual_Port_RAM/avg_out[12]_INST_0/CO[3]
                         net (fo=1, routed)           0.000     8.191    u_Spec_Avg/u_Simple_Dual_Port_RAM/avg_out[12]_INST_0_n_0
    SLICE_X27Y21         CARRY4 (Prop_carry4_CI_CO[3])
                                                      0.114     8.305 r  u_Spec_Avg/u_Simple_Dual_Port_RAM/avg_out[16]_INST_0/CO[3]
                         net (fo=1, routed)           0.000     8.305    u_Spec_Avg/u_Simple_Dual_Port_RAM/avg_out[16]_INST_0_n_0
    SLICE_X27Y22         CARRY4 (Prop_carry4_CI_CO[3])
                                                      0.114     8.419 r  u_Spec_Avg/u_Simple_Dual_Port_RAM/avg_out[20]_INST_0/CO[3]
                         net (fo=1, routed)           0.000     8.419    u_Spec_Avg/u_Simple_Dual_Port_RAM/avg_out[20]_INST_0_n_0
    SLICE_X27Y23         CARRY4 (Prop_carry4_CI_CO[3])
                                                      0.114     8.533 r  u_Spec_Avg/u_Simple_Dual_Port_RAM/avg_out[24]_INST_0/CO[3]
                         net (fo=1, routed)           0.000     8.533    u_Spec_Avg/u_Simple_Dual_Port_RAM/avg_out[24]_INST_0_n_0
    SLICE_X27Y24         CARRY4 (Prop_carry4_CI_O[0])
                                                      0.222     8.755 r  u_Spec_Avg/u_Simple_Dual_Port_RAM/avg_out[28]_INST_0/O[0]
                         net (fo=1, unset)            0.973     9.728    avg_out[28]
                                                                      r  avg_out[28] (OUT)
  -------------------------------------------------------------------    -------------------

Slack:                    inf
  Source:                 u_Spec_Avg/u_Simple_Dual_Port_RAM/ram_reg_0/CLKBWRCLK
                            (rising edge-triggered cell RAMB36E1 clocked by MWCLK  {rise@0.000ns fall@8.333ns period=16.667ns})
  Destination:            avg_out[25]
                            (output port)
  Path Group:             (none)
  Path Type:              Max at Slow Process Corner
  Data Path Delay:        8.753ns  (logic 5.313ns (60.698%)  route 3.440ns (39.302%))
  Logic Levels:           13  (CARRY4=11 LUT2=2)
  Clock Uncertainty:      0.025ns  ((TSJ^2 + TIJ^2)^1/2 + DJ) / 2 + PE
    Total System Jitter     (TSJ):    0.050ns
    Total Input Jitter      (TIJ):    0.000ns
    Discrete Jitter          (DJ):    0.000ns
    Phase Error              (PE):    0.000ns

    Location             Delay type                Incr(ns)  Path(ns)    Netlist Resource(s)
  -------------------------------------------------------------------    -------------------
                         (clock MWCLK rise edge)      0.000     0.000 r  
                                                      0.000     0.000 r  clk (IN)
                         net (fo=29022, unset)        0.973     0.973    u_Spec_Avg/u_Simple_Dual_Port_RAM/clk
    RAMB36_X2Y2          RAMB36E1                                     r  u_Spec_Avg/u_Simple_Dual_Port_RAM/ram_reg_0/CLKBWRCLK
  -------------------------------------------------------------------    -------------------
    RAMB36_X2Y2          RAMB36E1 (Prop_ramb36e1_CLKBWRCLK_DOBDO[0])
                                                      2.454     3.427 r  u_Spec_Avg/u_Simple_Dual_Port_RAM/ram_reg_0/DOBDO[0]
                         net (fo=1, routed)           1.628     5.055    u_Spec_Avg/u_Simple_Dual_Port_RAM/Simple_Dual_Port_RAM_out1[0]
    SLICE_X25Y19         LUT2 (Prop_lut2_I1_O)        0.124     5.179 r  u_Spec_Avg/u_Simple_Dual_Port_RAM/avg_out[0]_INST_0_i_19/O
                         net (fo=1, routed)           0.000     5.179    u_Spec_Avg/u_Simple_Dual_Port_RAM/avg_out[0]_INST_0_i_19_n_0
    SLICE_X25Y19         CARRY4 (Prop_carry4_S[0]_CO[3])
                                                      0.532     5.711 r  u_Spec_Avg/u_Simple_Dual_Port_RAM/avg_out[0]_INST_0_i_11/CO[3]
                         net (fo=1, routed)           0.000     5.711    u_Spec_Avg/u_Simple_Dual_Port_RAM/avg_out[0]_INST_0_i_11_n_0
    SLICE_X25Y20         CARRY4 (Prop_carry4_CI_CO[3])
                                                      0.114     5.825 r  u_Spec_Avg/u_Simple_Dual_Port_RAM/avg_out[0]_INST_0_i_6/CO[3]
                         net (fo=1, routed)           0.000     5.825    u_Spec_Avg/u_Simple_Dual_Port_RAM/avg_out[0]_INST_0_i_6_n_0
    SLICE_X25Y21         CARRY4 (Prop_carry4_CI_CO[3])
                                                      0.114     5.939 r  u_Spec_Avg/u_Simple_Dual_Port_RAM/avg_out[0]_INST_0_i_5/CO[3]
                         net (fo=1, routed)           0.000     5.939    u_Spec_Avg/u_Simple_Dual_Port_RAM/avg_out[0]_INST_0_i_5_n_0
    SLICE_X25Y22         CARRY4 (Prop_carry4_CI_O[0])
                                                      0.222     6.161 r  u_Spec_Avg/u_Simple_Dual_Port_RAM/avg_out[4]_INST_0_i_5/O[0]
                         net (fo=1, routed)           0.839     7.000    u_Spec_Avg/u_Simple_Dual_Port_RAM/RESIZE[1]
    SLICE_X27Y17         LUT2 (Prop_lut2_I1_O)        0.299     7.299 r  u_Spec_Avg/u_Simple_Dual_Port_RAM/avg_out[0]_INST_0_i_3/O
                         net (fo=1, routed)           0.000     7.299    u_Spec_Avg/u_Simple_Dual_Port_RAM/avg_out[0]_INST_0_i_3_n_0
    SLICE_X27Y17         CARRY4 (Prop_carry4_S[1]_CO[3])
                                                      0.550     7.849 r  u_Spec_Avg/u_Simple_Dual_Port_RAM/avg_out[0]_INST_0/CO[3]
                         net (fo=1, routed)           0.000     7.849    u_Spec_Avg/u_Simple_Dual_Port_RAM/avg_out[0]_INST_0_n_0
    SLICE_X27Y18         CARRY4 (Prop_carry4_CI_CO[3])
                                                      0.114     7.963 r  u_Spec_Avg/u_Simple_Dual_Port_RAM/avg_out[4]_INST_0/CO[3]
                         net (fo=1, routed)           0.000     7.963    u_Spec_Avg/u_Simple_Dual_Port_RAM/avg_out[4]_INST_0_n_0
    SLICE_X27Y19         CARRY4 (Prop_carry4_CI_CO[3])
                                                      0.114     8.077 r  u_Spec_Avg/u_Simple_Dual_Port_RAM/avg_out[8]_INST_0/CO[3]
                         net (fo=1, routed)           0.000     8.077    u_Spec_Avg/u_Simple_Dual_Port_RAM/avg_out[8]_INST_0_n_0
    SLICE_X27Y20         CARRY4 (Prop_carry4_CI_CO[3])
                                                      0.114     8.191 r  u_Spec_Avg/u_Simple_Dual_Port_RAM/avg_out[12]_INST_0/CO[3]
                         net (fo=1, routed)           0.000     8.191    u_Spec_Avg/u_Simple_Dual_Port_RAM/avg_out[12]_INST_0_n_0
    SLICE_X27Y21         CARRY4 (Prop_carry4_CI_CO[3])
                                                      0.114     8.305 r  u_Spec_Avg/u_Simple_Dual_Port_RAM/avg_out[16]_INST_0/CO[3]
                         net (fo=1, routed)           0.000     8.305    u_Spec_Avg/u_Simple_Dual_Port_RAM/avg_out[16]_INST_0_n_0
    SLICE_X27Y22         CARRY4 (Prop_carry4_CI_CO[3])
                                                      0.114     8.419 r  u_Spec_Avg/u_Simple_Dual_Port_RAM/avg_out[20]_INST_0/CO[3]
                         net (fo=1, routed)           0.000     8.419    u_Spec_Avg/u_Simple_Dual_Port_RAM/avg_out[20]_INST_0_n_0
    SLICE_X27Y23         CARRY4 (Prop_carry4_CI_O[1])
                                                      0.334     8.753 r  u_Spec_Avg/u_Simple_Dual_Port_RAM/avg_out[24]_INST_0/O[1]
                         net (fo=1, unset)            0.973     9.726    avg_out[25]
                                                                      r  avg_out[25] (OUT)
  -------------------------------------------------------------------    -------------------

Slack:                    inf
  Source:                 u_Spec_Avg/u_Simple_Dual_Port_RAM/ram_reg_0/CLKBWRCLK
                            (rising edge-triggered cell RAMB36E1 clocked by MWCLK  {rise@0.000ns fall@8.333ns period=16.667ns})
  Destination:            avg_out[27]
                            (output port)
  Path Group:             (none)
  Path Type:              Max at Slow Process Corner
  Data Path Delay:        8.732ns  (logic 5.292ns (60.604%)  route 3.440ns (39.396%))
  Logic Levels:           13  (CARRY4=11 LUT2=2)
  Clock Uncertainty:      0.025ns  ((TSJ^2 + TIJ^2)^1/2 + DJ) / 2 + PE
    Total System Jitter     (TSJ):    0.050ns
    Total Input Jitter      (TIJ):    0.000ns
    Discrete Jitter          (DJ):    0.000ns
    Phase Error              (PE):    0.000ns

    Location             Delay type                Incr(ns)  Path(ns)    Netlist Resource(s)
  -------------------------------------------------------------------    -------------------
                         (clock MWCLK rise edge)      0.000     0.000 r  
                                                      0.000     0.000 r  clk (IN)
                         net (fo=29022, unset)        0.973     0.973    u_Spec_Avg/u_Simple_Dual_Port_RAM/clk
    RAMB36_X2Y2          RAMB36E1                                     r  u_Spec_Avg/u_Simple_Dual_Port_RAM/ram_reg_0/CLKBWRCLK
  -------------------------------------------------------------------    -------------------
    RAMB36_X2Y2          RAMB36E1 (Prop_ramb36e1_CLKBWRCLK_DOBDO[0])
                                                      2.454     3.427 r  u_Spec_Avg/u_Simple_Dual_Port_RAM/ram_reg_0/DOBDO[0]
                         net (fo=1, routed)           1.628     5.055    u_Spec_Avg/u_Simple_Dual_Port_RAM/Simple_Dual_Port_RAM_out1[0]
    SLICE_X25Y19         LUT2 (Prop_lut2_I1_O)        0.124     5.179 r  u_Spec_Avg/u_Simple_Dual_Port_RAM/avg_out[0]_INST_0_i_19/O
                         net (fo=1, routed)           0.000     5.179    u_Spec_Avg/u_Simple_Dual_Port_RAM/avg_out[0]_INST_0_i_19_n_0
    SLICE_X25Y19         CARRY4 (Prop_carry4_S[0]_CO[3])
                                                      0.532     5.711 r  u_Spec_Avg/u_Simple_Dual_Port_RAM/avg_out[0]_INST_0_i_11/CO[3]
                         net (fo=1, routed)           0.000     5.711    u_Spec_Avg/u_Simple_Dual_Port_RAM/avg_out[0]_INST_0_i_11_n_0
    SLICE_X25Y20         CARRY4 (Prop_carry4_CI_CO[3])
                                                      0.114     5.825 r  u_Spec_Avg/u_Simple_Dual_Port_RAM/avg_out[0]_INST_0_i_6/CO[3]
                         net (fo=1, routed)           0.000     5.825    u_Spec_Avg/u_Simple_Dual_Port_RAM/avg_out[0]_INST_0_i_6_n_0
    SLICE_X25Y21         CARRY4 (Prop_carry4_CI_CO[3])
                                                      0.114     5.939 r  u_Spec_Avg/u_Simple_Dual_Port_RAM/avg_out[0]_INST_0_i_5/CO[3]
                         net (fo=1, routed)           0.000     5.939    u_Spec_Avg/u_Simple_Dual_Port_RAM/avg_out[0]_INST_0_i_5_n_0
    SLICE_X25Y22         CARRY4 (Prop_carry4_CI_O[0])
                                                      0.222     6.161 r  u_Spec_Avg/u_Simple_Dual_Port_RAM/avg_out[4]_INST_0_i_5/O[0]
                         net (fo=1, routed)           0.839     7.000    u_Spec_Avg/u_Simple_Dual_Port_RAM/RESIZE[1]
    SLICE_X27Y17         LUT2 (Prop_lut2_I1_O)        0.299     7.299 r  u_Spec_Avg/u_Simple_Dual_Port_RAM/avg_out[0]_INST_0_i_3/O
                         net (fo=1, routed)           0.000     7.299    u_Spec_Avg/u_Simple_Dual_Port_RAM/avg_out[0]_INST_0_i_3_n_0
    SLICE_X27Y17         CARRY4 (Prop_carry4_S[1]_CO[3])
                                                      0.550     7.849 r  u_Spec_Avg/u_Simple_Dual_Port_RAM/avg_out[0]_INST_0/CO[3]
                         net (fo=1, routed)           0.000     7.849    u_Spec_Avg/u_Simple_Dual_Port_RAM/avg_out[0]_INST_0_n_0
    SLICE_X27Y18         CARRY4 (Prop_carry4_CI_CO[3])
                                                      0.114     7.963 r  u_Spec_Avg/u_Simple_Dual_Port_RAM/avg_out[4]_INST_0/CO[3]
                         net (fo=1, routed)           0.000     7.963    u_Spec_Avg/u_Simple_Dual_Port_RAM/avg_out[4]_INST_0_n_0
    SLICE_X27Y19         CARRY4 (Prop_carry4_CI_CO[3])
                                                      0.114     8.077 r  u_Spec_Avg/u_Simple_Dual_Port_RAM/avg_out[8]_INST_0/CO[3]
                         net (fo=1, routed)           0.000     8.077    u_Spec_Avg/u_Simple_Dual_Port_RAM/avg_out[8]_INST_0_n_0
    SLICE_X27Y20         CARRY4 (Prop_carry4_CI_CO[3])
                                                      0.114     8.191 r  u_Spec_Avg/u_Simple_Dual_Port_RAM/avg_out[12]_INST_0/CO[3]
                         net (fo=1, routed)           0.000     8.191    u_Spec_Avg/u_Simple_Dual_Port_RAM/avg_out[12]_INST_0_n_0
    SLICE_X27Y21         CARRY4 (Prop_carry4_CI_CO[3])
                                                      0.114     8.305 r  u_Spec_Avg/u_Simple_Dual_Port_RAM/avg_out[16]_INST_0/CO[3]
                         net (fo=1, routed)           0.000     8.305    u_Spec_Avg/u_Simple_Dual_Port_RAM/avg_out[16]_INST_0_n_0
    SLICE_X27Y22         CARRY4 (Prop_carry4_CI_CO[3])
                                                      0.114     8.419 r  u_Spec_Avg/u_Simple_Dual_Port_RAM/avg_out[20]_INST_0/CO[3]
                         net (fo=1, routed)           0.000     8.419    u_Spec_Avg/u_Simple_Dual_Port_RAM/avg_out[20]_INST_0_n_0
    SLICE_X27Y23         CARRY4 (Prop_carry4_CI_O[3])
                                                      0.313     8.732 r  u_Spec_Avg/u_Simple_Dual_Port_RAM/avg_out[24]_INST_0/O[3]
                         net (fo=1, unset)            0.973     9.705    avg_out[27]
                                                                      r  avg_out[27] (OUT)
  -------------------------------------------------------------------    -------------------

Slack:                    inf
  Source:                 u_Spec_Avg/u_Simple_Dual_Port_RAM/ram_reg_0/CLKBWRCLK
                            (rising edge-triggered cell RAMB36E1 clocked by MWCLK  {rise@0.000ns fall@8.333ns period=16.667ns})
  Destination:            avg_out[26]
                            (output port)
  Path Group:             (none)
  Path Type:              Max at Slow Process Corner
  Data Path Delay:        8.658ns  (logic 5.218ns (60.267%)  route 3.440ns (39.733%))
  Logic Levels:           13  (CARRY4=11 LUT2=2)
  Clock Uncertainty:      0.025ns  ((TSJ^2 + TIJ^2)^1/2 + DJ) / 2 + PE
    Total System Jitter     (TSJ):    0.050ns
    Total Input Jitter      (TIJ):    0.000ns
    Discrete Jitter          (DJ):    0.000ns
    Phase Error              (PE):    0.000ns

    Location             Delay type                Incr(ns)  Path(ns)    Netlist Resource(s)
  -------------------------------------------------------------------    -------------------
                         (clock MWCLK rise edge)      0.000     0.000 r  
                                                      0.000     0.000 r  clk (IN)
                         net (fo=29022, unset)        0.973     0.973    u_Spec_Avg/u_Simple_Dual_Port_RAM/clk
    RAMB36_X2Y2          RAMB36E1                                     r  u_Spec_Avg/u_Simple_Dual_Port_RAM/ram_reg_0/CLKBWRCLK
  -------------------------------------------------------------------    -------------------
    RAMB36_X2Y2          RAMB36E1 (Prop_ramb36e1_CLKBWRCLK_DOBDO[0])
                                                      2.454     3.427 r  u_Spec_Avg/u_Simple_Dual_Port_RAM/ram_reg_0/DOBDO[0]
                         net (fo=1, routed)           1.628     5.055    u_Spec_Avg/u_Simple_Dual_Port_RAM/Simple_Dual_Port_RAM_out1[0]
    SLICE_X25Y19         LUT2 (Prop_lut2_I1_O)        0.124     5.179 r  u_Spec_Avg/u_Simple_Dual_Port_RAM/avg_out[0]_INST_0_i_19/O
                         net (fo=1, routed)           0.000     5.179    u_Spec_Avg/u_Simple_Dual_Port_RAM/avg_out[0]_INST_0_i_19_n_0
    SLICE_X25Y19         CARRY4 (Prop_carry4_S[0]_CO[3])
                                                      0.532     5.711 r  u_Spec_Avg/u_Simple_Dual_Port_RAM/avg_out[0]_INST_0_i_11/CO[3]
                         net (fo=1, routed)           0.000     5.711    u_Spec_Avg/u_Simple_Dual_Port_RAM/avg_out[0]_INST_0_i_11_n_0
    SLICE_X25Y20         CARRY4 (Prop_carry4_CI_CO[3])
                                                      0.114     5.825 r  u_Spec_Avg/u_Simple_Dual_Port_RAM/avg_out[0]_INST_0_i_6/CO[3]
                         net (fo=1, routed)           0.000     5.825    u_Spec_Avg/u_Simple_Dual_Port_RAM/avg_out[0]_INST_0_i_6_n_0
    SLICE_X25Y21         CARRY4 (Prop_carry4_CI_CO[3])
                                                      0.114     5.939 r  u_Spec_Avg/u_Simple_Dual_Port_RAM/avg_out[0]_INST_0_i_5/CO[3]
                         net (fo=1, routed)           0.000     5.939    u_Spec_Avg/u_Simple_Dual_Port_RAM/avg_out[0]_INST_0_i_5_n_0
    SLICE_X25Y22         CARRY4 (Prop_carry4_CI_O[0])
                                                      0.222     6.161 r  u_Spec_Avg/u_Simple_Dual_Port_RAM/avg_out[4]_INST_0_i_5/O[0]
                         net (fo=1, routed)           0.839     7.000    u_Spec_Avg/u_Simple_Dual_Port_RAM/RESIZE[1]
    SLICE_X27Y17         LUT2 (Prop_lut2_I1_O)        0.299     7.299 r  u_Spec_Avg/u_Simple_Dual_Port_RAM/avg_out[0]_INST_0_i_3/O
                         net (fo=1, routed)           0.000     7.299    u_Spec_Avg/u_Simple_Dual_Port_RAM/avg_out[0]_INST_0_i_3_n_0
    SLICE_X27Y17         CARRY4 (Prop_carry4_S[1]_CO[3])
                                                      0.550     7.849 r  u_Spec_Avg/u_Simple_Dual_Port_RAM/avg_out[0]_INST_0/CO[3]
                         net (fo=1, routed)           0.000     7.849    u_Spec_Avg/u_Simple_Dual_Port_RAM/avg_out[0]_INST_0_n_0
    SLICE_X27Y18         CARRY4 (Prop_carry4_CI_CO[3])
                                                      0.114     7.963 r  u_Spec_Avg/u_Simple_Dual_Port_RAM/avg_out[4]_INST_0/CO[3]
                         net (fo=1, routed)           0.000     7.963    u_Spec_Avg/u_Simple_Dual_Port_RAM/avg_out[4]_INST_0_n_0
    SLICE_X27Y19         CARRY4 (Prop_carry4_CI_CO[3])
                                                      0.114     8.077 r  u_Spec_Avg/u_Simple_Dual_Port_RAM/avg_out[8]_INST_0/CO[3]
                         net (fo=1, routed)           0.000     8.077    u_Spec_Avg/u_Simple_Dual_Port_RAM/avg_out[8]_INST_0_n_0
    SLICE_X27Y20         CARRY4 (Prop_carry4_CI_CO[3])
                                                      0.114     8.191 r  u_Spec_Avg/u_Simple_Dual_Port_RAM/avg_out[12]_INST_0/CO[3]
                         net (fo=1, routed)           0.000     8.191    u_Spec_Avg/u_Simple_Dual_Port_RAM/avg_out[12]_INST_0_n_0
    SLICE_X27Y21         CARRY4 (Prop_carry4_CI_CO[3])
                                                      0.114     8.305 r  u_Spec_Avg/u_Simple_Dual_Port_RAM/avg_out[16]_INST_0/CO[3]
                         net (fo=1, routed)           0.000     8.305    u_Spec_Avg/u_Simple_Dual_Port_RAM/avg_out[16]_INST_0_n_0
    SLICE_X27Y22         CARRY4 (Prop_carry4_CI_CO[3])
                                                      0.114     8.419 r  u_Spec_Avg/u_Simple_Dual_Port_RAM/avg_out[20]_INST_0/CO[3]
                         net (fo=1, routed)           0.000     8.419    u_Spec_Avg/u_Simple_Dual_Port_RAM/avg_out[20]_INST_0_n_0
    SLICE_X27Y23         CARRY4 (Prop_carry4_CI_O[2])
                                                      0.239     8.658 r  u_Spec_Avg/u_Simple_Dual_Port_RAM/avg_out[24]_INST_0/O[2]
                         net (fo=1, unset)            0.973     9.631    avg_out[26]
                                                                      r  avg_out[26] (OUT)
  -------------------------------------------------------------------    -------------------

Slack:                    inf
  Source:                 u_Spec_Avg/u_Simple_Dual_Port_RAM/ram_reg_0/CLKBWRCLK
                            (rising edge-triggered cell RAMB36E1 clocked by MWCLK  {rise@0.000ns fall@8.333ns period=16.667ns})
  Destination:            avg_out[24]
                            (output port)
  Path Group:             (none)
  Path Type:              Max at Slow Process Corner
  Data Path Delay:        8.641ns  (logic 5.201ns (60.189%)  route 3.440ns (39.811%))
  Logic Levels:           13  (CARRY4=11 LUT2=2)
  Clock Uncertainty:      0.025ns  ((TSJ^2 + TIJ^2)^1/2 + DJ) / 2 + PE
    Total System Jitter     (TSJ):    0.050ns
    Total Input Jitter      (TIJ):    0.000ns
    Discrete Jitter          (DJ):    0.000ns
    Phase Error              (PE):    0.000ns

    Location             Delay type                Incr(ns)  Path(ns)    Netlist Resource(s)
  -------------------------------------------------------------------    -------------------
                         (clock MWCLK rise edge)      0.000     0.000 r  
                                                      0.000     0.000 r  clk (IN)
                         net (fo=29022, unset)        0.973     0.973    u_Spec_Avg/u_Simple_Dual_Port_RAM/clk
    RAMB36_X2Y2          RAMB36E1                                     r  u_Spec_Avg/u_Simple_Dual_Port_RAM/ram_reg_0/CLKBWRCLK
  -------------------------------------------------------------------    -------------------
    RAMB36_X2Y2          RAMB36E1 (Prop_ramb36e1_CLKBWRCLK_DOBDO[0])
                                                      2.454     3.427 r  u_Spec_Avg/u_Simple_Dual_Port_RAM/ram_reg_0/DOBDO[0]
                         net (fo=1, routed)           1.628     5.055    u_Spec_Avg/u_Simple_Dual_Port_RAM/Simple_Dual_Port_RAM_out1[0]
    SLICE_X25Y19         LUT2 (Prop_lut2_I1_O)        0.124     5.179 r  u_Spec_Avg/u_Simple_Dual_Port_RAM/avg_out[0]_INST_0_i_19/O
                         net (fo=1, routed)           0.000     5.179    u_Spec_Avg/u_Simple_Dual_Port_RAM/avg_out[0]_INST_0_i_19_n_0
    SLICE_X25Y19         CARRY4 (Prop_carry4_S[0]_CO[3])
                                                      0.532     5.711 r  u_Spec_Avg/u_Simple_Dual_Port_RAM/avg_out[0]_INST_0_i_11/CO[3]
                         net (fo=1, routed)           0.000     5.711    u_Spec_Avg/u_Simple_Dual_Port_RAM/avg_out[0]_INST_0_i_11_n_0
    SLICE_X25Y20         CARRY4 (Prop_carry4_CI_CO[3])
                                                      0.114     5.825 r  u_Spec_Avg/u_Simple_Dual_Port_RAM/avg_out[0]_INST_0_i_6/CO[3]
                         net (fo=1, routed)           0.000     5.825    u_Spec_Avg/u_Simple_Dual_Port_RAM/avg_out[0]_INST_0_i_6_n_0
    SLICE_X25Y21         CARRY4 (Prop_carry4_CI_CO[3])
                                                      0.114     5.939 r  u_Spec_Avg/u_Simple_Dual_Port_RAM/avg_out[0]_INST_0_i_5/CO[3]
                         net (fo=1, routed)           0.000     5.939    u_Spec_Avg/u_Simple_Dual_Port_RAM/avg_out[0]_INST_0_i_5_n_0
    SLICE_X25Y22         CARRY4 (Prop_carry4_CI_O[0])
                                                      0.222     6.161 r  u_Spec_Avg/u_Simple_Dual_Port_RAM/avg_out[4]_INST_0_i_5/O[0]
                         net (fo=1, routed)           0.839     7.000    u_Spec_Avg/u_Simple_Dual_Port_RAM/RESIZE[1]
    SLICE_X27Y17         LUT2 (Prop_lut2_I1_O)        0.299     7.299 r  u_Spec_Avg/u_Simple_Dual_Port_RAM/avg_out[0]_INST_0_i_3/O
                         net (fo=1, routed)           0.000     7.299    u_Spec_Avg/u_Simple_Dual_Port_RAM/avg_out[0]_INST_0_i_3_n_0
    SLICE_X27Y17         CARRY4 (Prop_carry4_S[1]_CO[3])
                                                      0.550     7.849 r  u_Spec_Avg/u_Simple_Dual_Port_RAM/avg_out[0]_INST_0/CO[3]
                         net (fo=1, routed)           0.000     7.849    u_Spec_Avg/u_Simple_Dual_Port_RAM/avg_out[0]_INST_0_n_0
    SLICE_X27Y18         CARRY4 (Prop_carry4_CI_CO[3])
                                                      0.114     7.963 r  u_Spec_Avg/u_Simple_Dual_Port_RAM/avg_out[4]_INST_0/CO[3]
                         net (fo=1, routed)           0.000     7.963    u_Spec_Avg/u_Simple_Dual_Port_RAM/avg_out[4]_INST_0_n_0
    SLICE_X27Y19         CARRY4 (Prop_carry4_CI_CO[3])
                                                      0.114     8.077 r  u_Spec_Avg/u_Simple_Dual_Port_RAM/avg_out[8]_INST_0/CO[3]
                         net (fo=1, routed)           0.000     8.077    u_Spec_Avg/u_Simple_Dual_Port_RAM/avg_out[8]_INST_0_n_0
    SLICE_X27Y20         CARRY4 (Prop_carry4_CI_CO[3])
                                                      0.114     8.191 r  u_Spec_Avg/u_Simple_Dual_Port_RAM/avg_out[12]_INST_0/CO[3]
                         net (fo=1, routed)           0.000     8.191    u_Spec_Avg/u_Simple_Dual_Port_RAM/avg_out[12]_INST_0_n_0
    SLICE_X27Y21         CARRY4 (Prop_carry4_CI_CO[3])
                                                      0.114     8.305 r  u_Spec_Avg/u_Simple_Dual_Port_RAM/avg_out[16]_INST_0/CO[3]
                         net (fo=1, routed)           0.000     8.305    u_Spec_Avg/u_Simple_Dual_Port_RAM/avg_out[16]_INST_0_n_0
    SLICE_X27Y22         CARRY4 (Prop_carry4_CI_CO[3])
                                                      0.114     8.419 r  u_Spec_Avg/u_Simple_Dual_Port_RAM/avg_out[20]_INST_0/CO[3]
                         net (fo=1, routed)           0.000     8.419    u_Spec_Avg/u_Simple_Dual_Port_RAM/avg_out[20]_INST_0_n_0
    SLICE_X27Y23         CARRY4 (Prop_carry4_CI_O[0])
                                                      0.222     8.641 r  u_Spec_Avg/u_Simple_Dual_Port_RAM/avg_out[24]_INST_0/O[0]
                         net (fo=1, unset)            0.973     9.614    avg_out[24]
                                                                      r  avg_out[24] (OUT)
  -------------------------------------------------------------------    -------------------

Slack:                    inf
  Source:                 u_Spec_Avg/u_Simple_Dual_Port_RAM/ram_reg_0/CLKBWRCLK
                            (rising edge-triggered cell RAMB36E1 clocked by MWCLK  {rise@0.000ns fall@8.333ns period=16.667ns})
  Destination:            avg_out[21]
                            (output port)
  Path Group:             (none)
  Path Type:              Max at Slow Process Corner
  Data Path Delay:        8.639ns  (logic 5.199ns (60.180%)  route 3.440ns (39.820%))
  Logic Levels:           12  (CARRY4=10 LUT2=2)
  Clock Uncertainty:      0.025ns  ((TSJ^2 + TIJ^2)^1/2 + DJ) / 2 + PE
    Total System Jitter     (TSJ):    0.050ns
    Total Input Jitter      (TIJ):    0.000ns
    Discrete Jitter          (DJ):    0.000ns
    Phase Error              (PE):    0.000ns

    Location             Delay type                Incr(ns)  Path(ns)    Netlist Resource(s)
  -------------------------------------------------------------------    -------------------
                         (clock MWCLK rise edge)      0.000     0.000 r  
                                                      0.000     0.000 r  clk (IN)
                         net (fo=29022, unset)        0.973     0.973    u_Spec_Avg/u_Simple_Dual_Port_RAM/clk
    RAMB36_X2Y2          RAMB36E1                                     r  u_Spec_Avg/u_Simple_Dual_Port_RAM/ram_reg_0/CLKBWRCLK
  -------------------------------------------------------------------    -------------------
    RAMB36_X2Y2          RAMB36E1 (Prop_ramb36e1_CLKBWRCLK_DOBDO[0])
                                                      2.454     3.427 r  u_Spec_Avg/u_Simple_Dual_Port_RAM/ram_reg_0/DOBDO[0]
                         net (fo=1, routed)           1.628     5.055    u_Spec_Avg/u_Simple_Dual_Port_RAM/Simple_Dual_Port_RAM_out1[0]
    SLICE_X25Y19         LUT2 (Prop_lut2_I1_O)        0.124     5.179 r  u_Spec_Avg/u_Simple_Dual_Port_RAM/avg_out[0]_INST_0_i_19/O
                         net (fo=1, routed)           0.000     5.179    u_Spec_Avg/u_Simple_Dual_Port_RAM/avg_out[0]_INST_0_i_19_n_0
    SLICE_X25Y19         CARRY4 (Prop_carry4_S[0]_CO[3])
                                                      0.532     5.711 r  u_Spec_Avg/u_Simple_Dual_Port_RAM/avg_out[0]_INST_0_i_11/CO[3]
                         net (fo=1, routed)           0.000     5.711    u_Spec_Avg/u_Simple_Dual_Port_RAM/avg_out[0]_INST_0_i_11_n_0
    SLICE_X25Y20         CARRY4 (Prop_carry4_CI_CO[3])
                                                      0.114     5.825 r  u_Spec_Avg/u_Simple_Dual_Port_RAM/avg_out[0]_INST_0_i_6/CO[3]
                         net (fo=1, routed)           0.000     5.825    u_Spec_Avg/u_Simple_Dual_Port_RAM/avg_out[0]_INST_0_i_6_n_0
    SLICE_X25Y21         CARRY4 (Prop_carry4_CI_CO[3])
                                                      0.114     5.939 r  u_Spec_Avg/u_Simple_Dual_Port_RAM/avg_out[0]_INST_0_i_5/CO[3]
                         net (fo=1, routed)           0.000     5.939    u_Spec_Avg/u_Simple_Dual_Port_RAM/avg_out[0]_INST_0_i_5_n_0
    SLICE_X25Y22         CARRY4 (Prop_carry4_CI_O[0])
                                                      0.222     6.161 r  u_Spec_Avg/u_Simple_Dual_Port_RAM/avg_out[4]_INST_0_i_5/O[0]
                         net (fo=1, routed)           0.839     7.000    u_Spec_Avg/u_Simple_Dual_Port_RAM/RESIZE[1]
    SLICE_X27Y17         LUT2 (Prop_lut2_I1_O)        0.299     7.299 r  u_Spec_Avg/u_Simple_Dual_Port_RAM/avg_out[0]_INST_0_i_3/O
                         net (fo=1, routed)           0.000     7.299    u_Spec_Avg/u_Simple_Dual_Port_RAM/avg_out[0]_INST_0_i_3_n_0
    SLICE_X27Y17         CARRY4 (Prop_carry4_S[1]_CO[3])
                                                      0.550     7.849 r  u_Spec_Avg/u_Simple_Dual_Port_RAM/avg_out[0]_INST_0/CO[3]
                         net (fo=1, routed)           0.000     7.849    u_Spec_Avg/u_Simple_Dual_Port_RAM/avg_out[0]_INST_0_n_0
    SLICE_X27Y18         CARRY4 (Prop_carry4_CI_CO[3])
                                                      0.114     7.963 r  u_Spec_Avg/u_Simple_Dual_Port_RAM/avg_out[4]_INST_0/CO[3]
                         net (fo=1, routed)           0.000     7.963    u_Spec_Avg/u_Simple_Dual_Port_RAM/avg_out[4]_INST_0_n_0
    SLICE_X27Y19         CARRY4 (Prop_carry4_CI_CO[3])
                                                      0.114     8.077 r  u_Spec_Avg/u_Simple_Dual_Port_RAM/avg_out[8]_INST_0/CO[3]
                         net (fo=1, routed)           0.000     8.077    u_Spec_Avg/u_Simple_Dual_Port_RAM/avg_out[8]_INST_0_n_0
    SLICE_X27Y20         CARRY4 (Prop_carry4_CI_CO[3])
                                                      0.114     8.191 r  u_Spec_Avg/u_Simple_Dual_Port_RAM/avg_out[12]_INST_0/CO[3]
                         net (fo=1, routed)           0.000     8.191    u_Spec_Avg/u_Simple_Dual_Port_RAM/avg_out[12]_INST_0_n_0
    SLICE_X27Y21         CARRY4 (Prop_carry4_CI_CO[3])
                                                      0.114     8.305 r  u_Spec_Avg/u_Simple_Dual_Port_RAM/avg_out[16]_INST_0/CO[3]
                         net (fo=1, routed)           0.000     8.305    u_Spec_Avg/u_Simple_Dual_Port_RAM/avg_out[16]_INST_0_n_0
    SLICE_X27Y22         CARRY4 (Prop_carry4_CI_O[1])
                                                      0.334     8.639 r  u_Spec_Avg/u_Simple_Dual_Port_RAM/avg_out[20]_INST_0/O[1]
                         net (fo=1, unset)            0.973     9.612    avg_out[21]
                                                                      r  avg_out[21] (OUT)
  -------------------------------------------------------------------    -------------------

Slack:                    inf
  Source:                 u_Spec_Avg/u_Simple_Dual_Port_RAM/ram_reg_0/CLKBWRCLK
                            (rising edge-triggered cell RAMB36E1 clocked by MWCLK  {rise@0.000ns fall@8.333ns period=16.667ns})
  Destination:            avg_out[23]
                            (output port)
  Path Group:             (none)
  Path Type:              Max at Slow Process Corner
  Data Path Delay:        8.618ns  (logic 5.178ns (60.083%)  route 3.440ns (39.917%))
  Logic Levels:           12  (CARRY4=10 LUT2=2)
  Clock Uncertainty:      0.025ns  ((TSJ^2 + TIJ^2)^1/2 + DJ) / 2 + PE
    Total System Jitter     (TSJ):    0.050ns
    Total Input Jitter      (TIJ):    0.000ns
    Discrete Jitter          (DJ):    0.000ns
    Phase Error              (PE):    0.000ns

    Location             Delay type                Incr(ns)  Path(ns)    Netlist Resource(s)
  -------------------------------------------------------------------    -------------------
                         (clock MWCLK rise edge)      0.000     0.000 r  
                                                      0.000     0.000 r  clk (IN)
                         net (fo=29022, unset)        0.973     0.973    u_Spec_Avg/u_Simple_Dual_Port_RAM/clk
    RAMB36_X2Y2          RAMB36E1                                     r  u_Spec_Avg/u_Simple_Dual_Port_RAM/ram_reg_0/CLKBWRCLK
  -------------------------------------------------------------------    -------------------
    RAMB36_X2Y2          RAMB36E1 (Prop_ramb36e1_CLKBWRCLK_DOBDO[0])
                                                      2.454     3.427 r  u_Spec_Avg/u_Simple_Dual_Port_RAM/ram_reg_0/DOBDO[0]
                         net (fo=1, routed)           1.628     5.055    u_Spec_Avg/u_Simple_Dual_Port_RAM/Simple_Dual_Port_RAM_out1[0]
    SLICE_X25Y19         LUT2 (Prop_lut2_I1_O)        0.124     5.179 r  u_Spec_Avg/u_Simple_Dual_Port_RAM/avg_out[0]_INST_0_i_19/O
                         net (fo=1, routed)           0.000     5.179    u_Spec_Avg/u_Simple_Dual_Port_RAM/avg_out[0]_INST_0_i_19_n_0
    SLICE_X25Y19         CARRY4 (Prop_carry4_S[0]_CO[3])
                                                      0.532     5.711 r  u_Spec_Avg/u_Simple_Dual_Port_RAM/avg_out[0]_INST_0_i_11/CO[3]
                         net (fo=1, routed)           0.000     5.711    u_Spec_Avg/u_Simple_Dual_Port_RAM/avg_out[0]_INST_0_i_11_n_0
    SLICE_X25Y20         CARRY4 (Prop_carry4_CI_CO[3])
                                                      0.114     5.825 r  u_Spec_Avg/u_Simple_Dual_Port_RAM/avg_out[0]_INST_0_i_6/CO[3]
                         net (fo=1, routed)           0.000     5.825    u_Spec_Avg/u_Simple_Dual_Port_RAM/avg_out[0]_INST_0_i_6_n_0
    SLICE_X25Y21         CARRY4 (Prop_carry4_CI_CO[3])
                                                      0.114     5.939 r  u_Spec_Avg/u_Simple_Dual_Port_RAM/avg_out[0]_INST_0_i_5/CO[3]
                         net (fo=1, routed)           0.000     5.939    u_Spec_Avg/u_Simple_Dual_Port_RAM/avg_out[0]_INST_0_i_5_n_0
    SLICE_X25Y22         CARRY4 (Prop_carry4_CI_O[0])
                                                      0.222     6.161 r  u_Spec_Avg/u_Simple_Dual_Port_RAM/avg_out[4]_INST_0_i_5/O[0]
                         net (fo=1, routed)           0.839     7.000    u_Spec_Avg/u_Simple_Dual_Port_RAM/RESIZE[1]
    SLICE_X27Y17         LUT2 (Prop_lut2_I1_O)        0.299     7.299 r  u_Spec_Avg/u_Simple_Dual_Port_RAM/avg_out[0]_INST_0_i_3/O
                         net (fo=1, routed)           0.000     7.299    u_Spec_Avg/u_Simple_Dual_Port_RAM/avg_out[0]_INST_0_i_3_n_0
    SLICE_X27Y17         CARRY4 (Prop_carry4_S[1]_CO[3])
                                                      0.550     7.849 r  u_Spec_Avg/u_Simple_Dual_Port_RAM/avg_out[0]_INST_0/CO[3]
                         net (fo=1, routed)           0.000     7.849    u_Spec_Avg/u_Simple_Dual_Port_RAM/avg_out[0]_INST_0_n_0
    SLICE_X27Y18         CARRY4 (Prop_carry4_CI_CO[3])
                                                      0.114     7.963 r  u_Spec_Avg/u_Simple_Dual_Port_RAM/avg_out[4]_INST_0/CO[3]
                         net (fo=1, routed)           0.000     7.963    u_Spec_Avg/u_Simple_Dual_Port_RAM/avg_out[4]_INST_0_n_0
    SLICE_X27Y19         CARRY4 (Prop_carry4_CI_CO[3])
                                                      0.114     8.077 r  u_Spec_Avg/u_Simple_Dual_Port_RAM/avg_out[8]_INST_0/CO[3]
                         net (fo=1, routed)           0.000     8.077    u_Spec_Avg/u_Simple_Dual_Port_RAM/avg_out[8]_INST_0_n_0
    SLICE_X27Y20         CARRY4 (Prop_carry4_CI_CO[3])
                                                      0.114     8.191 r  u_Spec_Avg/u_Simple_Dual_Port_RAM/avg_out[12]_INST_0/CO[3]
                         net (fo=1, routed)           0.000     8.191    u_Spec_Avg/u_Simple_Dual_Port_RAM/avg_out[12]_INST_0_n_0
    SLICE_X27Y21         CARRY4 (Prop_carry4_CI_CO[3])
                                                      0.114     8.305 r  u_Spec_Avg/u_Simple_Dual_Port_RAM/avg_out[16]_INST_0/CO[3]
                         net (fo=1, routed)           0.000     8.305    u_Spec_Avg/u_Simple_Dual_Port_RAM/avg_out[16]_INST_0_n_0
    SLICE_X27Y22         CARRY4 (Prop_carry4_CI_O[3])
                                                      0.313     8.618 r  u_Spec_Avg/u_Simple_Dual_Port_RAM/avg_out[20]_INST_0/O[3]
                         net (fo=1, unset)            0.973     9.591    avg_out[23]
                                                                      r  avg_out[23] (OUT)
  -------------------------------------------------------------------    -------------------





Min Delay Paths
--------------------------------------------------------------------------------------
Slack:                    inf
  Source:                 xin26_reg[11]/C
                            (rising edge-triggered cell FDCE clocked by MWCLK  {rise@0.000ns fall@8.333ns period=16.667ns})
  Destination:            sample_in[11]
                            (output port)
  Path Group:             (none)
  Path Type:              Min at Fast Process Corner
  Data Path Delay:        0.538ns  (logic 0.128ns (23.786%)  route 0.410ns (76.214%))
  Logic Levels:           0  
  Clock Uncertainty:      0.025ns  ((TSJ^2 + TIJ^2)^1/2 + DJ) / 2 + PE
    Total System Jitter     (TSJ):    0.050ns
    Total Input Jitter      (TIJ):    0.000ns
    Discrete Jitter          (DJ):    0.000ns
    Phase Error              (PE):    0.000ns

    Location             Delay type                Incr(ns)  Path(ns)    Netlist Resource(s)
  -------------------------------------------------------------------    -------------------
                         (clock MWCLK rise edge)      0.000     0.000 r  
                                                      0.000     0.000 r  clk (IN)
                         net (fo=29022, unset)        0.410     0.410    clk
    SLICE_X23Y30         FDCE                                         r  xin26_reg[11]/C
  -------------------------------------------------------------------    -------------------
    SLICE_X23Y30         FDCE (Prop_fdce_C_Q)         0.128     0.538 r  xin26_reg[11]/Q
                         net (fo=3, unset)            0.410     0.948    sample_in[11]
                                                                      r  sample_in[11] (OUT)
  -------------------------------------------------------------------    -------------------

Slack:                    inf
  Source:                 xin26_reg[13]/C
                            (rising edge-triggered cell FDCE clocked by MWCLK  {rise@0.000ns fall@8.333ns period=16.667ns})
  Destination:            sample_in[13]
                            (output port)
  Path Group:             (none)
  Path Type:              Min at Fast Process Corner
  Data Path Delay:        0.538ns  (logic 0.128ns (23.786%)  route 0.410ns (76.214%))
  Logic Levels:           0  
  Clock Uncertainty:      0.025ns  ((TSJ^2 + TIJ^2)^1/2 + DJ) / 2 + PE
    Total System Jitter     (TSJ):    0.050ns
    Total Input Jitter      (TIJ):    0.000ns
    Discrete Jitter          (DJ):    0.000ns
    Phase Error              (PE):    0.000ns

    Location             Delay type                Incr(ns)  Path(ns)    Netlist Resource(s)
  -------------------------------------------------------------------    -------------------
                         (clock MWCLK rise edge)      0.000     0.000 r  
                                                      0.000     0.000 r  clk (IN)
                         net (fo=29022, unset)        0.410     0.410    clk
    SLICE_X21Y34         FDCE                                         r  xin26_reg[13]/C
  -------------------------------------------------------------------    -------------------
    SLICE_X21Y34         FDCE (Prop_fdce_C_Q)         0.128     0.538 r  xin26_reg[13]/Q
                         net (fo=3, unset)            0.410     0.948    sample_in[13]
                                                                      r  sample_in[13] (OUT)
  -------------------------------------------------------------------    -------------------

Slack:                    inf
  Source:                 xin26_reg[15]/C
                            (rising edge-triggered cell FDCE clocked by MWCLK  {rise@0.000ns fall@8.333ns period=16.667ns})
  Destination:            sample_in[15]
                            (output port)
  Path Group:             (none)
  Path Type:              Min at Fast Process Corner
  Data Path Delay:        0.538ns  (logic 0.128ns (23.786%)  route 0.410ns (76.214%))
  Logic Levels:           0  
  Clock Uncertainty:      0.025ns  ((TSJ^2 + TIJ^2)^1/2 + DJ) / 2 + PE
    Total System Jitter     (TSJ):    0.050ns
    Total Input Jitter      (TIJ):    0.000ns
    Discrete Jitter          (DJ):    0.000ns
    Phase Error              (PE):    0.000ns

    Location             Delay type                Incr(ns)  Path(ns)    Netlist Resource(s)
  -------------------------------------------------------------------    -------------------
                         (clock MWCLK rise edge)      0.000     0.000 r  
                                                      0.000     0.000 r  clk (IN)
                         net (fo=29022, unset)        0.410     0.410    clk
    SLICE_X24Y34         FDCE                                         r  xin26_reg[15]/C
  -------------------------------------------------------------------    -------------------
    SLICE_X24Y34         FDCE (Prop_fdce_C_Q)         0.128     0.538 r  xin26_reg[15]/Q
                         net (fo=3, unset)            0.410     0.948    sample_in[15]
                                                                      r  sample_in[15] (OUT)
  -------------------------------------------------------------------    -------------------

Slack:                    inf
  Source:                 xin26_reg[17]/C
                            (rising edge-triggered cell FDCE clocked by MWCLK  {rise@0.000ns fall@8.333ns period=16.667ns})
  Destination:            sample_in[17]
                            (output port)
  Path Group:             (none)
  Path Type:              Min at Fast Process Corner
  Data Path Delay:        0.538ns  (logic 0.128ns (23.786%)  route 0.410ns (76.214%))
  Logic Levels:           0  
  Clock Uncertainty:      0.025ns  ((TSJ^2 + TIJ^2)^1/2 + DJ) / 2 + PE
    Total System Jitter     (TSJ):    0.050ns
    Total Input Jitter      (TIJ):    0.000ns
    Discrete Jitter          (DJ):    0.000ns
    Phase Error              (PE):    0.000ns

    Location             Delay type                Incr(ns)  Path(ns)    Netlist Resource(s)
  -------------------------------------------------------------------    -------------------
                         (clock MWCLK rise edge)      0.000     0.000 r  
                                                      0.000     0.000 r  clk (IN)
                         net (fo=29022, unset)        0.410     0.410    clk
    SLICE_X23Y29         FDCE                                         r  xin26_reg[17]/C
  -------------------------------------------------------------------    -------------------
    SLICE_X23Y29         FDCE (Prop_fdce_C_Q)         0.128     0.538 r  xin26_reg[17]/Q
                         net (fo=3, unset)            0.410     0.948    sample_in[17]
                                                                      r  sample_in[17] (OUT)
  -------------------------------------------------------------------    -------------------

Slack:                    inf
  Source:                 xin26_reg[19]/C
                            (rising edge-triggered cell FDCE clocked by MWCLK  {rise@0.000ns fall@8.333ns period=16.667ns})
  Destination:            sample_in[19]
                            (output port)
  Path Group:             (none)
  Path Type:              Min at Fast Process Corner
  Data Path Delay:        0.538ns  (logic 0.128ns (23.786%)  route 0.410ns (76.214%))
  Logic Levels:           0  
  Clock Uncertainty:      0.025ns  ((TSJ^2 + TIJ^2)^1/2 + DJ) / 2 + PE
    Total System Jitter     (TSJ):    0.050ns
    Total Input Jitter      (TIJ):    0.000ns
    Discrete Jitter          (DJ):    0.000ns
    Phase Error              (PE):    0.000ns

    Location             Delay type                Incr(ns)  Path(ns)    Netlist Resource(s)
  -------------------------------------------------------------------    -------------------
                         (clock MWCLK rise edge)      0.000     0.000 r  
                                                      0.000     0.000 r  clk (IN)
                         net (fo=29022, unset)        0.410     0.410    clk
    SLICE_X24Y30         FDCE                                         r  xin26_reg[19]/C
  -------------------------------------------------------------------    -------------------
    SLICE_X24Y30         FDCE (Prop_fdce_C_Q)         0.128     0.538 r  xin26_reg[19]/Q
                         net (fo=3, unset)            0.410     0.948    sample_in[19]
                                                                      r  sample_in[19] (OUT)
  -------------------------------------------------------------------    -------------------

Slack:                    inf
  Source:                 xin26_reg[1]/C
                            (rising edge-triggered cell FDCE clocked by MWCLK  {rise@0.000ns fall@8.333ns period=16.667ns})
  Destination:            sample_in[1]
                            (output port)
  Path Group:             (none)
  Path Type:              Min at Fast Process Corner
  Data Path Delay:        0.538ns  (logic 0.128ns (23.786%)  route 0.410ns (76.214%))
  Logic Levels:           0  
  Clock Uncertainty:      0.025ns  ((TSJ^2 + TIJ^2)^1/2 + DJ) / 2 + PE
    Total System Jitter     (TSJ):    0.050ns
    Total Input Jitter      (TIJ):    0.000ns
    Discrete Jitter          (DJ):    0.000ns
    Phase Error              (PE):    0.000ns

    Location             Delay type                Incr(ns)  Path(ns)    Netlist Resource(s)
  -------------------------------------------------------------------    -------------------
                         (clock MWCLK rise edge)      0.000     0.000 r  
                                                      0.000     0.000 r  clk (IN)
                         net (fo=29022, unset)        0.410     0.410    clk
    SLICE_X24Y30         FDCE                                         r  xin26_reg[1]/C
  -------------------------------------------------------------------    -------------------
    SLICE_X24Y30         FDCE (Prop_fdce_C_Q)         0.128     0.538 r  xin26_reg[1]/Q
                         net (fo=3, unset)            0.410     0.948    sample_in[1]
                                                                      r  sample_in[1] (OUT)
  -------------------------------------------------------------------    -------------------

Slack:                    inf
  Source:                 xin26_reg[21]/C
                            (rising edge-triggered cell FDCE clocked by MWCLK  {rise@0.000ns fall@8.333ns period=16.667ns})
  Destination:            sample_in[21]
                            (output port)
  Path Group:             (none)
  Path Type:              Min at Fast Process Corner
  Data Path Delay:        0.538ns  (logic 0.128ns (23.786%)  route 0.410ns (76.214%))
  Logic Levels:           0  
  Clock Uncertainty:      0.025ns  ((TSJ^2 + TIJ^2)^1/2 + DJ) / 2 + PE
    Total System Jitter     (TSJ):    0.050ns
    Total Input Jitter      (TIJ):    0.000ns
    Discrete Jitter          (DJ):    0.000ns
    Phase Error              (PE):    0.000ns

    Location             Delay type                Incr(ns)  Path(ns)    Netlist Resource(s)
  -------------------------------------------------------------------    -------------------
                         (clock MWCLK rise edge)      0.000     0.000 r  
                                                      0.000     0.000 r  clk (IN)
                         net (fo=29022, unset)        0.410     0.410    clk
    SLICE_X24Y34         FDCE                                         r  xin26_reg[21]/C
  -------------------------------------------------------------------    -------------------
    SLICE_X24Y34         FDCE (Prop_fdce_C_Q)         0.128     0.538 r  xin26_reg[21]/Q
                         net (fo=3, unset)            0.410     0.948    sample_in[21]
                                                                      r  sample_in[21] (OUT)
  -------------------------------------------------------------------    -------------------

Slack:                    inf
  Source:                 xin26_reg[23]/C
                            (rising edge-triggered cell FDCE clocked by MWCLK  {rise@0.000ns fall@8.333ns period=16.667ns})
  Destination:            sample_in[23]
                            (output port)
  Path Group:             (none)
  Path Type:              Min at Fast Process Corner
  Data Path Delay:        0.538ns  (logic 0.128ns (23.786%)  route 0.410ns (76.214%))
  Logic Levels:           0  
  Clock Uncertainty:      0.025ns  ((TSJ^2 + TIJ^2)^1/2 + DJ) / 2 + PE
    Total System Jitter     (TSJ):    0.050ns
    Total Input Jitter      (TIJ):    0.000ns
    Discrete Jitter          (DJ):    0.000ns
    Phase Error              (PE):    0.000ns

    Location             Delay type                Incr(ns)  Path(ns)    Netlist Resource(s)
  -------------------------------------------------------------------    -------------------
                         (clock MWCLK rise edge)      0.000     0.000 r  
                                                      0.000     0.000 r  clk (IN)
                         net (fo=29022, unset)        0.410     0.410    clk
    SLICE_X24Y34         FDCE                                         r  xin26_reg[23]/C
  -------------------------------------------------------------------    -------------------
    SLICE_X24Y34         FDCE (Prop_fdce_C_Q)         0.128     0.538 r  xin26_reg[23]/Q
                         net (fo=2, unset)            0.410     0.948    sample_in[23]
                                                                      r  sample_in[23] (OUT)
  -------------------------------------------------------------------    -------------------

Slack:                    inf
  Source:                 xin26_reg[25]/C
                            (rising edge-triggered cell FDCE clocked by MWCLK  {rise@0.000ns fall@8.333ns period=16.667ns})
  Destination:            sample_in[25]
                            (output port)
  Path Group:             (none)
  Path Type:              Min at Fast Process Corner
  Data Path Delay:        0.538ns  (logic 0.128ns (23.786%)  route 0.410ns (76.214%))
  Logic Levels:           0  
  Clock Uncertainty:      0.025ns  ((TSJ^2 + TIJ^2)^1/2 + DJ) / 2 + PE
    Total System Jitter     (TSJ):    0.050ns
    Total Input Jitter      (TIJ):    0.000ns
    Discrete Jitter          (DJ):    0.000ns
    Phase Error              (PE):    0.000ns

    Location             Delay type                Incr(ns)  Path(ns)    Netlist Resource(s)
  -------------------------------------------------------------------    -------------------
                         (clock MWCLK rise edge)      0.000     0.000 r  
                                                      0.000     0.000 r  clk (IN)
                         net (fo=29022, unset)        0.410     0.410    clk
    SLICE_X21Y36         FDCE                                         r  xin26_reg[25]/C
  -------------------------------------------------------------------    -------------------
    SLICE_X21Y36         FDCE (Prop_fdce_C_Q)         0.128     0.538 r  xin26_reg[25]/Q
                         net (fo=0)                   0.410     0.948    sample_in[25]
                                                                      r  sample_in[25] (OUT)
  -------------------------------------------------------------------    -------------------

Slack:                    inf
  Source:                 xin26_reg[3]/C
                            (rising edge-triggered cell FDCE clocked by MWCLK  {rise@0.000ns fall@8.333ns period=16.667ns})
  Destination:            sample_in[3]
                            (output port)
  Path Group:             (none)
  Path Type:              Min at Fast Process Corner
  Data Path Delay:        0.538ns  (logic 0.128ns (23.786%)  route 0.410ns (76.214%))
  Logic Levels:           0  
  Clock Uncertainty:      0.025ns  ((TSJ^2 + TIJ^2)^1/2 + DJ) / 2 + PE
    Total System Jitter     (TSJ):    0.050ns
    Total Input Jitter      (TIJ):    0.000ns
    Discrete Jitter          (DJ):    0.000ns
    Phase Error              (PE):    0.000ns

    Location             Delay type                Incr(ns)  Path(ns)    Netlist Resource(s)
  -------------------------------------------------------------------    -------------------
                         (clock MWCLK rise edge)      0.000     0.000 r  
                                                      0.000     0.000 r  clk (IN)
                         net (fo=29022, unset)        0.410     0.410    clk
    SLICE_X24Y30         FDCE                                         r  xin26_reg[3]/C
  -------------------------------------------------------------------    -------------------
    SLICE_X24Y30         FDCE (Prop_fdce_C_Q)         0.128     0.538 r  xin26_reg[3]/Q
                         net (fo=3, unset)            0.410     0.948    sample_in[3]
                                                                      r  sample_in[3] (OUT)
  -------------------------------------------------------------------    -------------------





--------------------------------------------------------------------------------------
Path Group:  (none)
From Clock:  
  To Clock:  MWCLK

Max Delay         50009 Endpoints
Min Delay         50009 Endpoints
--------------------------------------------------------------------------------------


Max Delay Paths
--------------------------------------------------------------------------------------
Slack:                    inf
  Source:                 clk_enable
                            (input port)
  Destination:            u_Spec_Avg/Delay1_reg_reg[287][17]_srl32_u_Spec_Avg_Delay1_reg_reg_c_13596/CE
                            (rising edge-triggered cell SRLC32E clocked by MWCLK  {rise@0.000ns fall@8.333ns period=16.667ns})
  Path Group:             (none)
  Path Type:              Setup (Max at Slow Process Corner)
  Data Path Delay:        13.090ns  (logic 0.248ns (1.895%)  route 12.842ns (98.105%))
  Logic Levels:           2  (LUT2=2)
  Clock Path Skew:        0.924ns (DCD - SCD + CPR)
    Destination Clock Delay (DCD):    0.924ns
    Source Clock Delay      (SCD):    0.000ns
    Clock Pessimism Removal (CPR):    0.000ns
  Clock Uncertainty:      0.025ns  ((TSJ^2 + TIJ^2)^1/2 + DJ) / 2 + PE
    Total System Jitter     (TSJ):    0.050ns
    Total Input Jitter      (TIJ):    0.000ns
    Discrete Jitter          (DJ):    0.000ns
    Phase Error              (PE):    0.000ns

    Location             Delay type                Incr(ns)  Path(ns)    Netlist Resource(s)
  -------------------------------------------------------------------    -------------------
                                                      0.000     0.000 r  clk_enable (IN)
                         net (fo=546, unset)          0.973     0.973    u_ddc_spec_avg_tc/clk_enable
    SLICE_X59Y28         LUT2 (Prop_lut2_I1_O)        0.124     1.097 r  u_ddc_spec_avg_tc/xin26[25]_i_1/O
                         net (fo=132, routed)         1.892     2.989    u_Spec_Avg/lopt
    SLICE_X29Y27         LUT2 (Prop_lut2_I1_O)        0.124     3.113 r  u_Spec_Avg/Delay2_out1_i_1/O
                         net (fo=1098, routed)        9.976    13.090    u_Spec_Avg/enb_1_2_0_gated_3
    SLICE_X32Y101        SRLC32E                                      r  u_Spec_Avg/Delay1_reg_reg[287][17]_srl32_u_Spec_Avg_Delay1_reg_reg_c_13596/CE
  -------------------------------------------------------------------    -------------------

                         (clock MWCLK rise edge)      0.000     0.000 r  
                                                      0.000     0.000 r  clk (IN)
                         net (fo=29022, unset)        0.924     0.924    u_Spec_Avg/clk
    SLICE_X32Y101        SRLC32E                                      r  u_Spec_Avg/Delay1_reg_reg[287][17]_srl32_u_Spec_Avg_Delay1_reg_reg_c_13596/CLK

Slack:                    inf
  Source:                 clk_enable
                            (input port)
  Destination:            u_Spec_Avg/Delay1_reg_reg[319][17]_srl32_u_Spec_Avg_Delay1_reg_reg_c_13628/CE
                            (rising edge-triggered cell SRLC32E clocked by MWCLK  {rise@0.000ns fall@8.333ns period=16.667ns})
  Path Group:             (none)
  Path Type:              Setup (Max at Slow Process Corner)
  Data Path Delay:        13.090ns  (logic 0.248ns (1.895%)  route 12.842ns (98.105%))
  Logic Levels:           2  (LUT2=2)
  Clock Path Skew:        0.924ns (DCD - SCD + CPR)
    Destination Clock Delay (DCD):    0.924ns
    Source Clock Delay      (SCD):    0.000ns
    Clock Pessimism Removal (CPR):    0.000ns
  Clock Uncertainty:      0.025ns  ((TSJ^2 + TIJ^2)^1/2 + DJ) / 2 + PE
    Total System Jitter     (TSJ):    0.050ns
    Total Input Jitter      (TIJ):    0.000ns
    Discrete Jitter          (DJ):    0.000ns
    Phase Error              (PE):    0.000ns

    Location             Delay type                Incr(ns)  Path(ns)    Netlist Resource(s)
  -------------------------------------------------------------------    -------------------
                                                      0.000     0.000 r  clk_enable (IN)
                         net (fo=546, unset)          0.973     0.973    u_ddc_spec_avg_tc/clk_enable
    SLICE_X59Y28         LUT2 (Prop_lut2_I1_O)        0.124     1.097 r  u_ddc_spec_avg_tc/xin26[25]_i_1/O
                         net (fo=132, routed)         1.892     2.989    u_Spec_Avg/lopt
    SLICE_X29Y27         LUT2 (Prop_lut2_I1_O)        0.124     3.113 r  u_Spec_Avg/Delay2_out1_i_1/O
                         net (fo=1098, routed)        9.976    13.090    u_Spec_Avg/enb_1_2_0_gated_3
    SLICE_X32Y101        SRLC32E                                      r  u_Spec_Avg/Delay1_reg_reg[319][17]_srl32_u_Spec_Avg_Delay1_reg_reg_c_13628/CE
  -------------------------------------------------------------------    -------------------

                         (clock MWCLK rise edge)      0.000     0.000 r  
                                                      0.000     0.000 r  clk (IN)
                         net (fo=29022, unset)        0.924     0.924    u_Spec_Avg/clk
    SLICE_X32Y101        SRLC32E                                      r  u_Spec_Avg/Delay1_reg_reg[319][17]_srl32_u_Spec_Avg_Delay1_reg_reg_c_13628/CLK

Slack:                    inf
  Source:                 clk_enable
                            (input port)
  Destination:            u_Spec_Avg/Delay1_reg_reg[351][17]_srl32_u_Spec_Avg_Delay1_reg_reg_c_13660/CE
                            (rising edge-triggered cell SRLC32E clocked by MWCLK  {rise@0.000ns fall@8.333ns period=16.667ns})
  Path Group:             (none)
  Path Type:              Setup (Max at Slow Process Corner)
  Data Path Delay:        13.090ns  (logic 0.248ns (1.895%)  route 12.842ns (98.105%))
  Logic Levels:           2  (LUT2=2)
  Clock Path Skew:        0.924ns (DCD - SCD + CPR)
    Destination Clock Delay (DCD):    0.924ns
    Source Clock Delay      (SCD):    0.000ns
    Clock Pessimism Removal (CPR):    0.000ns
  Clock Uncertainty:      0.025ns  ((TSJ^2 + TIJ^2)^1/2 + DJ) / 2 + PE
    Total System Jitter     (TSJ):    0.050ns
    Total Input Jitter      (TIJ):    0.000ns
    Discrete Jitter          (DJ):    0.000ns
    Phase Error              (PE):    0.000ns

    Location             Delay type                Incr(ns)  Path(ns)    Netlist Resource(s)
  -------------------------------------------------------------------    -------------------
                                                      0.000     0.000 r  clk_enable (IN)
                         net (fo=546, unset)          0.973     0.973    u_ddc_spec_avg_tc/clk_enable
    SLICE_X59Y28         LUT2 (Prop_lut2_I1_O)        0.124     1.097 r  u_ddc_spec_avg_tc/xin26[25]_i_1/O
                         net (fo=132, routed)         1.892     2.989    u_Spec_Avg/lopt
    SLICE_X29Y27         LUT2 (Prop_lut2_I1_O)        0.124     3.113 r  u_Spec_Avg/Delay2_out1_i_1/O
                         net (fo=1098, routed)        9.976    13.090    u_Spec_Avg/enb_1_2_0_gated_3
    SLICE_X32Y101        SRLC32E                                      r  u_Spec_Avg/Delay1_reg_reg[351][17]_srl32_u_Spec_Avg_Delay1_reg_reg_c_13660/CE
  -------------------------------------------------------------------    -------------------

                         (clock MWCLK rise edge)      0.000     0.000 r  
                                                      0.000     0.000 r  clk (IN)
                         net (fo=29022, unset)        0.924     0.924    u_Spec_Avg/clk
    SLICE_X32Y101        SRLC32E                                      r  u_Spec_Avg/Delay1_reg_reg[351][17]_srl32_u_Spec_Avg_Delay1_reg_reg_c_13660/CLK

Slack:                    inf
  Source:                 clk_enable
                            (input port)
  Destination:            u_Spec_Avg/Delay1_reg_reg[383][17]_srl32_u_Spec_Avg_Delay1_reg_reg_c_13692/CE
                            (rising edge-triggered cell SRLC32E clocked by MWCLK  {rise@0.000ns fall@8.333ns period=16.667ns})
  Path Group:             (none)
  Path Type:              Setup (Max at Slow Process Corner)
  Data Path Delay:        13.090ns  (logic 0.248ns (1.895%)  route 12.842ns (98.105%))
  Logic Levels:           2  (LUT2=2)
  Clock Path Skew:        0.924ns (DCD - SCD + CPR)
    Destination Clock Delay (DCD):    0.924ns
    Source Clock Delay      (SCD):    0.000ns
    Clock Pessimism Removal (CPR):    0.000ns
  Clock Uncertainty:      0.025ns  ((TSJ^2 + TIJ^2)^1/2 + DJ) / 2 + PE
    Total System Jitter     (TSJ):    0.050ns
    Total Input Jitter      (TIJ):    0.000ns
    Discrete Jitter          (DJ):    0.000ns
    Phase Error              (PE):    0.000ns

    Location             Delay type                Incr(ns)  Path(ns)    Netlist Resource(s)
  -------------------------------------------------------------------    -------------------
                                                      0.000     0.000 r  clk_enable (IN)
                         net (fo=546, unset)          0.973     0.973    u_ddc_spec_avg_tc/clk_enable
    SLICE_X59Y28         LUT2 (Prop_lut2_I1_O)        0.124     1.097 r  u_ddc_spec_avg_tc/xin26[25]_i_1/O
                         net (fo=132, routed)         1.892     2.989    u_Spec_Avg/lopt
    SLICE_X29Y27         LUT2 (Prop_lut2_I1_O)        0.124     3.113 r  u_Spec_Avg/Delay2_out1_i_1/O
                         net (fo=1098, routed)        9.976    13.090    u_Spec_Avg/enb_1_2_0_gated_3
    SLICE_X32Y101        SRLC32E                                      r  u_Spec_Avg/Delay1_reg_reg[383][17]_srl32_u_Spec_Avg_Delay1_reg_reg_c_13692/CE
  -------------------------------------------------------------------    -------------------

                         (clock MWCLK rise edge)      0.000     0.000 r  
                                                      0.000     0.000 r  clk (IN)
                         net (fo=29022, unset)        0.924     0.924    u_Spec_Avg/clk
    SLICE_X32Y101        SRLC32E                                      r  u_Spec_Avg/Delay1_reg_reg[383][17]_srl32_u_Spec_Avg_Delay1_reg_reg_c_13692/CLK

Slack:                    inf
  Source:                 clk_enable
                            (input port)
  Destination:            u_Spec_Avg/Delay1_reg_reg[287][27]_srl32_u_Spec_Avg_Delay1_reg_reg_c_13596/CE
                            (rising edge-triggered cell SRLC32E clocked by MWCLK  {rise@0.000ns fall@8.333ns period=16.667ns})
  Path Group:             (none)
  Path Type:              Setup (Max at Slow Process Corner)
  Data Path Delay:        12.990ns  (logic 0.248ns (1.909%)  route 12.742ns (98.091%))
  Logic Levels:           2  (LUT2=2)
  Clock Path Skew:        0.924ns (DCD - SCD + CPR)
    Destination Clock Delay (DCD):    0.924ns
    Source Clock Delay      (SCD):    0.000ns
    Clock Pessimism Removal (CPR):    0.000ns
  Clock Uncertainty:      0.025ns  ((TSJ^2 + TIJ^2)^1/2 + DJ) / 2 + PE
    Total System Jitter     (TSJ):    0.050ns
    Total Input Jitter      (TIJ):    0.000ns
    Discrete Jitter          (DJ):    0.000ns
    Phase Error              (PE):    0.000ns

    Location             Delay type                Incr(ns)  Path(ns)    Netlist Resource(s)
  -------------------------------------------------------------------    -------------------
                                                      0.000     0.000 r  clk_enable (IN)
                         net (fo=546, unset)          0.973     0.973    u_ddc_spec_avg_tc/clk_enable
    SLICE_X59Y28         LUT2 (Prop_lut2_I1_O)        0.124     1.097 r  u_ddc_spec_avg_tc/xin26[25]_i_1/O
                         net (fo=132, routed)         1.892     2.989    u_Spec_Avg/lopt
    SLICE_X29Y27         LUT2 (Prop_lut2_I1_O)        0.124     3.113 r  u_Spec_Avg/Delay2_out1_i_1/O
                         net (fo=1098, routed)        9.877    12.990    u_Spec_Avg/enb_1_2_0_gated_3
    SLICE_X26Y99         SRLC32E                                      r  u_Spec_Avg/Delay1_reg_reg[287][27]_srl32_u_Spec_Avg_Delay1_reg_reg_c_13596/CE
  -------------------------------------------------------------------    -------------------

                         (clock MWCLK rise edge)      0.000     0.000 r  
                                                      0.000     0.000 r  clk (IN)
                         net (fo=29022, unset)        0.924     0.924    u_Spec_Avg/clk
    SLICE_X26Y99         SRLC32E                                      r  u_Spec_Avg/Delay1_reg_reg[287][27]_srl32_u_Spec_Avg_Delay1_reg_reg_c_13596/CLK

Slack:                    inf
  Source:                 clk_enable
                            (input port)
  Destination:            u_Spec_Avg/Delay1_reg_reg[319][27]_srl32_u_Spec_Avg_Delay1_reg_reg_c_13628/CE
                            (rising edge-triggered cell SRLC32E clocked by MWCLK  {rise@0.000ns fall@8.333ns period=16.667ns})
  Path Group:             (none)
  Path Type:              Setup (Max at Slow Process Corner)
  Data Path Delay:        12.990ns  (logic 0.248ns (1.909%)  route 12.742ns (98.091%))
  Logic Levels:           2  (LUT2=2)
  Clock Path Skew:        0.924ns (DCD - SCD + CPR)
    Destination Clock Delay (DCD):    0.924ns
    Source Clock Delay      (SCD):    0.000ns
    Clock Pessimism Removal (CPR):    0.000ns
  Clock Uncertainty:      0.025ns  ((TSJ^2 + TIJ^2)^1/2 + DJ) / 2 + PE
    Total System Jitter     (TSJ):    0.050ns
    Total Input Jitter      (TIJ):    0.000ns
    Discrete Jitter          (DJ):    0.000ns
    Phase Error              (PE):    0.000ns

    Location             Delay type                Incr(ns)  Path(ns)    Netlist Resource(s)
  -------------------------------------------------------------------    -------------------
                                                      0.000     0.000 r  clk_enable (IN)
                         net (fo=546, unset)          0.973     0.973    u_ddc_spec_avg_tc/clk_enable
    SLICE_X59Y28         LUT2 (Prop_lut2_I1_O)        0.124     1.097 r  u_ddc_spec_avg_tc/xin26[25]_i_1/O
                         net (fo=132, routed)         1.892     2.989    u_Spec_Avg/lopt
    SLICE_X29Y27         LUT2 (Prop_lut2_I1_O)        0.124     3.113 r  u_Spec_Avg/Delay2_out1_i_1/O
                         net (fo=1098, routed)        9.877    12.990    u_Spec_Avg/enb_1_2_0_gated_3
    SLICE_X26Y99         SRLC32E                                      r  u_Spec_Avg/Delay1_reg_reg[319][27]_srl32_u_Spec_Avg_Delay1_reg_reg_c_13628/CE
  -------------------------------------------------------------------    -------------------

                         (clock MWCLK rise edge)      0.000     0.000 r  
                                                      0.000     0.000 r  clk (IN)
                         net (fo=29022, unset)        0.924     0.924    u_Spec_Avg/clk
    SLICE_X26Y99         SRLC32E                                      r  u_Spec_Avg/Delay1_reg_reg[319][27]_srl32_u_Spec_Avg_Delay1_reg_reg_c_13628/CLK

Slack:                    inf
  Source:                 clk_enable
                            (input port)
  Destination:            u_Spec_Avg/Delay1_reg_reg[351][27]_srl32_u_Spec_Avg_Delay1_reg_reg_c_13660/CE
                            (rising edge-triggered cell SRLC32E clocked by MWCLK  {rise@0.000ns fall@8.333ns period=16.667ns})
  Path Group:             (none)
  Path Type:              Setup (Max at Slow Process Corner)
  Data Path Delay:        12.990ns  (logic 0.248ns (1.909%)  route 12.742ns (98.091%))
  Logic Levels:           2  (LUT2=2)
  Clock Path Skew:        0.924ns (DCD - SCD + CPR)
    Destination Clock Delay (DCD):    0.924ns
    Source Clock Delay      (SCD):    0.000ns
    Clock Pessimism Removal (CPR):    0.000ns
  Clock Uncertainty:      0.025ns  ((TSJ^2 + TIJ^2)^1/2 + DJ) / 2 + PE
    Total System Jitter     (TSJ):    0.050ns
    Total Input Jitter      (TIJ):    0.000ns
    Discrete Jitter          (DJ):    0.000ns
    Phase Error              (PE):    0.000ns

    Location             Delay type                Incr(ns)  Path(ns)    Netlist Resource(s)
  -------------------------------------------------------------------    -------------------
                                                      0.000     0.000 r  clk_enable (IN)
                         net (fo=546, unset)          0.973     0.973    u_ddc_spec_avg_tc/clk_enable
    SLICE_X59Y28         LUT2 (Prop_lut2_I1_O)        0.124     1.097 r  u_ddc_spec_avg_tc/xin26[25]_i_1/O
                         net (fo=132, routed)         1.892     2.989    u_Spec_Avg/lopt
    SLICE_X29Y27         LUT2 (Prop_lut2_I1_O)        0.124     3.113 r  u_Spec_Avg/Delay2_out1_i_1/O
                         net (fo=1098, routed)        9.877    12.990    u_Spec_Avg/enb_1_2_0_gated_3
    SLICE_X26Y99         SRLC32E                                      r  u_Spec_Avg/Delay1_reg_reg[351][27]_srl32_u_Spec_Avg_Delay1_reg_reg_c_13660/CE
  -------------------------------------------------------------------    -------------------

                         (clock MWCLK rise edge)      0.000     0.000 r  
                                                      0.000     0.000 r  clk (IN)
                         net (fo=29022, unset)        0.924     0.924    u_Spec_Avg/clk
    SLICE_X26Y99         SRLC32E                                      r  u_Spec_Avg/Delay1_reg_reg[351][27]_srl32_u_Spec_Avg_Delay1_reg_reg_c_13660/CLK

Slack:                    inf
  Source:                 clk_enable
                            (input port)
  Destination:            u_Spec_Avg/Delay1_reg_reg[383][27]_srl32_u_Spec_Avg_Delay1_reg_reg_c_13692/CE
                            (rising edge-triggered cell SRLC32E clocked by MWCLK  {rise@0.000ns fall@8.333ns period=16.667ns})
  Path Group:             (none)
  Path Type:              Setup (Max at Slow Process Corner)
  Data Path Delay:        12.990ns  (logic 0.248ns (1.909%)  route 12.742ns (98.091%))
  Logic Levels:           2  (LUT2=2)
  Clock Path Skew:        0.924ns (DCD - SCD + CPR)
    Destination Clock Delay (DCD):    0.924ns
    Source Clock Delay      (SCD):    0.000ns
    Clock Pessimism Removal (CPR):    0.000ns
  Clock Uncertainty:      0.025ns  ((TSJ^2 + TIJ^2)^1/2 + DJ) / 2 + PE
    Total System Jitter     (TSJ):    0.050ns
    Total Input Jitter      (TIJ):    0.000ns
    Discrete Jitter          (DJ):    0.000ns
    Phase Error              (PE):    0.000ns

    Location             Delay type                Incr(ns)  Path(ns)    Netlist Resource(s)
  -------------------------------------------------------------------    -------------------
                                                      0.000     0.000 r  clk_enable (IN)
                         net (fo=546, unset)          0.973     0.973    u_ddc_spec_avg_tc/clk_enable
    SLICE_X59Y28         LUT2 (Prop_lut2_I1_O)        0.124     1.097 r  u_ddc_spec_avg_tc/xin26[25]_i_1/O
                         net (fo=132, routed)         1.892     2.989    u_Spec_Avg/lopt
    SLICE_X29Y27         LUT2 (Prop_lut2_I1_O)        0.124     3.113 r  u_Spec_Avg/Delay2_out1_i_1/O
                         net (fo=1098, routed)        9.877    12.990    u_Spec_Avg/enb_1_2_0_gated_3
    SLICE_X26Y99         SRLC32E                                      r  u_Spec_Avg/Delay1_reg_reg[383][27]_srl32_u_Spec_Avg_Delay1_reg_reg_c_13692/CE
  -------------------------------------------------------------------    -------------------

                         (clock MWCLK rise edge)      0.000     0.000 r  
                                                      0.000     0.000 r  clk (IN)
                         net (fo=29022, unset)        0.924     0.924    u_Spec_Avg/clk
    SLICE_X26Y99         SRLC32E                                      r  u_Spec_Avg/Delay1_reg_reg[383][27]_srl32_u_Spec_Avg_Delay1_reg_reg_c_13692/CLK

Slack:                    inf
  Source:                 clk_enable
                            (input port)
  Destination:            u_Spec_Avg/Delay1_reg_reg[287][14]_srl32_u_Spec_Avg_Delay1_reg_reg_c_13596/CE
                            (rising edge-triggered cell SRLC32E clocked by MWCLK  {rise@0.000ns fall@8.333ns period=16.667ns})
  Path Group:             (none)
  Path Type:              Setup (Max at Slow Process Corner)
  Data Path Delay:        12.928ns  (logic 0.248ns (1.918%)  route 12.680ns (98.082%))
  Logic Levels:           2  (LUT2=2)
  Clock Path Skew:        0.924ns (DCD - SCD + CPR)
    Destination Clock Delay (DCD):    0.924ns
    Source Clock Delay      (SCD):    0.000ns
    Clock Pessimism Removal (CPR):    0.000ns
  Clock Uncertainty:      0.025ns  ((TSJ^2 + TIJ^2)^1/2 + DJ) / 2 + PE
    Total System Jitter     (TSJ):    0.050ns
    Total Input Jitter      (TIJ):    0.000ns
    Discrete Jitter          (DJ):    0.000ns
    Phase Error              (PE):    0.000ns

    Location             Delay type                Incr(ns)  Path(ns)    Netlist Resource(s)
  -------------------------------------------------------------------    -------------------
                                                      0.000     0.000 r  clk_enable (IN)
                         net (fo=546, unset)          0.973     0.973    u_ddc_spec_avg_tc/clk_enable
    SLICE_X59Y28         LUT2 (Prop_lut2_I1_O)        0.124     1.097 r  u_ddc_spec_avg_tc/xin26[25]_i_1/O
                         net (fo=132, routed)         1.892     2.989    u_Spec_Avg/lopt
    SLICE_X29Y27         LUT2 (Prop_lut2_I1_O)        0.124     3.113 r  u_Spec_Avg/Delay2_out1_i_1/O
                         net (fo=1098, routed)        9.815    12.928    u_Spec_Avg/enb_1_2_0_gated_3
    SLICE_X32Y99         SRLC32E                                      r  u_Spec_Avg/Delay1_reg_reg[287][14]_srl32_u_Spec_Avg_Delay1_reg_reg_c_13596/CE
  -------------------------------------------------------------------    -------------------

                         (clock MWCLK rise edge)      0.000     0.000 r  
                                                      0.000     0.000 r  clk (IN)
                         net (fo=29022, unset)        0.924     0.924    u_Spec_Avg/clk
    SLICE_X32Y99         SRLC32E                                      r  u_Spec_Avg/Delay1_reg_reg[287][14]_srl32_u_Spec_Avg_Delay1_reg_reg_c_13596/CLK

Slack:                    inf
  Source:                 clk_enable
                            (input port)
  Destination:            u_Spec_Avg/Delay1_reg_reg[319][14]_srl32_u_Spec_Avg_Delay1_reg_reg_c_13628/CE
                            (rising edge-triggered cell SRLC32E clocked by MWCLK  {rise@0.000ns fall@8.333ns period=16.667ns})
  Path Group:             (none)
  Path Type:              Setup (Max at Slow Process Corner)
  Data Path Delay:        12.928ns  (logic 0.248ns (1.918%)  route 12.680ns (98.082%))
  Logic Levels:           2  (LUT2=2)
  Clock Path Skew:        0.924ns (DCD - SCD + CPR)
    Destination Clock Delay (DCD):    0.924ns
    Source Clock Delay      (SCD):    0.000ns
    Clock Pessimism Removal (CPR):    0.000ns
  Clock Uncertainty:      0.025ns  ((TSJ^2 + TIJ^2)^1/2 + DJ) / 2 + PE
    Total System Jitter     (TSJ):    0.050ns
    Total Input Jitter      (TIJ):    0.000ns
    Discrete Jitter          (DJ):    0.000ns
    Phase Error              (PE):    0.000ns

    Location             Delay type                Incr(ns)  Path(ns)    Netlist Resource(s)
  -------------------------------------------------------------------    -------------------
                                                      0.000     0.000 r  clk_enable (IN)
                         net (fo=546, unset)          0.973     0.973    u_ddc_spec_avg_tc/clk_enable
    SLICE_X59Y28         LUT2 (Prop_lut2_I1_O)        0.124     1.097 r  u_ddc_spec_avg_tc/xin26[25]_i_1/O
                         net (fo=132, routed)         1.892     2.989    u_Spec_Avg/lopt
    SLICE_X29Y27         LUT2 (Prop_lut2_I1_O)        0.124     3.113 r  u_Spec_Avg/Delay2_out1_i_1/O
                         net (fo=1098, routed)        9.815    12.928    u_Spec_Avg/enb_1_2_0_gated_3
    SLICE_X32Y99         SRLC32E                                      r  u_Spec_Avg/Delay1_reg_reg[319][14]_srl32_u_Spec_Avg_Delay1_reg_reg_c_13628/CE
  -------------------------------------------------------------------    -------------------

                         (clock MWCLK rise edge)      0.000     0.000 r  
                                                      0.000     0.000 r  clk (IN)
                         net (fo=29022, unset)        0.924     0.924    u_Spec_Avg/clk
    SLICE_X32Y99         SRLC32E                                      r  u_Spec_Avg/Delay1_reg_reg[319][14]_srl32_u_Spec_Avg_Delay1_reg_reg_c_13628/CLK





Min Delay Paths
--------------------------------------------------------------------------------------
Slack:                    inf
  Source:                 reset
                            (input port)
  Destination:            Delay_ValidIn_reg_reg[26]/CLR
                            (removal check against rising-edge clock MWCLK  {rise@0.000ns fall@8.333ns period=16.667ns})
  Path Group:             (none)
  Path Type:              Removal (Min at Fast Process Corner)
  Data Path Delay:        0.410ns  (logic 0.000ns (0.000%)  route 0.410ns (100.000%))
  Logic Levels:           0  
  Clock Path Skew:        0.432ns (DCD - SCD - CPR)
    Destination Clock Delay (DCD):    0.432ns
    Source Clock Delay      (SCD):    0.000ns
    Clock Pessimism Removal (CPR):    -0.000ns

    Location             Delay type                Incr(ns)  Path(ns)    Netlist Resource(s)
  -------------------------------------------------------------------    -------------------
                                                      0.000     0.000 f  reset (IN)
                         net (fo=20897, unset)        0.410     0.410    reset
    SLICE_X35Y29         FDCE                                         f  Delay_ValidIn_reg_reg[26]/CLR
  -------------------------------------------------------------------    -------------------

                         (clock MWCLK rise edge)      0.000     0.000 r  
                                                      0.000     0.000 r  clk (IN)
                         net (fo=29022, unset)        0.432     0.432    clk
    SLICE_X35Y29         FDCE                                         r  Delay_ValidIn_reg_reg[26]/C

Slack:                    inf
  Source:                 reset
                            (input port)
  Destination:            Delay_reg_reg[13311][0]/CLR
                            (removal check against rising-edge clock MWCLK  {rise@0.000ns fall@8.333ns period=16.667ns})
  Path Group:             (none)
  Path Type:              Removal (Min at Fast Process Corner)
  Data Path Delay:        0.410ns  (logic 0.000ns (0.000%)  route 0.410ns (100.000%))
  Logic Levels:           0  
  Clock Path Skew:        0.432ns (DCD - SCD - CPR)
    Destination Clock Delay (DCD):    0.432ns
    Source Clock Delay      (SCD):    0.000ns
    Clock Pessimism Removal (CPR):    -0.000ns

    Location             Delay type                Incr(ns)  Path(ns)    Netlist Resource(s)
  -------------------------------------------------------------------    -------------------
                                                      0.000     0.000 f  reset (IN)
                         net (fo=20897, unset)        0.410     0.410    reset
    SLICE_X31Y21         FDCE                                         f  Delay_reg_reg[13311][0]/CLR
  -------------------------------------------------------------------    -------------------

                         (clock MWCLK rise edge)      0.000     0.000 r  
                                                      0.000     0.000 r  clk (IN)
                         net (fo=29022, unset)        0.432     0.432    clk
    SLICE_X31Y21         FDCE                                         r  Delay_reg_reg[13311][0]/C

Slack:                    inf
  Source:                 reset
                            (input port)
  Destination:            Delay_reg_reg[13311][10]/CLR
                            (removal check against rising-edge clock MWCLK  {rise@0.000ns fall@8.333ns period=16.667ns})
  Path Group:             (none)
  Path Type:              Removal (Min at Fast Process Corner)
  Data Path Delay:        0.410ns  (logic 0.000ns (0.000%)  route 0.410ns (100.000%))
  Logic Levels:           0  
  Clock Path Skew:        0.432ns (DCD - SCD - CPR)
    Destination Clock Delay (DCD):    0.432ns
    Source Clock Delay      (SCD):    0.000ns
    Clock Pessimism Removal (CPR):    -0.000ns

    Location             Delay type                Incr(ns)  Path(ns)    Netlist Resource(s)
  -------------------------------------------------------------------    -------------------
                                                      0.000     0.000 f  reset (IN)
                         net (fo=20897, unset)        0.410     0.410    reset
    SLICE_X19Y11         FDCE                                         f  Delay_reg_reg[13311][10]/CLR
  -------------------------------------------------------------------    -------------------

                         (clock MWCLK rise edge)      0.000     0.000 r  
                                                      0.000     0.000 r  clk (IN)
                         net (fo=29022, unset)        0.432     0.432    clk
    SLICE_X19Y11         FDCE                                         r  Delay_reg_reg[13311][10]/C

Slack:                    inf
  Source:                 reset
                            (input port)
  Destination:            Delay_reg_reg[13311][11]/CLR
                            (removal check against rising-edge clock MWCLK  {rise@0.000ns fall@8.333ns period=16.667ns})
  Path Group:             (none)
  Path Type:              Removal (Min at Fast Process Corner)
  Data Path Delay:        0.410ns  (logic 0.000ns (0.000%)  route 0.410ns (100.000%))
  Logic Levels:           0  
  Clock Path Skew:        0.432ns (DCD - SCD - CPR)
    Destination Clock Delay (DCD):    0.432ns
    Source Clock Delay      (SCD):    0.000ns
    Clock Pessimism Removal (CPR):    -0.000ns

    Location             Delay type                Incr(ns)  Path(ns)    Netlist Resource(s)
  -------------------------------------------------------------------    -------------------
                                                      0.000     0.000 f  reset (IN)
                         net (fo=20897, unset)        0.410     0.410    reset
    SLICE_X19Y11         FDCE                                         f  Delay_reg_reg[13311][11]/CLR
  -------------------------------------------------------------------    -------------------

                         (clock MWCLK rise edge)      0.000     0.000 r  
                                                      0.000     0.000 r  clk (IN)
                         net (fo=29022, unset)        0.432     0.432    clk
    SLICE_X19Y11         FDCE                                         r  Delay_reg_reg[13311][11]/C

Slack:                    inf
  Source:                 reset
                            (input port)
  Destination:            Delay_reg_reg[13311][12]/CLR
                            (removal check against rising-edge clock MWCLK  {rise@0.000ns fall@8.333ns period=16.667ns})
  Path Group:             (none)
  Path Type:              Removal (Min at Fast Process Corner)
  Data Path Delay:        0.410ns  (logic 0.000ns (0.000%)  route 0.410ns (100.000%))
  Logic Levels:           0  
  Clock Path Skew:        0.432ns (DCD - SCD - CPR)
    Destination Clock Delay (DCD):    0.432ns
    Source Clock Delay      (SCD):    0.000ns
    Clock Pessimism Removal (CPR):    -0.000ns

    Location             Delay type                Incr(ns)  Path(ns)    Netlist Resource(s)
  -------------------------------------------------------------------    -------------------
                                                      0.000     0.000 f  reset (IN)
                         net (fo=20897, unset)        0.410     0.410    reset
    SLICE_X19Y11         FDCE                                         f  Delay_reg_reg[13311][12]/CLR
  -------------------------------------------------------------------    -------------------

                         (clock MWCLK rise edge)      0.000     0.000 r  
                                                      0.000     0.000 r  clk (IN)
                         net (fo=29022, unset)        0.432     0.432    clk
    SLICE_X19Y11         FDCE                                         r  Delay_reg_reg[13311][12]/C

Slack:                    inf
  Source:                 reset
                            (input port)
  Destination:            Delay_reg_reg[13311][13]/CLR
                            (removal check against rising-edge clock MWCLK  {rise@0.000ns fall@8.333ns period=16.667ns})
  Path Group:             (none)
  Path Type:              Removal (Min at Fast Process Corner)
  Data Path Delay:        0.410ns  (logic 0.000ns (0.000%)  route 0.410ns (100.000%))
  Logic Levels:           0  
  Clock Path Skew:        0.432ns (DCD - SCD - CPR)
    Destination Clock Delay (DCD):    0.432ns
    Source Clock Delay      (SCD):    0.000ns
    Clock Pessimism Removal (CPR):    -0.000ns

    Location             Delay type                Incr(ns)  Path(ns)    Netlist Resource(s)
  -------------------------------------------------------------------    -------------------
                                                      0.000     0.000 f  reset (IN)
                         net (fo=20897, unset)        0.410     0.410    reset
    SLICE_X19Y11         FDCE                                         f  Delay_reg_reg[13311][13]/CLR
  -------------------------------------------------------------------    -------------------

                         (clock MWCLK rise edge)      0.000     0.000 r  
                                                      0.000     0.000 r  clk (IN)
                         net (fo=29022, unset)        0.432     0.432    clk
    SLICE_X19Y11         FDCE                                         r  Delay_reg_reg[13311][13]/C

Slack:                    inf
  Source:                 reset
                            (input port)
  Destination:            Delay_reg_reg[13311][1]/CLR
                            (removal check against rising-edge clock MWCLK  {rise@0.000ns fall@8.333ns period=16.667ns})
  Path Group:             (none)
  Path Type:              Removal (Min at Fast Process Corner)
  Data Path Delay:        0.410ns  (logic 0.000ns (0.000%)  route 0.410ns (100.000%))
  Logic Levels:           0  
  Clock Path Skew:        0.432ns (DCD - SCD - CPR)
    Destination Clock Delay (DCD):    0.432ns
    Source Clock Delay      (SCD):    0.000ns
    Clock Pessimism Removal (CPR):    -0.000ns

    Location             Delay type                Incr(ns)  Path(ns)    Netlist Resource(s)
  -------------------------------------------------------------------    -------------------
                                                      0.000     0.000 f  reset (IN)
                         net (fo=20897, unset)        0.410     0.410    reset
    SLICE_X31Y21         FDCE                                         f  Delay_reg_reg[13311][1]/CLR
  -------------------------------------------------------------------    -------------------

                         (clock MWCLK rise edge)      0.000     0.000 r  
                                                      0.000     0.000 r  clk (IN)
                         net (fo=29022, unset)        0.432     0.432    clk
    SLICE_X31Y21         FDCE                                         r  Delay_reg_reg[13311][1]/C

Slack:                    inf
  Source:                 reset
                            (input port)
  Destination:            Delay_reg_reg[13311][2]/CLR
                            (removal check against rising-edge clock MWCLK  {rise@0.000ns fall@8.333ns period=16.667ns})
  Path Group:             (none)
  Path Type:              Removal (Min at Fast Process Corner)
  Data Path Delay:        0.410ns  (logic 0.000ns (0.000%)  route 0.410ns (100.000%))
  Logic Levels:           0  
  Clock Path Skew:        0.432ns (DCD - SCD - CPR)
    Destination Clock Delay (DCD):    0.432ns
    Source Clock Delay      (SCD):    0.000ns
    Clock Pessimism Removal (CPR):    -0.000ns

    Location             Delay type                Incr(ns)  Path(ns)    Netlist Resource(s)
  -------------------------------------------------------------------    -------------------
                                                      0.000     0.000 f  reset (IN)
                         net (fo=20897, unset)        0.410     0.410    reset
    SLICE_X31Y13         FDCE                                         f  Delay_reg_reg[13311][2]/CLR
  -------------------------------------------------------------------    -------------------

                         (clock MWCLK rise edge)      0.000     0.000 r  
                                                      0.000     0.000 r  clk (IN)
                         net (fo=29022, unset)        0.432     0.432    clk
    SLICE_X31Y13         FDCE                                         r  Delay_reg_reg[13311][2]/C

Slack:                    inf
  Source:                 reset
                            (input port)
  Destination:            Delay_reg_reg[13311][3]/CLR
                            (removal check against rising-edge clock MWCLK  {rise@0.000ns fall@8.333ns period=16.667ns})
  Path Group:             (none)
  Path Type:              Removal (Min at Fast Process Corner)
  Data Path Delay:        0.410ns  (logic 0.000ns (0.000%)  route 0.410ns (100.000%))
  Logic Levels:           0  
  Clock Path Skew:        0.432ns (DCD - SCD - CPR)
    Destination Clock Delay (DCD):    0.432ns
    Source Clock Delay      (SCD):    0.000ns
    Clock Pessimism Removal (CPR):    -0.000ns

    Location             Delay type                Incr(ns)  Path(ns)    Netlist Resource(s)
  -------------------------------------------------------------------    -------------------
                                                      0.000     0.000 f  reset (IN)
                         net (fo=20897, unset)        0.410     0.410    reset
    SLICE_X31Y13         FDCE                                         f  Delay_reg_reg[13311][3]/CLR
  -------------------------------------------------------------------    -------------------

                         (clock MWCLK rise edge)      0.000     0.000 r  
                                                      0.000     0.000 r  clk (IN)
                         net (fo=29022, unset)        0.432     0.432    clk
    SLICE_X31Y13         FDCE                                         r  Delay_reg_reg[13311][3]/C

Slack:                    inf
  Source:                 reset
                            (input port)
  Destination:            Delay_reg_reg[13311][4]/CLR
                            (removal check against rising-edge clock MWCLK  {rise@0.000ns fall@8.333ns period=16.667ns})
  Path Group:             (none)
  Path Type:              Removal (Min at Fast Process Corner)
  Data Path Delay:        0.410ns  (logic 0.000ns (0.000%)  route 0.410ns (100.000%))
  Logic Levels:           0  
  Clock Path Skew:        0.432ns (DCD - SCD - CPR)
    Destination Clock Delay (DCD):    0.432ns
    Source Clock Delay      (SCD):    0.000ns
    Clock Pessimism Removal (CPR):    -0.000ns

    Location             Delay type                Incr(ns)  Path(ns)    Netlist Resource(s)
  -------------------------------------------------------------------    -------------------
                                                      0.000     0.000 f  reset (IN)
                         net (fo=20897, unset)        0.410     0.410    reset
    SLICE_X23Y30         FDCE                                         f  Delay_reg_reg[13311][4]/CLR
  -------------------------------------------------------------------    -------------------

                         (clock MWCLK rise edge)      0.000     0.000 r  
                                                      0.000     0.000 r  clk (IN)
                         net (fo=29022, unset)        0.432     0.432    clk
    SLICE_X23Y30         FDCE                                         r  Delay_reg_reg[13311][4]/C





