00000000
00000000
00000000
00000000
00000000
00000000
00000000
00000000
00000000
00000000
00000000
00000000
00000000
00000000
00000000
00000000
00000000
00000000
00000000
00000000
00000000
00000000
00000000
00000000
00000000
00000000
00000000
00000000
00000000
00000000
00000000
00000000
00000000
00000000
00000000
00000000
00000000
00000000
00000000
00000000
00000000
00000000
00000000
00000000
00000000
00000000
00000000
00000000
00000000
00000000
00000000
00000000
00000000
00000000
00000000
00000000
00000000
00000000
00000000
00000000
00000000
00000000
00000000
00000000
00000000
00000000
00000000
00000000
00000000
00000000
00000000
00000000
00000000
00000000
00000000
00000000
00000000
00000000
00000000
00000000
00000000
00000000
00000000
00000000
00000000
00000000
00000000
00000000
00000000
00000000
00000000
00000000
00000000
00000000
00000000
00000000
00000000
00000000
00000000
00000000
00000000
00000000
00000000
00000000
00000000
00000000
00000000
00000000
00000000
00000000
00000000
00000000
00000000
00000000
00000000
00000000
00000000
00000000
00000000
00000000
00000000
00000000
00000000
00000000
00000000
00000000
00000000
00000000
00000000
00000000
00000000
00000000
00000000
00000000
00000000
00000000
00000000
00000000
00000000
00000000
00000000
00000000
00000000
00000000
00000000
00000000
00000000
00000000
00000000
00000000
00000000
00000000
00000000
00000000
00000000
00000000
00000000
00000000
00000000
00000000
00000000
00000000
00000000
00000000
00000000
00000000
00000000
00000000
00000000
00000000
00000000
00000000
00000000
00000000
00000000
00000000
00000000
00000000
00000000
00000000
00000000
00000000
00000000
00000000
00000000
00000000
00000000
00000000
00000000
00000000
00000000
00000000
00000000
00000000
00000000
00000000
00000000
00000000
00000000
00000000
00000000
00000000
00000000
00000000
00000000
00000000
00000000
00000000
00000000
00000000
00000000
00000000
00000000
00000000
00000000
00000000
00000000
00000000
00000000
00000000
00000000
00000000
00000000
00000000
00000000
00000000
00000000
00000000
00000000
00000000
00000000
00000000
00000000
00000000
00000000
00000000
00000000
00000000
00000000
00000000
00000000
00000000
00000000
00000000
00000000
00000000
00000000
00000000
00000000
00000000
00000000
00000000
00000000
00000000
00000000
00000000
00000000
00000000
00000000
00000000
00000000
00000000
00000000
00000000
00000000
00000000
00000000
00000000
00000000
00000000
00000000
00000000
00000000
00000000
00000000
00000000
00000000
00000000
00000000
00000000
00000000
00000000
00000000
00000000
00000000
00000000
00000000
00000000
00000000
00000000
00000000
00000000
00000000
00000000
00000000
00000000
00000000
00000000
00000000
00000000
00000000
00000000
00000000
00000000
00000000
00000000
00000000
00000000
00000000
00000000
00000000
00000000
00000000
00000000
00000000
00000000
00000000
00000000
00000000
00000000
00000000
00000000
00000000
00000000
00000000
00000000
00000000
00000000
00000000
00000000
00000000
00000000
00000000
00000000
00000000
00000000
00000000
00000000
00000000
00000000
00000000
00000000
00000000
00000000
00000000
00000000
00000000
00000000
00000000
00000000
00000000
00000000
00000000
00000000
00000000
00000000
00000000
00000000
00000000
00000000
00000000
00000000
00000000
00000000
00000000
00000000
00000000
00000000
00000000
00000000
00000000
00000000
00000000
00000000
00000000
00000000
00000000
00000000
00000000
00000000
00000000
00000000
00000000
00000000
00000000
00000000
00000000
00000000
00000000
00000000
00000000
00000000
00000000
00000000
00000000
00000000
00000000
00000000
00000000
00000000
00000000
00000000
00000000
00000000
00000000
00000000
00000000
00000000
00000000
00000000
00000000
00000000
00000000
00000000
00000000
00000000
00000000
00000000
00000000
00000000
00000000
00000000
00000000
00000000
00000000
00000000
00000000
00000000
00000000
00000000
00000000
00000000
00000000
00000000
00000000
00000000
00000000
00000000
00000000
00000000
00000000
00000000
00000000
00000000
00000000
00000000
00000000
00000000
00000000
00000000
00000000
00000000
00000000
00000000
00000000
00000000
00000000
00000000
00000000
00000000
00000000
00000000
00000000
00000000
00000000
00000000
00000000
00000000
00000000
00000000
00000000
00000000
00000000
00000000
00000000
00000000
00000000
00000000
00000000
00000000
00000000
00000000
00000000
00000000
00000000
00000000
00000000
00000000
00000000
00000000
00000000
00000000
00000000
00000000
00000000
00000000
00000000
00000000
00000000
00000000
00000000
00000000
00000000
00000000
00000000
00000000
00000000
00000000
00000000
00000000
00000000
00000000
00000000
00000000
00000000
00000000
00000000
00000000
00000000
00000000
00000000
00000000
00000000
00000000
00000000
00000000
00000000
00000000
00000000
00000000
00000000
00000000
00000000
00000000
00000000
00000000
00000000
00000000
00000000
00000000
00000000
00000000
00000000
00000000
00000000
00000000
00000000
00000000
00000000
00000000
00000000
00000000
00000000
00000000
00000000
00000000
00000000
00000000
00000000
00000000
00000000
00000000
00000000
00000000
00000000
00000000
00000000
00000000
00000000
00000000
00000000
00000000
00000000
00000000
00000000
00000000
00000000
00000000
00000000
00000000
00000000
00000000
00000000
00000000
00000000
00000000
00000000
00000000
00000000
00000000
00000000
00000000
00000000
00000000
00000000
00000000
00000000
00000000
00000000
00000000
00000000
00000000
00000000
00000000
00000000
00000000
00000000
00000000
00000000
00000000
00000000
00000000
00000000
00000000
00000000
00000000
00000000
00000000
00000000
00000000
00000000
00000000
00000000
00000000
00000000
00000000
00000000
00000000
00000000
00000000
00000000
00000000
00000000
00000000
00000000
00000000
00000000
00000000
00000000
00000000
00000000
00000000
00000000
00000000
00000000
00000000
00000000
00000000
00000000
00000000
00000000
00000000
00000000
00000000
00000000
00000000
00000000
00000000
00000000
00000000
00000000
00000000
00000000
00000000
00000000
00000000
00000000
00000000
00000000
00000000
00000000
00000000
00000000
00000000
00000000
00000000
00000000
00000000
00000000
00000000
00000000
00000000
00000000
00000000
00000000
00000000
00000000
00000000
00000000
00000000
00000000
00000000
00000000
00000000
00000000
00000000
00000000
00000000
00000000
00000000
00000000
00000000
00000000
00000000
00000000
00000000
00000000
00000000
00000000
00000000
00000000
00000000
00000000
00000000
00000000
00000000
00000000
00000000
00000000
00000000
00000000
00000000
00000000
00000000
00000000
00000000
00000000
00000000
00000000
00000000
00000000
00000000
00000000
00000000
00000000
00000000
00000000
00000000
00000000
00000000
00000000
00000000
00000000
00000000
00000000
00000000
00000000
00000000
00000000
00000000
00000000
00000000
00000000
00000000
00000000
00000000
00000000
00000000
00000000
00000000
00000000
00000000
00000000
00000000
00000000
00000000
00000000
00000000
00000000
00000000
00000000
00000000
00000000
00000000
00000000
00000000
00000000
00000000
00000000
00000000
00000000
00000000
00000000
00000000
00000000
00000000
00000000
00000000
00000000
00000000
00000000
00000000
00000000
00000000
00000000
00000000
00000000
00000000
00000000
00000000
00000000
00000000
00000000
00000000
00000000
00000000
00000000
00000000
00000000
00000000
00000000
00000000
00000000
00000000
00000000
00000000
00000000
00000000
00000000
00000000
00000000
00000000
00000000
00000000
00000000
00000000
00000000
00000000
00000000
00000000
00000000
00000000
00000000
00000000
00000000
00000000
00000000
00000000
00000000
00000000
00000000
00000000
00000000
00000000
00000000
00000000
00000000
00000000
00000000
00000000
00000000
00000000
00000000
00000000
00000000
00000000
00000000
00000000
00000000
00000000
00000000
00000000
00000000
00000000
00000000
00000000
00000000
00000000
00000000
00000000
00000000
00000000
00000000
00000000
00000000
00000000
00000000
00000000
00000000
00000000
00000000
00000000
00000000
00000000
00000000
00000000
00000000
00000000
00000000
00000000
00000000
00000000
00000000
00000000
00000000
00000000
00000000
00000000
00000000
00000000
00000000
00000000
00000000
00000000
00000000
00000000
00000000
00000000
00000000
00000000
00000000
00000000
00000000
00000000
00000000
00000000
00000000
00000000
00000000
00000000
00000000
00000000
00000000
00000000
00000000
00000000
00000000
00000000
00000000
00000000
00000000
00000000
00000000
00000000
00000000
00000000
00000000
00000000
00000000
00000000
00000000
00000000
00000000
00000000
00000000
00000000
00000000
00000000
00000000
00000000
00000000
00000000
00000000
00000000
00000000
00000000
00000000
00000000
00000000
00000000
00000000
00000000
00000000
00000000
00000000
00000000
00000000
00000000
00000000
00000000
00000000
00000000
00000000
00000000
00000000
00000000
00000000
00000000
00000000
00000000
00000000
00000000
00000000
00000000
00000000
00000000
00000000
00000000
00000000
00000000
00000000
00000000
00000000
00000000
00000000
00000000
00000000
00000000
00000000
00000000
00000000
00000000
00000000
00000000
00000000
00000000
00000000
00000000
00000000
00000000
00000000
00000000
00000000
00000000
00000000
00000000
00000000
00000000
00000000
00000000
00000000
00000000
00000000
00000000
00000000
00000000
00000000
00000000
00000000
00000000
00000000
00000000
00000000
00000000
00000000
00000000
00000000
00000000
00000000
00000000
00000000
00000000
00000000
00000000
00000000
00000000
00000000
00000000
00000000
00000000
00000000
00000000
00000000
00000000
00000000
00000000
00000000
00000000
00000000
00000000
00000000
00000000
00000000
00000000
00000000
00000000
00000000
00000000
00000000
00000000
00000000
00000000
00000000
00000000
00000000
00000000
00000000
00000000
00000000
00000000
00000000
00000000
00000000
00000000
00000000
00000000
00000000
00000000
00000000
00000000
00000000
00000000
00000000
00000000
00000000
00000000
00000000
00000000
00000000
00000000
00000000
00000000
00000000
00000000
00000000
00000000
00000000
00000000
00000000
00000000
00000000
00000000
00000000
00000000
00000000
00000000
00000000
00000000
00000005
00000005
00000000
00000000
00000000
00000000
00000000
00000000
00000000
00000000
00000000
00000000
00000000
00000001
00000001
00000001
00000001
00000001
00000001
00000001
00000001
00000001
00000001
00000002
00000002
00000002
00000002
00000002
00000002
00000003
00000003
00000003
00000003
00000003
00000004
00000004
00000004
00000004
00000005
00000005
00000005
00000006
00000006
00000006
00000007
00000007
00000007
00000008
00000008
00000009
00000009
0000000a
0000000b
0000000b
0000000c
0000000d
0000000e
0000000f
0000000f
00000011
00000012
00000013
00000014
00000016
00000018
0000001a
0000001c
0000001f
00000022
00000025
00000029
0000002e
00000034
0000003c
00000047
00000056
0000006c
00000091
000000d6
00000160
0000025b
00000373
00000315
00000375
000002d1
000001d0
0000011b
000000b9
00000086
00000068
00000055
00000048
0000003f
00000038
00000032
0000002d
00000029
00000026
00000023
00000021
0000001f
0000001d
0000001b
0000001a
00000018
00000017
00000016
00000015
00000014
00000013
00000012
00000012
00000011
00000010
00000010
0000000f
0000000e
0000000e
0000000e
0000000d
0000000d
0000000c
0000000c
0000000c
0000000b
0000000b
0000000b
0000000a
0000000a
0000000a
00000009
00000009
00000009
00000009
00000009
00000008
00000008
00000008
00000008
00000008
00000007
00000007
00000007
00000007
00000007
00000007
00000006
00000006
00000006
00000006
00000006
00000006
00000006
00000006
00000005
00000005
00000005
00000005
00000005
00000005
00000005
00000005
00000005
00000005
00000005
00000004
00000004
00000004
00000004
00000004
00000004
00000004
00000004
00000004
00000004
00000004
00000004
00000004
00000004
00000004
00000003
00000003
00000003
00000003
00000003
00000003
00000003
00000003
00000003
00000003
00000003
00000003
00000003
00000003
00000003
00000003
00000003
00000003
00000003
00000003
00000003
00000003
00000003
00000003
00000003
00000002
00000002
00000002
00000002
00000002
00000002
00000002
00000002
00000002
00000002
00000002
00000002
00000002
00000002
00000002
00000002
00000002
00000002
00000002
00000002
00000002
00000002
00000002
00000002
00000002
00000002
00000002
00000002
00000002
00000002
00000002
00000002
00000002
00000002
00000002
00000002
00000002
00000002
00000002
00000002
00000002
00000002
00000002
00000002
00000002
00000002
00000002
00000002
00000002
00000002
00000002
00000002
00000002
00000002
00000002
00000002
00000002
00000002
00000002
00000002
00000002
00000002
00000002
00000002
00000002
00000002
00000002
00000002
00000002
00000002
00000002
00000002
00000002
00000002
00000002
00000002
00000002
00000002
00000002
00000002
00000002
00000002
00000002
00000002
00000002
00000002
00000002
00000002
00000002
00000002
00000002
00000002
00000002
00000002
00000002
00000002
00000002
00000002
00000002
00000002
00000002
00000002
00000002
00000003
00000003
00000003
00000003
00000003
00000003
00000003
00000003
00000003
00000003
00000003
00000003
00000003
00000003
00000003
00000003
00000003
00000003
00000003
00000003
00000003
00000003
00000003
00000003
00000003
00000004
00000004
00000004
00000004
00000004
00000004
00000004
00000004
00000004
00000004
00000004
00000004
00000004
00000004
00000004
00000005
00000005
00000005
00000005
00000005
00000005
00000005
00000005
00000005
00000005
00000005
00000006
00000006
00000006
00000006
00000006
00000006
00000006
00000006
00000007
00000007
00000007
00000007
00000007
00000007
00000008
00000008
00000008
00000008
00000008
00000009
00000009
00000009
00000009
00000009
0000000a
0000000a
0000000a
0000000b
0000000b
0000000b
0000000c
0000000c
0000000c
0000000d
0000000d
0000000e
0000000e
0000000e
0000000f
00000010
00000010
00000011
00000012
00000012
00000013
00000014
00000015
00000016
00000017
00000018
0000001a
0000001b
0000001d
0000001f
00000021
00000023
00000026
00000029
0000002d
00000032
00000038
0000003f
00000048
00000055
00000068
00000086
000000b9
0000011b
000001d0
000002d1
00000375
00000315
00000373
0000025b
00000160
000000d6
00000091
0000006c
00000056
00000047
0000003c
00000034
0000002e
00000029
00000025
00000022
0000001f
0000001c
0000001a
00000018
00000016
00000014
00000013
00000012
00000011
0000000f
0000000f
0000000e
0000000d
0000000c
0000000b
0000000b
0000000a
00000009
00000009
00000008
00000008
00000007
00000007
00000007
00000006
00000006
00000006
00000005
00000005
00000005
00000004
00000004
00000004
00000004
00000003
00000003
00000003
00000003
00000003
00000002
00000002
00000002
00000002
00000002
00000002
00000001
00000001
00000001
00000001
00000001
00000001
00000001
00000001
00000001
00000001
00000001
00000000
00000000
00000000
00000000
00000000
00000000
00000000
00000000
00000000
00000000
00000000
00000004
00000003
fffffffe
fffffffe
ffffffff
fffffffe
ffffffff
ffffffff
ffffffff
ffffffff
ffffffff
ffffffff
ffffffff
00000000
00000000
00000001
00000001
00000001
00000001
00000001
00000002
00000002
00000002
00000003
00000003
00000004
00000004
00000004
00000004
00000006
00000006
00000006
00000007
00000007
00000008
00000009
00000009
0000000a
0000000b
0000000b
0000000c
0000000d
0000000e
0000000f
00000010
00000011
00000011
00000013
00000014
00000016
00000017
00000019
0000001b
0000001c
0000001e
00000021
00000023
00000026
00000028
0000002c
0000002f
00000033
00000037
0000003d
00000043
0000004a
00000053
0000005e
0000006c
0000007d
00000097
000000be
00000100
0000017a
00000257
00000378
000003ea
000003cc
00000428
000003a8
000003ba
00000452
000003b2
000003ee
00000333
00000223
00000163
000000f9
000000bf
0000009c
00000085
00000074
00000068
0000005e
00000056
0000004f
00000049
00000044
0000003f
0000003c
00000039
00000036
00000033
00000031
0000002e
0000002c
0000002a
00000028
00000027
00000025
00000023
00000023
00000021
00000020
0000001f
0000001e
0000001c
0000001c
0000001c
0000001a
0000001a
00000019
00000018
00000018
00000017
00000016
00000016
00000015
00000015
00000014
00000013
00000013
00000013
00000012
00000012
00000011
00000011
00000011
00000011
00000010
0000000f
0000000f
0000000f
0000000f
0000000f
0000000f
0000000d
0000000d
0000000d
0000000d
0000000d
0000000d
0000000d
0000000d
0000000b
0000000b
0000000b
0000000b
0000000b
0000000b
0000000b
0000000b
0000000b
0000000b
0000000b
00000009
00000009
00000009
00000009
00000009
00000009
00000009
00000009
00000009
00000009
00000009
00000009
00000009
00000009
00000009
00000008
00000007
00000007
00000007
00000007
00000007
00000007
00000007
00000007
00000007
00000007
00000007
00000007
00000007
00000007
00000007
00000007
00000007
00000007
00000007
00000007
00000007
00000007
00000007
00000007
00000005
00000005
00000005
00000005
00000005
00000005
00000005
00000005
00000005
00000005
00000005
00000005
00000005
00000005
00000005
00000005
00000005
00000005
00000005
00000005
00000005
00000005
00000005
00000005
00000005
00000005
00000005
00000005
00000005
00000005
00000005
00000005
00000005
00000005
00000005
00000005
00000005
00000005
00000005
00000005
00000005
00000005
00000005
00000005
00000005
00000005
00000005
00000005
00000005
00000005
00000005
00000005
00000005
00000005
00000005
00000005
00000005
00000005
00000005
00000005
00000005
00000005
00000005
00000005
00000005
00000005
00000005
00000005
00000005
00000005
00000005
00000005
00000005
00000005
00000005
00000005
00000005
00000005
00000005
00000005
00000005
00000005
00000005
00000005
00000005
00000005
00000005
00000005
00000005
00000005
00000005
00000005
00000005
00000005
00000005
00000005
00000005
00000005
00000005
00000005
00000005
00000005
00000005
00000007
00000007
00000007
00000007
00000007
00000007
00000007
00000007
00000007
00000007
00000007
00000007
00000007
00000007
00000007
00000007
00000007
00000007
00000007
00000007
00000007
00000007
00000007
00000007
00000008
00000009
00000009
00000009
00000009
00000009
00000009
00000009
00000009
00000009
00000009
00000009
00000009
00000009
00000009
00000009
0000000b
0000000b
0000000b
0000000b
0000000b
0000000b
0000000b
0000000b
0000000b
0000000b
0000000b
0000000d
0000000d
0000000d
0000000d
0000000d
0000000d
0000000d
0000000d
0000000f
0000000f
0000000f
0000000f
0000000f
0000000f
00000010
00000011
00000011
00000011
00000011
00000012
00000012
00000013
00000013
00000013
00000014
00000015
00000015
00000016
00000016
00000017
00000018
00000018
00000019
0000001a
0000001a
0000001c
0000001c
0000001c
0000001e
0000001f
00000020
00000021
00000023
00000023
00000025
00000027
00000028
0000002a
0000002c
0000002e
00000031
00000033
00000036
00000039
0000003c
0000003f
00000044
00000049
0000004f
00000056
0000005e
00000068
00000074
00000085
0000009c
000000bf
000000f9
00000163
00000223
00000333
000003ee
000003b2
00000452
000003ba
000003a8
00000428
000003cc
000003ea
00000378
00000257
0000017a
00000100
000000be
00000097
0000007d
0000006c
0000005e
00000053
0000004a
00000043
0000003d
00000037
00000033
0000002f
0000002c
00000028
00000026
00000023
00000021
0000001e
0000001c
0000001b
00000019
00000017
00000016
00000014
00000013
00000011
00000011
00000010
0000000f
0000000e
0000000d
0000000c
0000000b
0000000b
0000000a
00000009
00000009
00000008
00000007
00000007
00000006
00000006
00000006
00000004
00000004
00000004
00000004
00000003
00000003
00000002
00000002
00000001
00000001
00000001
00000001
00000001
00000001
00000000
00000000
00000000
ffffffff
ffffffff
ffffffff
ffffffff
ffffffff
ffffffff
fffffffe
fffffffe
fffffffe
fffffffe
fffffffe
0000000b
0000000b
00000006
00000006
00000007
00000006
00000007
00000007
00000007
00000007
00000007
00000007
00000007
00000008
00000008
00000009
00000009
0000000a
0000000a
0000000a
0000000b
0000000b
0000000b
0000000c
0000000d
0000000e
0000000e
0000000e
0000000e
00000011
00000011
00000011
00000012
00000013
00000014
00000015
00000016
00000017
00000018
00000019
0000001a
0000001c
0000001e
0000001f
00000021
00000023
00000023
00000026
00000028
0000002b
0000002d
00000031
00000034
00000037
0000003b
00000040
00000044
0000004a
00000050
00000058
00000060
0000006a
00000077
00000089
000000a0
000000c2
000000fb
00000163
00000225
00000360
00000480
000003d8
000004d8
00000415
000003cc
00000450
00000476
00000431
00000476
000003e8
000003f0
00000480
000003da
00000412
00000353
00000240
0000017d
00000111
000000d5
000000b0
00000098
00000085
00000078
0000006d
00000064
0000005c
00000055
00000050
0000004a
00000046
00000043
0000003f
0000003b
00000039
00000036
00000033
00000031
0000002e
0000002d
0000002b
00000028
00000028
00000026
00000024
00000023
00000022
00000020
0000001f
0000001f
0000001d
0000001d
0000001c
0000001b
0000001a
00000019
00000018
00000018
00000017
00000017
00000015
00000014
00000014
00000014
00000013
00000013
00000012
00000012
00000011
00000011
00000010
0000000f
0000000f
0000000f
0000000f
0000000f
0000000f
0000000d
0000000d
0000000d
0000000c
0000000c
0000000c
0000000c
0000000c
0000000a
0000000a
0000000a
0000000a
0000000a
0000000a
0000000a
0000000a
0000000a
0000000a
0000000a
00000008
00000008
00000008
00000007
00000007
00000007
00000007
00000007
00000007
00000007
00000007
00000007
00000007
00000007
00000007
00000006
00000005
00000005
00000005
00000005
00000005
00000005
00000005
00000005
00000005
00000005
00000005
00000005
00000005
00000005
00000005
00000005
00000005
00000005
00000005
00000005
00000005
00000005
00000005
00000005
00000003
00000002
00000002
00000002
00000002
00000002
00000002
00000002
00000002
00000002
00000002
00000002
00000002
00000002
00000002
00000002
00000002
00000002
00000002
00000002
00000002
00000002
00000002
00000002
00000002
00000002
00000002
00000002
00000002
00000002
00000002
00000002
00000002
00000002
00000002
00000002
00000002
00000002
00000002
00000002
00000002
00000002
00000002
00000002
00000002
00000002
00000002
00000002
00000002
00000002
00000002
00000002
00000002
00000002
00000002
00000002
00000002
00000002
00000002
00000002
00000002
00000002
00000002
00000002
00000002
00000002
00000002
00000002
00000002
00000002
00000002
00000002
00000002
00000002
00000002
00000002
00000002
00000002
00000002
00000002
00000002
00000002
00000002
00000002
00000002
00000002
00000002
00000002
00000002
00000002
00000002
00000002
00000002
00000002
00000002
00000002
00000002
00000002
00000002
00000002
00000002
00000002
00000003
00000005
00000005
00000005
00000005
00000005
00000005
00000005
00000005
00000005
00000005
00000005
00000005
00000005
00000005
00000005
00000005
00000005
00000005
00000005
00000005
00000005
00000005
00000005
00000005
00000006
00000007
00000007
00000007
00000007
00000007
00000007
00000007
00000007
00000007
00000007
00000007
00000007
00000008
00000008
00000008
0000000a
0000000a
0000000a
0000000a
0000000a
0000000a
0000000a
0000000a
0000000a
0000000a
0000000a
0000000c
0000000c
0000000c
0000000c
0000000c
0000000d
0000000d
0000000d
0000000f
0000000f
0000000f
0000000f
0000000f
0000000f
00000010
00000011
00000011
00000012
00000012
00000013
00000013
00000014
00000014
00000014
00000015
00000017
00000017
00000018
00000018
00000019
0000001a
0000001b
0000001c
0000001d
0000001d
0000001f
0000001f
00000020
00000022
00000023
00000024
00000026
00000028
00000028
0000002b
0000002d
0000002e
00000031
00000033
00000036
00000039
0000003b
0000003f
00000043
00000046
0000004a
00000050
00000055
0000005c
00000064
0000006d
00000078
00000085
00000098
000000b0
000000d5
00000111
0000017d
00000240
00000353
00000412
000003da
00000480
000003f0
000003e8
00000476
00000431
00000476
00000450
000003cc
00000415
000004d8
000003d8
00000480
00000360
00000225
00000163
000000fb
000000c2
000000a0
00000089
00000077
0000006a
00000060
00000058
00000050
0000004a
00000044
00000040
0000003b
00000037
00000034
00000031
0000002d
0000002b
00000028
00000026
00000023
00000023
00000021
0000001f
0000001e
0000001c
0000001a
00000019
00000018
00000017
00000016
00000015
00000014
00000013
00000012
00000011
00000011
00000011
0000000e
0000000e
0000000e
0000000e
0000000d
0000000c
0000000b
0000000b
0000000a
0000000a
0000000a
0000000a
00000009
00000009
00000008
00000008
00000008
00000007
00000007
00000007
00000007
00000007
00000007
00000006
00000006
00000006
00000006
00000006
00000006
00000006
00000001
00000001
00000003
00000002
00000003
00000003
00000003
00000003
00000003
00000003
00000003
00000004
00000004
00000005
00000005
00000006
00000007
00000007
00000008
00000008
00000008
00000009
0000000a
0000000c
0000000c
0000000c
0000000c
0000000f
0000000f
00000010
00000011
00000012
00000013
00000015
00000016
00000017
00000019
0000001a
0000001b
0000001e
00000020
00000022
00000024
00000027
00000028
0000002c
0000002f
00000033
00000036
0000003c
00000041
00000047
0000004e
00000058
00000062
00000070
00000084
000000a2
000000d4
00000133
000001f7
00000363
000004e2
000003ce
00000533
0000042f
0000039a
00000422
000004f0
00000420
0000050b
0000043b
000003ea
00000468
0000048a
00000442
00000485
000003f5
000003fb
0000048a
000003e3
0000041a
0000035a
00000247
00000183
00000116
000000da
000000b5
0000009c
00000089
0000007b
00000070
00000067
0000005f
00000057
00000052
0000004c
00000048
00000045
00000040
0000003c
0000003a
00000037
00000034
00000032
0000002f
0000002d
0000002b
00000028
00000028
00000026
00000024
00000023
00000022
00000020
0000001f
0000001e
0000001c
0000001c
0000001b
0000001a
00000019
00000018
00000017
00000017
00000016
00000016
00000014
00000013
00000013
00000013
00000012
00000012
00000011
00000010
0000000f
0000000f
0000000e
0000000d
0000000d
0000000d
0000000d
0000000d
0000000d
0000000b
0000000b
0000000b
0000000a
0000000a
0000000a
0000000a
0000000a
00000008
00000008
00000008
00000008
00000008
00000008
00000008
00000008
00000008
00000008
00000008
00000006
00000006
00000006
00000005
00000005
00000005
00000005
00000005
00000004
00000005
00000004
00000004
00000004
00000004
00000004
00000003
00000002
00000002
00000002
00000002
00000002
00000002
00000002
00000002
00000002
00000002
00000002
00000002
00000002
00000002
00000002
00000002
00000002
00000002
00000002
00000002
00000002
00000002
00000002
00000002
00000000
ffffffff
ffffffff
ffffffff
ffffffff
ffffffff
ffffffff
ffffffff
ffffffff
ffffffff
ffffffff
ffffffff
ffffffff
ffffffff
ffffffff
ffffffff
ffffffff
ffffffff
ffffffff
ffffffff
ffffffff
ffffffff
ffffffff
ffffffff
ffffffff
ffffffff
ffffffff
ffffffff
ffffffff
ffffffff
ffffffff
ffffffff
ffffffff
ffffffff
ffffffff
ffffffff
ffffffff
ffffffff
ffffffff
ffffffff
ffffffff
ffffffff
ffffffff
ffffffff
ffffffff
ffffffff
ffffffff
ffffffff
ffffffff
ffffffff
ffffffff
ffffffff
ffffffff
ffffffff
ffffffff
ffffffff
ffffffff
ffffffff
ffffffff
ffffffff
ffffffff
ffffffff
ffffffff
ffffffff
ffffffff
ffffffff
ffffffff
ffffffff
ffffffff
ffffffff
ffffffff
ffffffff
ffffffff
ffffffff
ffffffff
ffffffff
ffffffff
ffffffff
ffffffff
ffffffff
ffffffff
ffffffff
ffffffff
ffffffff
ffffffff
ffffffff
ffffffff
ffffffff
ffffffff
ffffffff
ffffffff
ffffffff
ffffffff
ffffffff
ffffffff
ffffffff
ffffffff
ffffffff
ffffffff
ffffffff
ffffffff
ffffffff
00000000
00000002
00000002
00000002
00000002
00000002
00000002
00000002
00000002
00000002
00000002
00000002
00000002
00000002
00000002
00000002
00000002
00000002
00000002
00000002
00000002
00000002
00000002
00000002
00000002
00000003
00000004
00000004
00000004
00000004
00000004
00000004
00000004
00000005
00000005
00000005
00000005
00000005
00000006
00000006
00000006
00000008
00000008
00000008
00000008
00000008
00000008
00000008
00000008
00000008
00000008
00000008
0000000a
0000000a
0000000a
0000000a
0000000a
0000000b
0000000b
0000000b
0000000d
0000000d
0000000d
0000000d
0000000d
0000000d
0000000e
0000000f
0000000f
00000010
00000011
00000012
00000012
00000013
00000013
00000013
00000014
00000016
00000016
00000017
00000017
00000018
00000019
0000001a
0000001b
0000001c
0000001c
0000001e
0000001f
00000020
00000022
00000023
00000024
00000026
00000028
00000028
0000002b
0000002d
0000002f
00000032
00000034
00000037
0000003a
0000003c
00000040
00000045
00000048
0000004c
00000052
00000057
0000005f
00000067
00000070
0000007b
00000089
0000009c
000000b5
000000da
00000116
00000183
00000247
0000035a
0000041a
000003e3
0000048a
000003fb
000003f5
00000485
00000442
0000048a
00000468
000003ea
0000043b
0000050b
00000420
000004f0
00000422
0000039a
0000042f
00000533
000003ce
000004e2
00000363
000001f7
00000133
000000d4
000000a2
00000084
00000070
00000062
00000058
0000004e
00000047
00000041
0000003c
00000036
00000033
0000002f
0000002c
00000028
00000027
00000024
00000022
00000020
0000001e
0000001b
0000001a
00000019
00000017
00000016
00000015
00000013
00000012
00000011
00000010
0000000f
0000000f
0000000c
0000000c
0000000c
0000000c
0000000a
00000009
00000008
00000008
00000007
00000007
00000007
00000006
00000005
00000005
00000004
00000004
00000004
00000003
00000003
00000003
00000003
00000003
00000003
00000002
00000002
00000002
00000001
00000001
00000001
00000002
fffffffd
fffffffd
ffffffff
fffffffe
ffffffff
ffffffff
ffffffff
ffffffff
ffffffff
ffffffff
00000000
00000001
00000001
00000002
00000002
00000003
00000004
00000004
00000005
00000006
00000006
00000007
00000008
0000000a
0000000a
0000000b
0000000b
0000000e
0000000e
00000010
00000011
00000012
00000014
00000016
00000018
00000019
0000001c
0000001d
0000001f
00000023
00000026
00000029
0000002d
00000031
00000034
0000003b
00000041
00000049
00000052
00000061
00000073
00000090
000000c0
00000120
000001e3
00000353
000004df
000003c4
00000527
0000040e
00000373
00000428
00000553
00000416
00000566
00000455
000003b7
0000043a
00000503
00000430
00000519
00000447
000003f4
00000471
00000492
00000449
0000048b
000003fb
00000400
0000048f
000003e7
0000041e
0000035d
0000024a
00000186
00000118
000000dc
000000b7
0000009e
0000008b
0000007c
00000071
00000068
00000060
00000058
00000052
0000004c
00000048
00000045
00000040
0000003c
0000003a
00000037
00000034
00000031
0000002e
0000002c
0000002a
00000027
00000027
00000025
00000023
00000022
00000021
0000001f
0000001e
0000001d
0000001b
0000001a
00000019
00000018
00000017
00000016
00000015
00000015
00000014
00000014
00000012
00000011
00000011
00000011
00000010
00000010
0000000f
0000000e
0000000d
0000000d
0000000c
0000000b
0000000b
0000000b
0000000b
0000000b
0000000b
00000009
00000009
00000009
00000008
00000007
00000007
00000007
00000007
00000005
00000005
00000005
00000005
00000005
00000005
00000005
00000005
00000005
00000005
00000005
00000003
00000003
00000003
00000002
00000002
00000002
00000002
00000002
00000001
00000002
00000001
00000001
00000001
00000001
00000001
00000000
ffffffff
ffffffff
ffffffff
ffffffff
ffffffff
ffffffff
ffffffff
ffffffff
ffffffff
ffffffff
ffffffff
ffffffff
ffffffff
ffffffff
ffffffff
ffffffff
ffffffff
ffffffff
ffffffff
ffffffff
ffffffff
ffffffff
ffffffff
ffffffff
fffffffd
fffffffc
fffffffc
fffffffc
fffffffc
fffffffc
fffffffc
fffffffc
fffffffc
fffffffc
fffffffc
fffffffc
fffffffc
fffffffc
fffffffc
fffffffc
fffffffc
fffffffc
fffffffc
fffffffc
fffffffc
fffffffc
fffffffc
fffffffc
fffffffc
fffffffc
fffffffc
fffffffc
fffffffc
fffffffc
fffffffc
fffffffc
fffffffc
fffffffc
fffffffc
fffffffc
fffffffc
fffffffc
fffffffc
fffffffc
fffffffc
fffffffc
fffffffc
fffffffc
fffffffc
fffffffc
fffffffc
fffffffc
fffffffc
fffffffc
fffffffc
fffffffc
fffffffc
fffffffc
fffffffc
fffffffc
fffffffc
fffffffc
fffffffc
fffffffc
fffffffc
fffffffc
fffffffc
fffffffc
fffffffc
fffffffc
fffffffc
fffffffc
fffffffc
fffffffc
fffffffc
fffffffc
fffffffc
fffffffc
fffffffc
fffffffc
fffffffc
fffffffc
fffffffc
fffffffc
fffffffc
fffffffc
fffffffc
fffffffc
fffffffc
fffffffc
fffffffc
fffffffc
fffffffc
fffffffc
fffffffc
fffffffc
fffffffc
fffffffc
fffffffc
fffffffc
fffffffc
fffffffc
fffffffc
fffffffc
fffffffc
fffffffc
fffffffd
ffffffff
ffffffff
ffffffff
ffffffff
ffffffff
ffffffff
ffffffff
ffffffff
ffffffff
ffffffff
ffffffff
ffffffff
ffffffff
ffffffff
ffffffff
ffffffff
ffffffff
ffffffff
ffffffff
ffffffff
ffffffff
ffffffff
ffffffff
ffffffff
00000000
00000001
00000001
00000001
00000001
00000001
00000001
00000001
00000002
00000002
00000002
00000002
00000002
00000003
00000003
00000003
00000005
00000005
00000005
00000005
00000005
00000005
00000005
00000005
00000005
00000005
00000005
00000007
00000007
00000007
00000007
00000008
00000009
00000009
00000009
0000000b
0000000b
0000000b
0000000b
0000000b
0000000b
0000000c
0000000d
0000000d
0000000e
0000000f
00000010
00000010
00000011
00000011
00000011
00000012
00000014
00000014
00000015
00000015
00000016
00000017
00000018
00000019
0000001a
0000001b
0000001d
0000001e
0000001f
00000021
00000022
00000023
00000025
00000027
00000027
0000002a
0000002c
0000002e
00000031
00000034
00000037
0000003a
0000003c
00000040
00000045
00000048
0000004c
00000052
00000058
00000060
00000068
00000071
0000007c
0000008a
0000009e
000000b7
000000dc
00000118
00000186
0000024a
0000035d
0000041e
000003e7
0000048f
00000400
000003fb
0000048b
00000449
00000492
00000471
000003f4
00000447
00000519
00000430
00000503
0000043a
000003b7
00000455
00000566
00000416
00000553
00000428
00000373
0000040e
00000527
000003c4
000004df
00000353
000001e3
00000120
000000c0
00000090
00000073
00000061
00000052
00000049
00000041
0000003b
00000034
00000031
0000002d
00000029
00000026
00000023
0000001f
0000001d
0000001c
00000019
00000018
00000016
00000014
00000012
00000011
00000010
0000000e
0000000e
0000000b
0000000b
0000000a
0000000a
00000008
00000007
00000006
00000006
00000004
00000004
00000004
00000003
00000002
00000002
00000001
00000001
00000001
ffffffff
ffffffff
ffffffff
ffffffff
ffffffff
ffffffff
fffffffe
fffffffe
fffffffe
fffffffd
fffffffd
0000000c
0000000c
00000007
00000007
00000009
00000008
00000009
0000000a
0000000a
0000000a
0000000a
0000000a
0000000b
0000000d
0000000d
0000000e
0000000e
0000000f
00000011
00000011
00000013
00000014
00000014
00000016
00000017
0000001a
0000001a
0000001c
0000001d
00000021
00000021
00000024
00000026
00000029
0000002c
0000002f
00000033
00000036
0000003b
0000003f
00000044
0000004c
00000054
0000005d
00000069
00000077
0000008a
000000a9
000000d9
00000134
000001eb
0000033f
000004a7
000003da
000004f4
00000424
000003a2
00000455
00000583
00000437
0000057f
00000454
000003ae
0000045a
0000057f
0000043c
00000588
00000474
000003d3
00000454
0000051b
00000446
0000052d
0000045a
00000405
00000481
000004a1
00000457
00000498
00000408
0000040c
0000049a
000003f2
00000428
00000366
00000253
0000018e
00000120
000000e4
000000be
000000a5
00000092
00000082
00000077
0000006e
00000065
0000005d
00000057
00000051
0000004c
00000049
00000044
00000040
0000003e
0000003a
00000037
00000034
00000031
0000002f
0000002d
00000029
00000029
00000027
00000025
00000024
00000023
00000021
00000020
0000001e
0000001c
0000001b
0000001a
00000019
00000018
00000017
00000016
00000016
00000015
00000015
00000013
00000011
00000011
00000011
00000010
00000010
0000000f
0000000e
0000000d
0000000d
0000000c
0000000b
0000000b
0000000b
0000000b
0000000b
0000000b
00000009
00000008
00000008
00000007
00000006
00000006
00000006
00000006
00000004
00000004
00000004
00000004
00000004
00000004
00000004
00000004
00000004
00000004
00000004
00000002
00000002
00000002
00000001
00000001
00000001
00000001
00000001
00000000
00000001
00000000
00000000
00000000
00000000
00000000
fffffffe
fffffffd
fffffffd
fffffffd
fffffffd
fffffffd
fffffffd
fffffffd
fffffffd
fffffffd
fffffffd
fffffffd
fffffffd
fffffffd
fffffffd
fffffffd
fffffffd
fffffffd
fffffffd
fffffffd
fffffffd
fffffffd
fffffffd
fffffffd
fffffffd
fffffffb
fffffffa
fffffffa
fffffffa
fffffffa
fffffffa
fffffffa
fffffffa
fffffffa
fffffffa
fffffffa
fffffffa
fffffffa
fffffffa
fffffffa
fffffffa
fffffffa
fffffffa
fffffffa
fffffffa
fffffffa
fffffffa
fffffffa
fffffffa
fffffffa
fffffffa
fffffffa
fffffffa
fffffffa
fffffffa
fffffffa
fffffffa
fffffffa
fffffffa
fffffffa
fffffffa
fffffffa
fffffffa
fffffffa
fffffffa
fffffffa
fffffffa
fffffffa
fffffffa
fffffffa
fffffffa
fffffffa
fffffffa
fffffffa
fffffffa
fffffffa
fffffffa
fffffffa
fffffffa
fffffffa
fffffffa
fffffffa
fffffffa
fffffffa
fffffffa
fffffffa
fffffffa
fffffffa
fffffffa
fffffffa
fffffffa
fffffffa
fffffffa
fffffffa
fffffffa
fffffffa
fffffffa
fffffffa
fffffffa
fffffffa
fffffffa
fffffffa
fffffffa
fffffffa
fffffffa
fffffffa
fffffffa
fffffffa
fffffffa
fffffffa
fffffffa
fffffffa
fffffffa
fffffffa
fffffffa
fffffffa
fffffffa
fffffffa
fffffffa
fffffffa
fffffffa
fffffffa
fffffffa
fffffffa
fffffffa
fffffffa
fffffffa
fffffffb
fffffffd
fffffffd
fffffffd
fffffffd
fffffffd
fffffffd
fffffffd
fffffffd
fffffffd
fffffffd
fffffffd
fffffffd
fffffffd
fffffffd
fffffffd
fffffffd
fffffffd
fffffffd
fffffffd
fffffffd
fffffffd
fffffffd
fffffffd
fffffffd
fffffffe
00000000
00000000
00000000
00000000
00000000
00000000
00000000
00000001
00000001
00000001
00000001
00000001
00000002
00000002
00000002
00000004
00000004
00000004
00000004
00000004
00000004
00000004
00000004
00000004
00000004
00000004
00000006
00000006
00000006
00000006
00000007
00000008
00000008
00000009
0000000b
0000000b
0000000b
0000000b
0000000b
0000000b
0000000c
0000000d
0000000d
0000000e
0000000f
00000010
00000010
00000011
00000011
00000011
00000013
00000015
00000015
00000016
00000016
00000017
00000018
00000019
0000001a
0000001b
0000001c
0000001e
00000020
00000021
00000023
00000024
00000025
00000027
00000029
00000029
0000002d
0000002f
00000031
00000034
00000037
0000003a
0000003e
00000040
00000044
00000049
0000004c
00000051
00000057
0000005d
00000065
0000006e
00000077
00000082
00000091
000000a5
000000be
000000e4
00000120
0000018e
00000253
00000366
00000428
000003f2
0000049a
0000040c
00000408
00000498
00000457
000004a1
00000481
00000405
0000045a
0000052d
00000446
0000051b
00000454
000003d3
00000474
00000588
0000043c
0000057f
0000045a
000003ae
00000454
0000057f
00000437
00000583
00000455
000003a2
00000424
000004f4
000003da
000004a7
0000033f
000001eb
00000134
000000d9
000000a9
0000008a
00000077
00000069
0000005d
00000054
0000004c
00000044
0000003f
0000003b
00000036
00000033
0000002f
0000002c
00000029
00000026
00000024
00000021
00000021
0000001d
0000001c
0000001a
0000001a
00000017
00000016
00000014
00000014
00000012
00000011
00000011
0000000f
0000000e
0000000e
0000000d
0000000c
0000000c
0000000a
0000000a
0000000a
0000000a
0000000a
00000009
00000008
00000008
00000008
00000007
00000007
00000006
00000007
00000003
00000003
00000006
00000005
00000007
00000009
00000009
0000000a
0000000b
0000000c
0000000d
00000010
00000011
00000013
00000014
00000015
00000018
00000019
0000001d
0000001f
00000020
00000023
00000026
0000002a
0000002c
00000030
00000033
00000039
0000003b
00000041
00000046
0000004d
00000054
0000005c
00000066
00000071
0000007f
0000008f
000000a6
000000c7
000000f9
0000014e
000001ef
0000030d
0000045b
0000044e
000004b8
00000495
0000042b
000004a2
00000590
00000483
00000578
00000491
000003ff
000004a7
000005cc
00000479
000005bb
0000048b
000003e1
0000048a
000005ac
00000466
000005b0
0000049a
000003f7
00000476
0000053b
00000465
0000054b
00000476
00000420
0000049b
000004ba
0000046f
000004b0
0000041f
00000422
000004af
00000407
0000043c
0000037a
00000266
000001a1
00000132
000000f6
000000cf
000000b6
000000a2
00000092
00000087
0000007d
00000074
0000006c
00000065
0000005f
0000005a
00000056
00000051
0000004d
0000004b
00000046
00000043
00000040
0000003d
0000003a
00000038
00000034
00000034
00000032
0000002f
0000002e
0000002d
0000002b
0000002a
00000028
00000025
00000024
00000023
00000022
00000021
00000020
0000001f
0000001e
0000001d
0000001d
0000001b
00000019
00000019
00000019
00000018
00000018
00000016
00000015
00000014
00000014
00000013
00000012
00000012
00000012
00000012
00000012
00000012
0000000f
0000000e
0000000e
0000000d
0000000c
0000000c
0000000c
0000000c
0000000a
0000000a
0000000a
0000000a
0000000a
0000000a
0000000a
00000009
00000009
00000009
00000009
00000007
00000007
00000007
00000006
00000006
00000006
00000006
00000006
00000005
00000006
00000005
00000005
00000005
00000005
00000005
00000003
00000002
00000002
00000001
00000001
00000001
00000001
00000001
00000001
00000001
00000001
00000001
00000001
00000001
00000001
00000001
00000001
00000001
00000001
00000001
00000001
00000001
00000001
00000001
00000001
ffffffff
fffffffe
fffffffe
fffffffe
fffffffe
fffffffe
fffffffe
fffffffe
fffffffe
fffffffe
fffffffe
fffffffe
fffffffe
fffffffe
fffffffe
fffffffe
fffffffe
fffffffe
fffffffe
fffffffe
fffffffd
fffffffd
fffffffd
fffffffd
fffffffd
fffffffd
fffffffd
fffffffd
fffffffd
fffffffd
fffffffd
fffffffd
fffffffd
fffffffd
fffffffd
fffffffd
fffffffd
fffffffd
fffffffd
fffffffd
fffffffd
fffffffd
fffffffd
fffffffd
fffffffd
fffffffd
fffffffd
fffffffd
fffffffd
fffffffd
fffffffd
fffffffd
fffffffd
fffffffd
fffffffd
fffffffd
fffffffd
fffffffd
fffffffd
fffffffd
fffffffd
fffffffd
fffffffd
fffffffd
fffffffd
fffffffd
fffffffd
fffffffd
fffffffd
fffffffd
fffffffd
fffffffd
fffffffd
fffffffd
fffffffd
fffffffd
fffffffd
fffffffd
fffffffd
fffffffd
fffffffd
fffffffd
fffffffd
fffffffe
fffffffe
fffffffe
fffffffe
fffffffe
fffffffe
fffffffe
fffffffe
fffffffe
fffffffe
fffffffe
fffffffe
fffffffe
fffffffe
fffffffe
fffffffe
fffffffe
fffffffe
fffffffe
ffffffff
00000001
00000001
00000001
00000001
00000001
00000001
00000001
00000001
00000001
00000001
00000001
00000001
00000001
00000001
00000001
00000001
00000001
00000001
00000001
00000001
00000001
00000001
00000002
00000002
00000003
00000005
00000005
00000005
00000005
00000005
00000005
00000005
00000006
00000006
00000006
00000006
00000006
00000007
00000007
00000007
00000009
00000009
00000009
00000009
0000000a
0000000a
0000000a
0000000a
0000000a
0000000a
0000000a
0000000c
0000000c
0000000c
0000000c
0000000d
0000000e
0000000e
0000000f
00000012
00000012
00000012
00000012
00000012
00000012
00000013
00000014
00000014
00000015
00000016
00000018
00000018
00000019
00000019
00000019
0000001b
0000001d
0000001d
0000001e
0000001f
00000020
00000021
00000022
00000023
00000024
00000025
00000028
0000002a
0000002b
0000002d
0000002e
0000002f
00000032
00000034
00000034
00000038
0000003a
0000003d
00000040
00000043
00000046
0000004b
0000004d
00000051
00000056
0000005a
0000005f
00000065
0000006c
00000074
0000007d
00000087
00000092
000000a1
000000b6
000000cf
000000f6
00000132
000001a1
00000266
0000037a
0000043c
00000407
000004af
00000422
0000041f
000004b0
0000046f
000004ba
0000049b
00000420
00000476
0000054b
00000465
0000053b
00000476
000003f7
0000049a
000005b0
00000466
000005ac
0000048a
000003e1
0000048b
000005bb
00000479
000005cc
000004a7
000003ff
00000491
00000578
00000483
00000590
000004a2
0000042b
00000495
000004b8
0000044e
0000045b
0000030d
000001ef
0000014e
000000f9
000000c7
000000a6
0000008f
0000007f
00000071
00000066
0000005c
00000054
0000004d
00000046
00000041
0000003b
00000039
00000033
00000030
0000002c
0000002a
00000026
00000023
00000020
0000001f
0000001c
00000019
00000018
00000015
00000014
00000013
00000011
0000000f
0000000e
0000000c
0000000b
0000000a
00000009
00000009
00000007
00000005
00000005
00000004
00000003
00000002
00000007
00000007
00000003
00000004
00000007
00000006
00000009
0000000c
0000000c
0000000e
00000010
00000012
00000013
00000017
0000001a
0000001d
0000001f
00000021
00000025
00000028
0000002e
00000031
00000034
00000039
0000003f
00000046
0000004b
00000052
00000059
00000064
0000006c
00000079
00000087
00000099
000000b0
000000cf
000000fe
00000148
000001d0
000002c1
00000413
000004d6
0000048c
00000538
000004a5
000004ab
0000055e
00000503
00000543
00000506
0000048b
000004f5
000005da
000004c6
000005b5
000004c9
00000432
000004d7
000005f9
000004a3
000005e3
000004b1
00000405
000004ac
000005cc
00000485
000005ce
000004b7
00000412
00000490
00000554
0000047e
00000563
0000048d
00000436
000004b0
000004cf
00000483
000004c4
00000432
00000435
000004c1
00000419
0000044d
0000038b
00000276
000001b1
00000142
00000105
000000de
000000c4
000000b0
000000a0
00000095
0000008a
00000081
00000079
00000071
0000006b
00000066
00000062
0000005d
00000058
00000056
00000051
0000004e
0000004b
00000047
00000044
00000042
0000003e
0000003e
0000003b
00000038
00000037
00000036
00000034
00000033
00000031
0000002d
0000002c
0000002b
0000002a
00000029
00000028
00000027
00000026
00000025
00000024
00000022
00000020
00000020
00000020
0000001f
0000001f
0000001d
0000001c
0000001b
0000001a
00000019
00000018
00000018
00000018
00000018
00000018
00000018
00000015
00000014
00000014
00000013
00000012
00000012
00000011
00000011
0000000f
0000000f
0000000f
0000000f
0000000f
0000000f
0000000f
0000000e
0000000e
0000000e
0000000e
0000000c
0000000c
0000000c
0000000b
0000000b
0000000b
0000000b
0000000a
00000009
0000000a
00000009
00000009
00000009
00000009
00000009
00000007
00000006
00000006
00000005
00000005
00000005
00000005
00000005
00000005
00000005
00000005
00000005
00000005
00000005
00000005
00000005
00000005
00000005
00000005
00000005
00000005
00000005
00000005
00000005
00000004
00000002
00000001
00000001
00000001
00000001
00000001
00000001
00000001
00000001
00000001
00000001
00000001
00000001
00000001
00000001
00000001
00000001
00000001
00000001
00000001
00000000
00000000
00000000
00000000
00000000
00000000
00000000
00000000
00000000
00000000
00000000
00000000
00000000
00000000
00000000
00000000
00000000
00000000
00000000
00000000
00000000
00000000
00000000
00000000
00000000
00000000
00000000
00000000
00000000
00000000
00000000
00000000
00000000
00000000
00000000
00000000
00000000
00000000
00000000
00000000
00000000
00000000
00000000
00000000
00000000
00000000
00000000
00000000
00000000
00000000
00000000
00000000
00000000
00000000
00000000
00000000
00000000
00000000
00000000
00000000
00000000
00000000
00000000
00000001
00000001
00000001
00000001
00000001
00000001
00000001
00000001
00000001
00000001
00000001
00000001
00000001
00000001
00000001
00000001
00000001
00000001
00000001
00000002
00000004
00000005
00000005
00000005
00000005
00000005
00000005
00000005
00000005
00000005
00000005
00000005
00000005
00000005
00000005
00000005
00000005
00000005
00000005
00000005
00000005
00000005
00000006
00000006
00000007
00000009
00000009
00000009
00000009
00000009
00000009
00000009
0000000a
0000000b
0000000b
0000000b
0000000b
0000000c
0000000c
0000000c
0000000e
0000000e
0000000e
0000000e
0000000f
0000000f
0000000f
0000000f
0000000f
0000000f
0000000f
00000011
00000012
00000012
00000012
00000013
00000014
00000014
00000015
00000018
00000018
00000018
00000018
00000018
00000018
00000019
0000001a
0000001b
0000001c
0000001d
0000001f
0000001f
00000020
00000020
00000020
00000022
00000024
00000025
00000026
00000027
00000028
00000029
0000002a
0000002b
0000002c
0000002d
00000031
00000033
00000034
00000036
00000037
00000038
0000003b
0000003e
0000003e
00000042
00000044
00000047
0000004b
0000004e
00000051
00000056
00000058
0000005d
00000062
00000066
0000006b
00000071
00000079
00000081
0000008a
00000095
000000a0
000000af
000000c4
000000de
00000105
00000142
000001b1
00000276
0000038b
0000044d
00000419
000004c1
00000435
00000432
000004c4
00000483
000004cf
000004b0
00000436
0000048d
00000563
0000047e
00000554
00000490
00000412
000004b7
000005ce
00000485
000005cc
000004ac
00000405
000004b1
000005e3
000004a3
000005f9
000004d7
00000432
000004c9
000005b5
000004c6
000005da
000004f5
0000048b
00000506
00000543
00000503
0000055e
000004ab
000004a5
00000538
0000048c
000004d6
00000413
000002c1
000001d0
00000148
000000fe
000000cf
000000b0
00000099
00000087
00000079
0000006c
00000064
00000059
00000052
0000004b
00000046
0000003f
00000039
00000034
00000031
0000002d
00000028
00000025
00000021
0000001f
0000001d
0000001a
00000016
00000014
00000012
00000010
0000000e
0000000c
0000000c
00000009
00000006
00000006
00000005
00000003
00000002
0000001b
0000001c
00000018
00000019
0000001c
0000001b
0000001f
00000022
00000022
00000025
00000027
0000002a
0000002c
00000030
00000034
00000038
0000003b
0000003e
00000044
00000049
00000050
00000056
0000005b
00000064
0000006e
00000079
00000085
00000094
000000a7
000000c3
000000e7
00000124
00000193
00000267
000003d2
0000053e
0000046c
000005b1
000004c6
0000045f
000004fb
00000567
000004f2
00000585
000004e2
000004de
00000589
00000528
00000563
00000522
000004a4
0000050c
000005ee
000004d8
000005c6
000004d8
00000440
000004e4
00000605
000004ae
000005ed
000004ba
0000040d
000004b4
000005d3
0000048c
000005d4
000004bd
00000417
00000495
00000558
00000482
00000567
00000490
00000439
000004b3
000004d1
00000485
000004c6
00000434
00000437
000004c2
0000041a
0000044e
0000038c
00000276
000001b1
00000142
00000105
000000de
000000c4
000000b0
000000a0
00000094
00000089
00000080
00000078
00000070
0000006a
00000065
00000061
0000005c
00000057
00000054
0000004f
0000004c
00000049
00000045
00000042
00000040
0000003c
0000003c
00000039
00000036
00000035
00000034
00000032
00000031
0000002f
0000002a
00000029
00000028
00000027
00000026
00000025
00000024
00000023
00000022
00000021
0000001f
0000001d
0000001d
0000001d
0000001c
0000001c
0000001a
00000019
00000018
00000017
00000016
00000015
00000015
00000015
00000015
00000015
00000015
00000012
00000011
00000010
0000000f
0000000e
0000000e
0000000d
0000000d
0000000b
0000000b
0000000b
0000000b
0000000b
0000000b
0000000b
0000000a
0000000a
0000000a
0000000a
00000008
00000008
00000008
00000007
00000007
00000007
00000007
00000006
00000005
00000006
00000005
00000005
00000005
00000005
00000005
00000003
00000002
00000002
00000001
00000001
00000001
00000001
00000001
00000001
00000001
00000001
00000001
00000001
00000001
00000001
00000001
00000001
00000001
00000001
00000001
00000001
00000001
00000001
00000001
00000000
fffffffe
fffffffd
fffffffd
fffffffd
fffffffd
fffffffd
fffffffd
fffffffd
fffffffd
fffffffd
fffffffd
fffffffd
fffffffd
fffffffd
fffffffd
fffffffd
fffffffd
fffffffd
fffffffd
fffffffd
fffffffc
fffffffc
fffffffc
fffffffc
fffffffc
fffffffc
fffffffc
fffffffc
fffffffc
fffffffc
fffffffc
fffffffc
fffffffc
fffffffc
fffffffc
fffffffc
fffffffc
fffffffc
fffffffc
fffffffc
fffffffc
fffffffc
fffffffc
fffffffc
fffffffc
fffffffc
fffffffc
fffffffc
fffffffc
fffffffc
fffffffc
fffffffc
fffffffc
fffffffc
fffffffc
fffffffc
fffffffc
fffffffc
fffffffc
fffffffc
fffffffc
fffffffc
fffffffc
fffffffc
fffffffc
fffffffc
fffffffc
fffffffc
fffffffc
fffffffc
fffffffc
fffffffc
fffffffc
fffffffc
fffffffc
fffffffc
fffffffc
fffffffc
fffffffc
fffffffc
fffffffc
fffffffc
fffffffc
fffffffd
fffffffd
fffffffd
fffffffd
fffffffd
fffffffd
fffffffd
fffffffd
fffffffd
fffffffd
fffffffd
fffffffd
fffffffd
fffffffd
fffffffd
fffffffd
fffffffd
fffffffd
fffffffd
fffffffe
00000000
00000001
00000001
00000001
00000001
00000001
00000001
00000001
00000001
00000001
00000001
00000001
00000001
00000001
00000001
00000001
00000001
00000001
00000001
00000001
00000001
00000001
00000002
00000002
00000003
00000005
00000005
00000005
00000005
00000005
00000005
00000005
00000006
00000007
00000007
00000007
00000007
00000008
00000008
00000008
0000000a
0000000a
0000000a
0000000a
0000000b
0000000b
0000000b
0000000b
0000000b
0000000b
0000000b
0000000d
0000000e
0000000e
0000000e
0000000f
00000010
00000011
00000012
00000015
00000015
00000015
00000015
00000015
00000015
00000016
00000017
00000018
00000019
0000001a
0000001c
0000001c
0000001d
0000001d
0000001d
0000001f
00000021
00000022
00000023
00000024
00000025
00000026
00000027
00000028
00000029
0000002a
0000002f
00000031
00000032
00000034
00000035
00000036
00000039
0000003c
0000003c
00000040
00000042
00000045
00000049
0000004c
0000004f
00000054
00000056
0000005c
00000061
00000065
0000006a
00000070
00000078
00000080
00000089
00000094
000000a0
000000af
000000c4
000000de
00000105
00000142
000001b1
00000276
0000038c
0000044e
0000041a
000004c2
00000437
00000434
000004c6
00000485
000004d1
000004b3
00000439
00000490
00000567
00000482
00000558
00000495
00000417
000004bd
000005d4
0000048c
000005d3
000004b4
0000040d
000004ba
000005ed
000004ae
00000605
000004e4
00000440
000004d8
000005c6
000004d9
000005ee
0000050c
000004a4
00000522
00000563
00000528
00000589
000004de
000004e2
00000585
000004f2
00000567
000004fb
0000045f
000004c6
000005b1
0000046c
0000053e
000003d2
00000267
00000193
00000124
000000e7
000000c3
000000a7
00000094
00000085
00000079
0000006e
00000064
0000005b
00000056
0000004f
00000049
00000044
0000003e
0000003b
00000038
00000034
0000002f
0000002d
0000002a
00000027
00000025
00000022
00000022
0000001f
0000001b
0000001b
0000001a
00000018
00000017
0000001d
0000001e
0000001a
0000001b
0000001f
0000001e
00000022
00000025
00000026
00000029
0000002c
0000002f
00000032
00000037
0000003c
00000041
00000046
0000004a
00000053
0000005b
00000067
00000073
00000081
00000098
000000ba
000000f2
0000015a
00000231
000003c4
00000574
00000441
000005d1
000004aa
00000400
000004a4
000005b4
000004b6
000005e4
000004eb
0000047b
00000511
00000578
00000500
00000590
000004eb
000004e6
00000590
0000052e
00000568
00000526
000004a7
0000050f
000005f0
000004da
000005c7
000004d9
00000441
000004e4
00000605
000004ae
000005ed
000004b9
0000040c
000004b3
000005d2
0000048b
000005d3
000004bc
00000415
00000493
00000556
00000480
00000565
0000048e
00000437
000004b1
000004cf
00000483
000004c4
00000431
00000434
000004bf
00000417
0000044b
00000389
00000273
000001ae
0000013f
00000102
000000db
000000c1
000000ad
0000009d
00000091
00000086
0000007d
00000075
0000006d
00000067
00000062
0000005e
00000059
00000054
00000051
0000004b
00000048
00000045
00000041
0000003e
0000003c
00000038
00000038
00000035
00000032
00000031
00000030
0000002e
0000002d
0000002b
00000026
00000025
00000024
00000023
00000022
00000021
00000020
0000001f
0000001e
0000001d
0000001b
00000019
00000019
00000019
00000018
00000018
00000016
00000015
00000014
00000013
00000012
00000011
00000011
00000011
00000011
00000011
00000011
0000000e
0000000d
0000000c
0000000b
0000000a
0000000a
00000009
00000009
00000007
00000007
00000007
00000007
00000007
00000007
00000007
00000006
00000006
00000006
00000006
00000004
00000004
00000004
00000003
00000003
00000003
00000003
00000002
00000001
00000002
00000001
00000001
00000001
00000001
00000001
ffffffff
fffffffe
fffffffe
fffffffd
fffffffd
fffffffd
fffffffd
fffffffd
fffffffd
fffffffd
fffffffd
fffffffd
fffffffd
fffffffd
fffffffd
fffffffd
fffffffd
fffffffd
fffffffd
fffffffd
fffffffd
fffffffd
fffffffd
fffffffd
fffffffc
fffffffa
fffffff9
fffffff9
fffffff9
fffffff9
fffffff9
fffffff9
fffffff9
fffffff9
fffffff9
fffffff9
fffffff9
fffffff9
fffffff9
fffffff9
fffffff9
fffffff9
fffffff9
fffffff9
fffffff9
fffffff7
fffffff8
fffffff8
fffffff8
fffffff8
fffffff8
fffffff8
fffffff8
fffffff8
fffffff8
fffffff8
fffffff8
fffffff8
fffffff8
fffffff7
fffffff7
fffffff8
fffffff8
fffffff8
fffffff7
fffffff7
fffffff7
fffffff7
fffffff8
fffffff7
fffffff7
fffffff8
fffffff7
fffffff7
fffffff7
fffffff7
fffffff8
fffffff7
fffffff7
fffffff7
fffffff7
fffffff8
fffffff7
fffffff7
fffffff8
fffffff7
fffffff7
fffffff7
fffffff7
fffffff8
fffffff8
fffffff8
fffffff8
fffffff8
fffffff8
fffffff8
fffffff8
fffffff8
fffffff7
fffffff8
fffffff8
fffffff8
fffffff8
fffffff8
fffffff8
fffffff8
fffffff8
fffffff8
fffffff9
fffffff9
fffffff9
fffffff9
fffffff9
fffffff9
fffffff9
fffffff9
fffffff9
fffffff9
fffffff9
fffffff9
fffffff9
fffffff9
fffffff9
fffffff9
fffffff9
fffffff9
fffffff9
fffffffa
fffffffc
fffffffd
fffffffd
fffffffd
fffffffd
fffffffd
fffffffd
fffffffd
fffffffd
fffffffd
fffffffd
fffffffd
fffffffd
fffffffd
fffffffd
fffffffd
fffffffd
fffffffd
fffffffd
fffffffd
fffffffd
fffffffd
fffffffe
fffffffe
ffffffff
00000001
00000001
00000001
00000001
00000001
00000001
00000001
00000002
00000003
00000003
00000003
00000003
00000004
00000004
00000004
00000006
00000006
00000006
00000006
00000007
00000007
00000007
00000007
00000007
00000007
00000007
00000009
0000000a
0000000a
0000000a
0000000b
0000000c
0000000d
0000000e
00000011
00000011
00000011
00000011
00000011
00000011
00000012
00000013
00000014
00000015
00000016
00000018
00000018
00000019
00000019
00000019
0000001b
0000001d
0000001e
0000001f
00000020
00000021
00000022
00000023
00000024
00000025
00000026
0000002b
0000002d
0000002e
00000030
00000031
00000032
00000035
00000038
00000038
0000003c
0000003e
00000041
00000045
00000048
0000004b
00000051
00000053
00000059
0000005e
00000062
00000067
0000006d
00000075
0000007d
00000086
00000091
0000009d
000000ac
000000c1
000000db
00000102
0000013f
000001ae
00000273
00000389
0000044b
00000417
000004bf
00000434
00000431
000004c4
00000483
000004cf
000004b1
00000437
0000048e
00000565
00000480
00000556
00000493
00000415
000004bb
000005d3
0000048b
000005d2
000004b3
0000040c
000004b9
000005ed
000004ae
00000605
000004e4
00000441
000004d9
000005c7
000004db
000005f0
0000050f
000004a7
00000526
00000568
0000052e
00000590
000004e6
000004eb
00000590
00000500
00000578
00000511
0000047b
000004eb
000005e4
000004b6
000005b4
000004a4
00000400
000004aa
000005d1
00000441
00000574
000003c4
00000231
0000015a
000000f2
000000ba
00000098
00000081
00000073
00000066
0000005b
00000053
0000004a
00000046
00000041
0000003c
00000036
00000033
0000002f
0000002c
00000029
00000026
00000025
00000022
0000001e
0000001e
0000001c
0000001a
00000019
00000025
00000025
00000021
00000023
00000027
00000027
0000002b
0000002f
00000031
00000036
0000003b
00000040
00000046
0000004e
00000058
00000064
00000072
00000085
000000a6
000000db
00000143
00000216
0000039f
00000549
00000421
000005a0
00000479
000003d6
000004a3
000005f7
00000497
0000060f
000004d9
00000426
000004c3
000005cf
000004cd
000005f8
000004fd
0000048b
0000051f
00000585
0000050c
0000059b
000004f5
000004ef
00000599
00000536
0000056f
0000052d
000004ad
00000515
000005f6
000004df
000005cc
000004de
00000445
000004e8
00000609
000004b1
000005f0
000004bc
0000040f
000004b6
000005d5
0000048d
000005d5
000004be
00000417
00000495
00000558
00000481
00000566
0000048f
00000438
000004b2
000004d0
00000484
000004c5
00000432
00000434
000004bf
00000417
0000044b
00000389
00000273
000001ae
0000013f
00000102
000000db
000000c1
000000ad
0000009d
00000090
00000085
0000007c
00000074
0000006c
00000066
00000061
0000005d
00000058
00000053
00000050
0000004a
00000047
00000044
00000040
0000003d
0000003b
00000037
00000037
00000034
00000031
00000030
0000002f
0000002d
0000002b
00000029
00000024
00000023
00000022
00000021
00000020
0000001f
0000001e
0000001d
0000001c
0000001b
00000019
00000017
00000017
00000017
00000016
00000016
00000014
00000013
00000012
00000011
00000010
0000000f
0000000f
0000000f
0000000f
0000000f
0000000f
0000000c
0000000b
0000000a
00000009
00000008
00000008
00000007
00000007
00000005
00000005
00000005
00000005
00000005
00000005
00000005
00000004
00000004
00000003
00000003
00000001
00000001
00000001
00000000
00000000
00000000
00000000
ffffffff
fffffffe
ffffffff
fffffffe
fffffffe
fffffffe
fffffffe
fffffffe
fffffffc
fffffffb
fffffffb
fffffffa
fffffffa
fffffffa
fffffffa
fffffffa
fffffffa
fffffffa
fffffffa
fffffffa
fffffffa
fffffffa
fffffffa
fffffffa
fffffffa
fffffffa
fffffffa
fffffffa
fffffffa
fffffffa
fffffffa
fffffffa
fffffff9
fffffff7
fffffff6
fffffff6
fffffff6
fffffff6
fffffff6
fffffff6
fffffff6
fffffff6
fffffff6
fffffff6
fffffff6
fffffff6
fffffff6
fffffff6
fffffff6
fffffff6
fffffff6
fffffff6
fffffff6
fffffff4
fffffff5
fffffff5
fffffff5
fffffff5
fffffff5
fffffff5
fffffff5
fffffff5
fffffff5
fffffff5
fffffff5
fffffff5
fffffff5
fffffff4
fffffff4
fffffff5
fffffff5
fffffff5
fffffff4
fffffff4
fffffff4
fffffff4
fffffff5
fffffff4
fffffff4
fffffff5
fffffff4
fffffff4
fffffff4
fffffff4
fffffff5
fffffff4
fffffff4
fffffff4
fffffff4
fffffff5
fffffff4
fffffff4
fffffff5
fffffff4
fffffff4
fffffff4
fffffff4
fffffff5
fffffff5
fffffff5
fffffff5
fffffff5
fffffff5
fffffff5
fffffff5
fffffff5
fffffff4
fffffff5
fffffff5
fffffff5
fffffff5
fffffff5
fffffff5
fffffff5
fffffff5
fffffff5
fffffff6
fffffff6
fffffff6
fffffff6
fffffff6
fffffff6
fffffff6
fffffff6
fffffff6
fffffff6
fffffff6
fffffff6
fffffff6
fffffff6
fffffff6
fffffff6
fffffff6
fffffff6
fffffff6
fffffff7
fffffff9
fffffffa
fffffffa
fffffffa
fffffffa
fffffffa
fffffffa
fffffffa
fffffffa
fffffffa
fffffffa
fffffffa
fffffffa
fffffffa
fffffffa
fffffffa
fffffffa
fffffffa
fffffffa
fffffffa
fffffffa
fffffffa
fffffffb
fffffffb
fffffffc
fffffffe
fffffffe
fffffffe
fffffffe
fffffffe
fffffffe
fffffffe
ffffffff
00000000
00000000
00000000
00000000
00000001
00000001
00000001
00000003
00000003
00000004
00000004
00000005
00000005
00000005
00000005
00000005
00000005
00000005
00000007
00000008
00000008
00000008
00000009
0000000a
0000000b
0000000c
0000000f
0000000f
0000000f
0000000f
0000000f
0000000f
00000010
00000011
00000012
00000013
00000014
00000016
00000016
00000017
00000017
00000017
00000019
0000001b
0000001c
0000001d
0000001e
0000001f
00000020
00000021
00000022
00000023
00000024
00000029
0000002b
0000002d
0000002f
00000030
00000031
00000034
00000037
00000037
0000003b
0000003d
00000040
00000044
00000047
0000004a
00000050
00000052
00000058
0000005d
00000061
00000066
0000006c
00000074
0000007c
00000085
00000090
0000009d
000000ac
000000c1
000000db
00000102
0000013f
000001ae
00000273
00000389
0000044b
00000417
000004bf
00000434
00000432
000004c5
00000484
000004d0
000004b2
00000438
0000048f
00000566
00000481
00000558
00000495
00000417
000004bd
000005d5
0000048d
000005d5
000004b6
0000040f
000004bc
000005f0
000004b1
00000609
000004e8
00000445
000004de
000005cc
000004e0
000005f6
00000515
000004ad
0000052d
0000056f
00000536
00000599
000004ef
000004f5
0000059b
0000050c
00000585
0000051f
0000048b
000004fd
000005f8
000004cd
000005cf
000004c3
00000426
000004d9
0000060f
00000497
000005f7
000004a3
000003d6
00000479
000005a0
00000421
00000549
0000039f
00000216
00000142
000000db
000000a6
00000085
00000072
00000064
00000058
0000004d
00000047
00000040
0000003b
00000036
00000031
0000002f
0000002b
00000026
00000026
00000024
00000021
00000020
0000005e
0000005e
0000005b
0000005e
00000064
00000067
0000006e
00000077
0000007f
0000008c
0000009d
000000b2
000000d2
00000107
00000166
0000021e
0000036a
000004cf
0000043f
00000537
000004a3
00000428
000004d9
00000612
000004af
0000060d
000004d1
0000041f
000004e2
0000062e
000004c8
0000063b
00000500
0000044a
000004e4
000005ed
000004e9
00000612
00000515
000004a2
00000534
00000599
0000051f
000005ad
00000506
000004ff
000005a8
00000545
0000057d
0000053a
000004ba
00000521
00000602
000004ea
000005d7
000004e8
0000044f
000004f1
00000612
000004ba
000005f8
000004c4
00000417
000004bd
000005dc
00000494
000005dc
000004c4
0000041d
0000049b
0000055e
00000487
0000056b
00000494
0000043d
000004b7
000004d5
00000488
000004c9
00000436
00000438
000004c3
0000041b
0000044f
0000038c
00000276
000001b1
00000142
00000105
000000de
000000c4
000000b0
000000a0
00000093
00000087
0000007e
00000076
0000006e
00000068
00000063
0000005f
0000005a
00000055
00000052
0000004c
00000049
00000046
00000041
0000003e
0000003c
00000038
00000038
00000035
00000032
00000031
00000030
0000002e
0000002c
0000002a
00000025
00000024
00000023
00000022
00000021
0000001f
0000001e
0000001d
0000001c
0000001b
00000019
00000017
00000017
00000017
00000016
00000016
00000014
00000013
00000012
00000011
00000010
0000000f
0000000f
0000000f
0000000f
0000000f
0000000f
0000000c
0000000b
0000000a
00000009
00000008
00000008
00000007
00000007
00000004
00000004
00000004
00000004
00000004
00000004
00000004
00000003
00000003
00000002
00000002
00000000
00000000
00000000
ffffffff
ffffffff
ffffffff
ffffffff
fffffffe
fffffffd
fffffffe
fffffffd
fffffffd
fffffffd
fffffffd
fffffffd
fffffffb
fffffffa
fffffffa
fffffff9
fffffff9
fffffff9
fffffff9
fffffff9
fffffff9
fffffff9
fffffff9
fffffff9
fffffff9
fffffff9
fffffff9
fffffff9
fffffff9
fffffff9
fffffff9
fffffff9
fffffff9
fffffff9
fffffff9
fffffff9
fffffff8
fffffff6
fffffff5
fffffff5
fffffff5
fffffff5
fffffff5
fffffff5
fffffff5
fffffff5
fffffff5
fffffff5
fffffff5
fffffff5
fffffff5
fffffff5
fffffff5
fffffff5
fffffff5
fffffff5
fffffff5
fffffff3
fffffff4
fffffff4
fffffff4
fffffff4
fffffff4
fffffff3
fffffff3
fffffff3
fffffff3
fffffff3
fffffff3
fffffff3
fffffff3
fffffff2
fffffff2
fffffff3
fffffff3
fffffff3
fffffff2
fffffff2
fffffff2
fffffff2
fffffff3
fffffff2
fffffff2
fffffff3
fffffff2
fffffff2
fffffff2
fffffff2
fffffff3
fffffff2
fffffff2
fffffff2
fffffff2
fffffff3
fffffff2
fffffff2
fffffff3
fffffff2
fffffff2
fffffff2
fffffff2
fffffff3
fffffff3
fffffff3
fffffff3
fffffff3
fffffff3
fffffff3
fffffff3
fffffff3
fffffff2
fffffff3
fffffff3
fffffff4
fffffff4
fffffff4
fffffff4
fffffff4
fffffff4
fffffff4
fffffff5
fffffff5
fffffff5
fffffff5
fffffff5
fffffff5
fffffff5
fffffff5
fffffff5
fffffff5
fffffff5
fffffff5
fffffff5
fffffff5
fffffff5
fffffff5
fffffff5
fffffff5
fffffff5
fffffff6
fffffff8
fffffff9
fffffff9
fffffff9
fffffff9
fffffff9
fffffff9
fffffff9
fffffff9
fffffff9
fffffff9
fffffff9
fffffff9
fffffff9
fffffff9
fffffff9
fffffff9
fffffff9
fffffff9
fffffff9
fffffff9
fffffff9
fffffffa
fffffffa
fffffffb
fffffffd
fffffffd
fffffffd
fffffffd
fffffffd
fffffffd
fffffffd
fffffffe
ffffffff
ffffffff
ffffffff
ffffffff
00000000
00000000
00000000
00000002
00000002
00000003
00000003
00000004
00000004
00000004
00000004
00000004
00000004
00000004
00000007
00000008
00000008
00000008
00000009
0000000a
0000000b
0000000c
0000000f
0000000f
0000000f
0000000f
0000000f
0000000f
00000010
00000011
00000012
00000013
00000014
00000016
00000016
00000017
00000017
00000017
00000019
0000001b
0000001c
0000001d
0000001e
0000001f
00000021
00000022
00000023
00000024
00000025
0000002a
0000002c
0000002e
00000030
00000031
00000032
00000035
00000038
00000038
0000003c
0000003e
00000041
00000045
00000049
0000004c
00000052
00000054
0000005a
0000005f
00000063
00000068
0000006e
00000076
0000007e
00000087
00000093
000000a0
000000af
000000c4
000000de
00000105
00000142
000001b1
00000276
0000038c
0000044f
0000041b
000004c3
00000438
00000436
000004c9
00000488
000004d5
000004b7
0000043d
00000494
0000056b
00000487
0000055e
0000049b
0000041d
000004c3
000005dc
00000494
000005dc
000004bd
00000417
000004c4
000005f8
000004ba
00000612
000004f1
0000044f
000004e8
000005d7
000004eb
00000602
00000521
000004ba
0000053a
0000057d
00000545
000005a8
000004ff
00000506
000005ad
0000051f
00000599
00000534
000004a2
00000515
00000612
000004e9
000005ed
000004e4
0000044a
00000500
0000063b
000004c8
0000062e
000004e2
0000041f
000004d1
0000060d
000004af
00000612
000004d9
00000428
000004a2
00000537
0000043f
000004cf
0000036a
0000021e
00000166
00000106
000000d3
000000b2
0000009d
0000008c
0000007f
00000077
0000006e
00000066
00000063
0000005f
0000005b
00000059
000000d7
000000d9
000000d9
000000e2
000000f2
00000104
00000123
00000154
000001a7
00000245
00000359
0000048c
000004a3
00000524
0000052a
0000048d
000004d6
000005b0
000004d8
000005a8
000004fc
00000470
00000515
00000645
000004db
00000633
000004f3
0000043d
000004fd
00000646
000004dd
0000064e
00000511
0000045a
000004f2
000005fa
000004f5
0000061d
0000051f
000004ab
0000053c
000005a1
00000526
000005b3
0000050c
00000504
000005ad
00000549
00000581
0000053d
000004bd
00000524
00000604
000004ec
000005d9
000004ea
00000450
000004f2
00000613
000004bb
000005f8
000004c4
00000417
000004bd
000005dc
00000494
000005dc
000004c3
0000041c
0000049a
0000055d
00000486
0000056a
00000493
0000043c
000004b5
000004d3
00000486
000004c7
00000434
00000436
000004c1
00000419
0000044d
0000038a
00000274
000001af
00000140
00000103
000000db
000000c1
000000ad
0000009d
00000090
00000084
0000007b
00000073
0000006b
00000065
00000060
0000005c
00000057
00000052
0000004f
00000049
00000046
00000043
0000003e
0000003b
00000039
00000035
00000035
00000032
0000002e
0000002d
0000002c
0000002a
00000028
00000026
00000021
00000020
0000001f
0000001e
0000001d
0000001b
0000001a
00000019
00000018
00000017
00000015
00000013
00000013
00000013
00000012
00000012
00000010
0000000f
0000000e
0000000d
0000000c
0000000b
0000000b
0000000b
0000000b
0000000b
0000000b
00000008
00000007
00000006
00000005
00000004
00000004
00000003
00000003
00000000
00000000
00000000
00000000
00000000
00000000
00000000
ffffffff
ffffffff
fffffffe
fffffffe
fffffffc
fffffffc
fffffffc
fffffffb
fffffffb
fffffffb
fffffffb
fffffffa
fffffff9
fffffffa
fffffff9
fffffff9
fffffff9
fffffff9
fffffff9
fffffff7
fffffff6
fffffff6
fffffff5
fffffff5
fffffff5
fffffff5
fffffff5
fffffff5
fffffff5
fffffff5
fffffff5
fffffff5
fffffff5
fffffff5
fffffff5
fffffff5
fffffff5
fffffff5
fffffff5
fffffff4
fffffff4
fffffff5
fffffff4
fffffff4
fffffff1
fffffff0
fffffff0
fffffff0
fffffff0
fffffff0
fffffff0
fffffff0
fffffff0
fffffff0
fffffff0
fffffff0
fffffff0
fffffff0
fffffff0
fffffff0
fffffff0
fffffff0
fffffff0
fffffff0
ffffffee
ffffffef
ffffffef
ffffffef
ffffffef
ffffffef
ffffffee
ffffffee
ffffffee
ffffffee
ffffffee
ffffffee
ffffffee
ffffffee
ffffffed
ffffffed
ffffffee
ffffffee
ffffffee
ffffffed
ffffffed
ffffffed
ffffffed
ffffffee
ffffffed
ffffffed
ffffffee
ffffffed
ffffffed
ffffffed
ffffffed
ffffffee
ffffffed
ffffffed
ffffffed
ffffffed
ffffffee
ffffffed
ffffffed
ffffffee
ffffffed
ffffffed
ffffffed
ffffffed
ffffffee
ffffffee
ffffffee
ffffffee
ffffffee
ffffffee
ffffffee
ffffffee
ffffffee
ffffffed
ffffffee
ffffffee
ffffffef
ffffffef
ffffffef
ffffffef
ffffffef
ffffffef
ffffffef
fffffff0
fffffff0
fffffff0
fffffff0
fffffff0
fffffff0
fffffff0
fffffff0
fffffff0
fffffff0
fffffff0
fffffff0
fffffff0
fffffff0
fffffff0
fffffff0
fffffff0
fffffff0
fffffff1
fffffff1
fffffff3
fffffff4
fffffff5
fffffff4
fffffff4
fffffff5
fffffff5
fffffff5
fffffff5
fffffff5
fffffff5
fffffff5
fffffff5
fffffff5
fffffff5
fffffff5
fffffff5
fffffff5
fffffff5
fffffff5
fffffff5
fffffff5
fffffff6
fffffff6
fffffff7
fffffff9
fffffff9
fffffff9
fffffff9
fffffff9
fffffff9
fffffff9
fffffffa
fffffffb
fffffffb
fffffffb
fffffffb
fffffffc
fffffffc
fffffffc
fffffffe
fffffffe
ffffffff
ffffffff
00000000
00000000
00000000
00000000
00000000
00000000
00000000
00000003
00000004
00000004
00000004
00000005
00000006
00000007
00000008
0000000b
0000000b
0000000b
0000000b
0000000b
0000000b
0000000c
0000000d
0000000e
0000000f
00000010
00000012
00000012
00000013
00000013
00000013
00000015
00000017
00000018
00000019
0000001a
0000001b
0000001d
0000001e
0000001f
00000020
00000021
00000026
00000028
0000002a
0000002c
0000002d
0000002e
00000032
00000035
00000035
00000039
0000003b
0000003e
00000042
00000046
00000049
0000004f
00000051
00000057
0000005c
00000060
00000065
0000006b
00000073
0000007b
00000084
00000090
0000009d
000000ac
000000c1
000000db
00000103
00000140
000001af
00000274
0000038a
0000044d
00000419
000004c1
00000436
00000434
000004c7
00000486
000004d3
000004b5
0000043c
00000493
0000056a
00000486
0000055d
0000049a
0000041c
000004c2
000005dc
00000494
000005dc
000004bd
00000417
000004c4
000005f8
000004bb
00000613
000004f2
00000450
000004ea
000005d9
000004ed
00000604
00000524
000004bd
0000053d
00000581
00000549
000005ad
00000504
0000050c
000005b3
00000526
000005a1
0000053c
000004ab
0000051f
0000061d
000004f5
000005fa
000004f2
0000045a
00000511
0000064e
000004dd
00000646
000004fd
0000043d
000004f3
00000633
000004db
00000645
00000515
00000470
000004fb
000005a8
000004d8
000005b0
000004d6
0000048d
0000052a
00000523
000004a4
0000048c
00000359
00000245
000001a7
00000154
00000123
00000103
000000f1
000000e3
000000d9
000000d4
000001a6
000001b2
000001d9
0000023b
000002fd
00000434
0000057e
00000511
0000060f
0000052a
000004ef
00000573
00000535
0000058b
00000578
000004cb
00000509
000005db
000004fd
000005c8
00000519
00000489
0000052c
0000065a
000004ee
00000644
00000503
0000044b
0000050a
00000652
000004e8
00000659
0000051b
00000463
000004fb
00000602
000004fd
00000624
00000526
000004b1
00000542
000005a7
0000052b
000005b8
00000511
00000508
000005b1
0000054d
00000585
00000540
000004c0
00000527
00000607
000004ef
000005db
000004ec
00000452
000004f4
00000615
000004bd
000005f9
000004c5
00000418
000004be
000005dd
00000495
000005dd
000004c4
0000041d
0000049b
0000055d
00000486
0000056a
00000493
0000043c
000004b5
000004d3
00000486
000004c7
00000434
00000436
000004c1
00000419
0000044d
00000389
00000273
000001ae
0000013f
00000102
000000da
000000c0
000000ac
0000009c
0000008f
00000083
0000007a
00000072
0000006a
00000064
0000005f
0000005b
00000056
00000051
0000004e
00000048
00000045
00000041
0000003c
00000039
00000037
00000033
00000033
00000030
0000002c
0000002b
0000002a
00000028
00000026
00000024
0000001f
0000001e
0000001d
0000001c
0000001b
00000019
00000018
00000017
00000016
00000015
00000013
00000011
00000011
00000011
00000010
00000010
0000000e
0000000d
0000000c
0000000b
0000000a
00000009
00000009
00000009
00000009
00000009
00000008
00000005
00000004
00000003
00000002
00000001
00000001
00000000
00000000
fffffffd
fffffffd
fffffffd
fffffffd
fffffffd
fffffffd
fffffffd
fffffffc
fffffffc
fffffffb
fffffffb
fffffff9
fffffff9
fffffff9
fffffff8
fffffff8
fffffff8
fffffff8
fffffff7
fffffff6
fffffff7
fffffff6
fffffff6
fffffff6
fffffff6
fffffff6
fffffff4
fffffff3
fffffff3
fffffff2
fffffff2
fffffff2
fffffff2
fffffff2
fffffff2
fffffff2
fffffff2
fffffff2
fffffff2
fffffff2
fffffff2
fffffff2
fffffff2
fffffff2
fffffff2
fffffff2
fffffff1
fffffff1
fffffff2
fffffff1
fffffff1
ffffffee
ffffffed
ffffffed
ffffffed
ffffffed
ffffffed
ffffffed
ffffffed
ffffffed
ffffffed
ffffffed
ffffffed
ffffffed
ffffffed
ffffffed
ffffffed
ffffffed
ffffffed
ffffffed
ffffffed
ffffffeb
ffffffec
ffffffec
ffffffec
ffffffec
ffffffec
ffffffeb
ffffffeb
ffffffeb
ffffffeb
ffffffeb
ffffffeb
ffffffeb
ffffffeb
ffffffea
ffffffea
ffffffeb
ffffffeb
ffffffeb
ffffffea
ffffffea
ffffffea
ffffffea
ffffffeb
ffffffea
ffffffea
ffffffeb
ffffffea
ffffffea
ffffffea
ffffffea
ffffffeb
ffffffea
ffffffea
ffffffea
ffffffea
ffffffeb
ffffffea
ffffffea
ffffffeb
ffffffea
ffffffea
ffffffea
ffffffea
ffffffeb
ffffffeb
ffffffeb
ffffffeb
ffffffeb
ffffffeb
ffffffeb
ffffffeb
ffffffeb
ffffffea
ffffffeb
ffffffeb
ffffffec
ffffffec
ffffffec
ffffffec
ffffffec
ffffffec
ffffffec
ffffffed
ffffffed
ffffffed
ffffffed
ffffffed
ffffffed
ffffffed
ffffffed
ffffffed
ffffffed
ffffffed
ffffffed
ffffffed
ffffffed
ffffffed
ffffffed
ffffffed
ffffffed
ffffffee
ffffffee
fffffff0
fffffff1
fffffff2
fffffff1
fffffff1
fffffff2
fffffff2
fffffff2
fffffff2
fffffff2
fffffff2
fffffff2
fffffff2
fffffff2
fffffff2
fffffff2
fffffff2
fffffff2
fffffff2
fffffff2
fffffff2
fffffff2
fffffff3
fffffff3
fffffff4
fffffff6
fffffff6
fffffff6
fffffff6
fffffff6
fffffff6
fffffff6
fffffff7
fffffff8
fffffff8
fffffff8
fffffff8
fffffff9
fffffff9
fffffff9
fffffffb
fffffffb
fffffffc
fffffffc
fffffffd
fffffffd
fffffffd
fffffffd
fffffffd
fffffffd
fffffffd
00000000
00000001
00000001
00000001
00000002
00000003
00000004
00000005
00000008
00000009
00000009
00000009
00000009
00000009
0000000a
0000000b
0000000c
0000000d
0000000e
00000010
00000010
00000011
00000011
00000011
00000013
00000015
00000016
00000017
00000018
00000019
0000001b
0000001c
0000001d
0000001e
0000001f
00000024
00000026
00000028
0000002a
0000002b
0000002c
00000030
00000033
00000033
00000037
00000039
0000003c
00000040
00000045
00000047
0000004e
00000050
00000056
0000005b
0000005f
00000064
0000006a
00000072
0000007a
00000083
0000008f
0000009c
000000ab
000000c0
000000da
00000102
0000013f
000001ae
00000273
00000389
0000044d
00000419
000004c1
00000436
00000434
000004c7
00000486
000004d3
000004b5
0000043c
00000493
0000056a
00000486
0000055d
0000049b
0000041d
000004c3
000005dd
00000495
000005dd
000004be
00000418
000004c5
000005f9
000004bd
00000615
000004f4
00000452
000004ec
000005db
000004f0
00000607
00000527
000004c0
00000540
00000585
0000054d
000005b1
00000508
00000511
000005b8
0000052b
000005a7
00000542
000004b1
00000526
00000624
000004fd
00000602
000004fb
00000463
0000051b
00000659
000004e8
00000652
0000050a
0000044b
00000503
00000644
000004ee
0000065a
0000052c
00000489
00000518
000005c8
000004fd
000005db
00000509
000004cb
00000578
0000058a
00000536
00000573
000004ef
0000052a
0000060f
00000511
0000057e
00000433
000002fc
0000023c
000001d9
000001ad
00000ace
00000826
00000548
000004fa
000004fb
00000579
00000659
000005b2
0000068e
00000592
00000548
000005c0
00000579
000005c8
000005af
000004fd
00000537
00000606
00000525
000005ed
0000053c
000004aa
0000054b
00000677
00000509
0000065e
0000051c
00000462
00000520
00000667
000004fc
0000066d
0000052e
00000475
0000050c
00000613
0000050d
00000633
00000535
000004bf
00000550
000005b4
00000538
000005c4
0000051d
00000514
000005bc
00000558
00000590
0000054a
000004ca
00000531
00000610
000004f8
000005e4
000004f5
0000045a
000004fc
0000061d
000004c5
00000600
000004cc
0000041f
000004c5
000005e4
0000049b
000005e3
000004ca
00000423
000004a1
00000563
0000048b
0000056f
00000498
00000441
000004ba
000004d8
0000048b
000004cc
00000438
0000043a
000004c5
0000041d
00000451
0000038d
00000277
000001b2
00000143
00000105
000000dd
000000c3
000000af
0000009f
00000092
00000086
0000007d
00000075
0000006d
00000067
00000062
0000005d
00000058
00000053
00000050
0000004a
00000047
00000043
0000003e
0000003b
00000039
00000035
00000035
00000032
0000002e
0000002d
0000002c
0000002a
00000027
00000025
00000020
0000001f
0000001e
0000001d
0000001c
0000001a
00000019
00000018
00000017
00000016
00000014
00000012
00000012
00000012
00000011
00000011
0000000f
0000000e
0000000d
0000000c
0000000b
0000000a
00000009
00000009
00000009
00000009
00000008
00000005
00000004
00000003
00000002
00000001
00000001
00000000
00000000
fffffffd
fffffffd
fffffffd
fffffffd
fffffffd
fffffffd
fffffffd
fffffffc
fffffffc
fffffffb
fffffffb
fffffff9
fffffff9
fffffff9
fffffff8
fffffff8
fffffff8
fffffff8
fffffff7
fffffff6
fffffff7
fffffff6
fffffff6
fffffff6
fffffff6
fffffff6
fffffff4
fffffff3
fffffff3
fffffff2
fffffff2
fffffff2
fffffff1
fffffff1
fffffff1
fffffff1
fffffff1
fffffff1
fffffff1
fffffff1
fffffff1
fffffff1
fffffff1
fffffff1
fffffff1
fffffff1
fffffff0
fffffff0
fffffff1
fffffff0
fffffff0
ffffffed
ffffffec
ffffffec
ffffffec
ffffffec
ffffffec
ffffffec
ffffffec
ffffffec
ffffffec
ffffffec
ffffffec
ffffffec
ffffffec
ffffffec
ffffffec
ffffffec
ffffffec
ffffffec
ffffffec
ffffffea
ffffffeb
ffffffeb
ffffffeb
ffffffeb
ffffffeb
ffffffea
ffffffea
ffffffea
ffffffea
ffffffea
ffffffea
ffffffea
ffffffea
ffffffe9
ffffffe9
ffffffea
ffffffea
ffffffea
ffffffe9
ffffffe9
ffffffe9
ffffffe9
ffffffea
ffffffe9
ffffffe9
ffffffea
ffffffe9
ffffffe9
ffffffe9
ffffffe9
ffffffea
ffffffe9
ffffffe9
ffffffe9
ffffffe9
ffffffea
ffffffe9
ffffffe9
ffffffea
ffffffe9
ffffffe9
ffffffe9
ffffffe9
ffffffea
ffffffea
ffffffea
ffffffea
ffffffea
ffffffea
ffffffea
ffffffea
ffffffea
ffffffe9
ffffffea
ffffffea
ffffffeb
ffffffeb
ffffffeb
ffffffeb
ffffffeb
ffffffeb
ffffffeb
ffffffec
ffffffec
ffffffec
ffffffec
ffffffec
ffffffec
ffffffec
ffffffec
ffffffec
ffffffec
ffffffec
ffffffec
ffffffec
ffffffec
ffffffec
ffffffec
ffffffec
ffffffec
ffffffed
ffffffed
ffffffef
fffffff0
fffffff1
fffffff0
fffffff0
fffffff1
fffffff1
fffffff1
fffffff1
fffffff1
fffffff1
fffffff1
fffffff1
fffffff1
fffffff1
fffffff1
fffffff1
fffffff1
fffffff1
fffffff2
fffffff2
fffffff2
fffffff3
fffffff3
fffffff4
fffffff6
fffffff6
fffffff6
fffffff6
fffffff6
fffffff6
fffffff6
fffffff7
fffffff8
fffffff8
fffffff8
fffffff8
fffffff9
fffffff9
fffffff9
fffffffb
fffffffb
fffffffc
fffffffc
fffffffd
fffffffd
fffffffd
fffffffd
fffffffd
fffffffd
fffffffd
00000000
00000001
00000001
00000001
00000002
00000003
00000004
00000005
00000008
00000009
00000009
00000009
00000009
0000000a
0000000b
0000000c
0000000d
0000000e
0000000f
00000011
00000011
00000012
00000012
00000012
00000014
00000016
00000017
00000018
00000019
0000001a
0000001c
0000001d
0000001e
0000001f
00000020
00000025
00000027
0000002a
0000002c
0000002d
0000002e
00000032
00000035
00000035
00000039
0000003b
0000003e
00000042
00000047
00000049
00000050
00000052
00000058
0000005d
00000062
00000067
0000006d
00000075
0000007d
00000086
00000092
0000009f
000000ae
000000c3
000000dd
00000105
00000143
000001b2
00000277
0000038d
00000451
0000041d
000004c5
0000043a
00000438
000004cc
0000048b
000004d8
000004ba
00000441
00000498
0000056f
0000048b
00000563
000004a1
00000423
000004c9
000005e3
0000049b
000005e4
000004c5
0000041f
000004cc
00000600
000004c5
0000061d
000004fc
0000045a
000004f5
000005e4
000004f9
00000610
00000531
000004ca
0000054a
00000590
00000558
000005bc
00000514
0000051d
000005c4
00000538
000005b4
00000550
000004bf
00000535
00000633
0000050d
00000613
0000050c
00000475
0000052e
0000066d
000004fc
00000667
00000520
00000462
0000051c
0000065e
00000509
00000677
0000054b
000004aa
0000053b
000005ed
00000525
00000606
00000537
000004fd
000005af
000005c7
0000057a
000005c0
00000548
00000592
0000068e
000005b2
00000659
00000578
000004fa
000004fb
00000548
00000821
00000bbf
00000948
0000071d
0000083a
000009b6
000008e1
00000b1b
000008e6
0000083c
00000671
000005c7
00000610
000005b0
000005f0
000005cd
00000514
00000549
00000615
00000531
000005f6
00000544
000004b0
00000550
0000067b
0000050c
00000660
0000051d
00000463
00000520
00000667
000004fc
0000066c
0000052d
00000474
0000050a
00000611
0000050b
00000631
00000533
000004bc
0000054d
000005b1
00000535
000005c1
0000051a
00000510
000005b8
00000554
0000058c
00000546
000004c6
0000052d
0000060c
000004f4
000005e0
000004f1
00000456
000004f8
00000619
000004c1
000005fc
000004c7
0000041a
000004c0
000005df
00000496
000005de
000004c5
0000041e
0000049c
0000055e
00000486
0000056a
00000493
0000043c
000004b5
000004d3
00000486
000004c7
00000433
00000435
000004c0
00000418
0000044c
00000388
00000272
000001ad
0000013e
00000100
000000d8
000000be
000000aa
0000009a
0000008d
00000081
00000078
00000070
00000068
00000062
0000005d
00000058
00000053
0000004e
0000004b
00000045
00000042
0000003e
00000039
00000036
00000034
00000030
00000030
0000002d
00000029
00000028
00000027
00000025
00000022
00000020
0000001b
0000001a
00000019
00000018
00000017
00000015
00000014
00000013
00000012
00000011
0000000f
0000000d
0000000d
0000000d
0000000c
0000000c
0000000a
00000009
00000008
00000007
00000006
00000005
00000004
00000004
00000004
00000004
00000003
00000000
ffffffff
fffffffe
fffffffd
fffffffc
fffffffc
fffffffb
fffffffa
fffffff8
fffffff7
fffffff8
fffffff8
fffffff8
fffffff8
fffffff8
fffffff6
fffffff7
fffffff5
fffffff6
fffffff3
fffffff4
fffffff3
fffffff3
fffffff2
fffffff2
fffffff2
fffffff1
fffffff0
fffffff1
fffffff0
fffffff0
fffffff0
fffffff0
fffffff0
ffffffee
ffffffed
ffffffed
ffffffec
ffffffec
ffffffec
ffffffeb
ffffffeb
ffffffeb
ffffffeb
ffffffeb
ffffffeb
ffffffeb
ffffffeb
ffffffeb
ffffffeb
ffffffeb
ffffffeb
ffffffeb
ffffffeb
ffffffea
ffffffea
ffffffeb
ffffffea
ffffffea
ffffffe7
ffffffe6
ffffffe6
ffffffe6
ffffffe6
ffffffe6
ffffffe6
ffffffe6
ffffffe6
ffffffe6
ffffffe6
ffffffe6
ffffffe6
ffffffe6
ffffffe6
ffffffe6
ffffffe6
ffffffe6
ffffffe6
ffffffe6
ffffffe4
ffffffe5
ffffffe5
ffffffe5
ffffffe5
ffffffe5
ffffffe4
ffffffe4
ffffffe4
ffffffe4
ffffffe4
ffffffe4
ffffffe4
ffffffe4
ffffffe3
ffffffe3
ffffffe4
ffffffe4
ffffffe4
ffffffe3
ffffffe3
ffffffe3
ffffffe3
ffffffe4
ffffffe3
ffffffe3
ffffffe4
ffffffe3
ffffffe3
ffffffe3
ffffffe3
ffffffe4
ffffffe3
ffffffe3
ffffffe3
ffffffe3
ffffffe4
ffffffe3
ffffffe3
ffffffe4
ffffffe3
ffffffe3
ffffffe3
ffffffe3
ffffffe4
ffffffe4
ffffffe4
ffffffe4
ffffffe4
ffffffe4
ffffffe4
ffffffe4
ffffffe4
ffffffe3
ffffffe4
ffffffe4
ffffffe5
ffffffe5
ffffffe5
ffffffe5
ffffffe5
ffffffe5
ffffffe5
ffffffe6
ffffffe6
ffffffe6
ffffffe6
ffffffe6
ffffffe6
ffffffe6
ffffffe6
ffffffe6
ffffffe6
ffffffe6
ffffffe6
ffffffe6
ffffffe6
ffffffe6
ffffffe6
ffffffe6
ffffffe6
ffffffe7
ffffffe7
ffffffe9
ffffffea
ffffffeb
ffffffea
ffffffea
ffffffeb
ffffffeb
ffffffeb
ffffffeb
ffffffeb
ffffffeb
ffffffeb
ffffffeb
ffffffeb
ffffffeb
ffffffeb
ffffffeb
ffffffeb
ffffffeb
ffffffec
ffffffec
ffffffec
ffffffed
ffffffed
ffffffee
fffffff0
fffffff0
fffffff0
fffffff0
fffffff0
fffffff0
fffffff0
fffffff1
fffffff2
fffffff2
fffffff3
fffffff3
fffffff3
fffffff3
fffffff3
fffffff6
fffffff5
fffffff7
fffffff6
fffffff7
fffffff8
fffffff8
fffffff8
fffffff7
fffffff7
fffffff8
fffffffb
fffffffc
fffffffc
fffffffc
fffffffd
fffffffe
ffffffff
00000000
00000003
00000004
00000004
00000004
00000004
00000005
00000006
00000007
00000008
00000009
0000000a
0000000c
0000000c
0000000d
0000000d
0000000d
0000000f
00000011
00000012
00000013
00000014
00000015
00000017
00000018
00000019
0000001a
0000001b
00000020
00000022
00000025
00000027
00000028
00000029
0000002d
00000030
00000030
00000034
00000036
00000039
0000003d
00000042
00000044
0000004b
0000004d
00000053
00000058
0000005d
00000062
00000068
00000070
00000078
00000081
0000008d
0000009a
000000a9
000000be
000000d8
00000100
0000013e
000001ad
00000272
00000388
0000044c
00000418
000004c0
00000435
00000433
000004c7
00000486
000004d3
000004b5
0000043c
00000493
0000056a
00000486
0000055e
0000049c
0000041e
000004c4
000005de
00000496
000005df
000004c0
0000041a
000004c7
000005fc
000004c1
00000619
000004f8
00000456
000004f1
000005e0
000004f5
0000060c
0000052d
000004c6
00000546
0000058c
00000554
000005b8
00000510
0000051a
000005c1
00000535
000005b1
0000054d
000004bc
00000533
00000631
0000050b
00000611
0000050a
00000474
0000052d
0000066c
000004fc
00000667
00000520
00000463
0000051d
00000660
0000050c
0000067b
00000550
000004b0
00000543
000005f6
00000531
00000615
00000549
00000514
000005cd
000005ef
000005b1
00000610
000005c7
00000671
0000083c
000008e6
00000b1b
000008e0
000009b5
0000083b
0000071d
00000943
00000bf1
0000097b
00000755
0000087c
00000a08
0000094f
00000bbb
000009ec
00000a13
000009b8
00000a6a
00000983
00000a49
00000916
0000078a
0000060f
000005e9
00000687
0000058a
0000063f
00000582
000004e6
00000580
000006a6
00000534
00000684
0000053f
00000482
0000053d
00000682
00000516
00000684
00000544
0000048a
0000051f
00000625
0000051e
00000643
00000544
000004cd
0000055d
000005c0
00000544
000005cf
00000528
0000051d
000005c5
00000560
00000598
00000551
000004d1
00000538
00000616
000004fe
000005ea
000004fa
0000045f
00000501
00000622
000004c9
00000604
000004cf
00000422
000004c7
000005e6
0000049d
000005e5
000004cc
00000424
000004a2
00000564
0000048c
00000570
00000499
00000441
000004ba
000004d8
0000048b
000004cc
00000438
0000043a
000004c5
0000041c
00000450
0000038c
00000276
000001b1
00000142
00000104
000000dc
000000c2
000000ad
0000009d
00000090
00000084
0000007b
00000073
0000006b
00000065
00000060
0000005b
00000056
00000051
0000004e
00000047
00000044
00000040
0000003b
00000038
00000036
00000032
00000032
0000002f
0000002b
0000002a
00000029
00000027
00000024
00000022
0000001c
0000001b
0000001a
00000019
00000018
00000016
00000015
00000014
00000013
00000012
00000010
0000000e
0000000e
0000000e
0000000d
0000000d
0000000b
0000000a
00000009
00000008
00000007
00000006
00000005
00000005
00000005
00000005
00000003
00000000
ffffffff
fffffffe
fffffffd
fffffffc
fffffffc
fffffffb
fffffffa
fffffff8
fffffff7
fffffff8
fffffff8
fffffff8
fffffff8
fffffff8
fffffff6
fffffff7
fffffff5
fffffff6
fffffff3
fffffff4
fffffff3
fffffff3
fffffff2
fffffff2
fffffff2
fffffff1
fffffff0
fffffff1
fffffff0
fffffff0
fffffff0
fffffff0
fffffff0
ffffffee
ffffffed
ffffffed
ffffffec
ffffffec
ffffffec
ffffffeb
ffffffeb
ffffffeb
ffffffeb
ffffffeb
ffffffea
ffffffea
ffffffea
ffffffea
ffffffea
ffffffea
ffffffea
ffffffea
ffffffea
ffffffe9
ffffffe9
ffffffea
ffffffe9
ffffffe9
ffffffe6
ffffffe5
ffffffe5
ffffffe5
ffffffe5
ffffffe5
ffffffe5
ffffffe5
ffffffe5
ffffffe5
ffffffe5
ffffffe5
ffffffe5
ffffffe5
ffffffe5
ffffffe5
ffffffe5
ffffffe5
ffffffe5
ffffffe5
ffffffe3
ffffffe4
ffffffe4
ffffffe4
ffffffe4
ffffffe4
ffffffe3
ffffffe3
ffffffe3
ffffffe3
ffffffe3
ffffffe3
ffffffe3
ffffffe3
ffffffe2
ffffffe2
ffffffe3
ffffffe3
ffffffe3
ffffffe2
ffffffe2
ffffffe2
ffffffe2
ffffffe3
ffffffe2
ffffffe2
ffffffe3
ffffffe2
ffffffe2
ffffffe2
ffffffe2
ffffffe3
ffffffe2
ffffffe2
ffffffe2
ffffffe2
ffffffe3
ffffffe2
ffffffe2
ffffffe3
ffffffe2
ffffffe2
ffffffe2
ffffffe2
ffffffe3
ffffffe3
ffffffe3
ffffffe3
ffffffe3
ffffffe3
ffffffe3
ffffffe3
ffffffe3
ffffffe2
ffffffe3
ffffffe3
ffffffe4
ffffffe4
ffffffe4
ffffffe4
ffffffe4
ffffffe4
ffffffe4
ffffffe5
ffffffe5
ffffffe5
ffffffe5
ffffffe5
ffffffe5
ffffffe5
ffffffe5
ffffffe5
ffffffe5
ffffffe5
ffffffe5
ffffffe5
ffffffe5
ffffffe5
ffffffe5
ffffffe5
ffffffe5
ffffffe6
ffffffe6
ffffffe8
ffffffe9
ffffffea
ffffffe9
ffffffe9
ffffffea
ffffffea
ffffffea
ffffffea
ffffffea
ffffffea
ffffffea
ffffffea
ffffffea
ffffffeb
ffffffeb
ffffffeb
ffffffeb
ffffffeb
ffffffec
ffffffec
ffffffec
ffffffed
ffffffed
ffffffee
fffffff0
fffffff0
fffffff0
fffffff0
fffffff0
fffffff0
fffffff0
fffffff1
fffffff2
fffffff2
fffffff3
fffffff3
fffffff3
fffffff3
fffffff3
fffffff6
fffffff5
fffffff7
fffffff6
fffffff7
fffffff8
fffffff8
fffffff8
fffffff7
fffffff7
fffffff8
fffffffb
fffffffc
fffffffc
fffffffc
fffffffd
fffffffe
ffffffff
00000000
00000004
00000005
00000005
00000005
00000005
00000006
00000007
00000008
00000009
0000000a
0000000b
0000000d
0000000d
0000000e
0000000e
0000000e
00000010
00000012
00000013
00000014
00000015
00000016
00000018
00000019
0000001a
0000001b
0000001c
00000022
00000024
00000027
00000029
0000002a
0000002b
0000002f
00000032
00000032
00000036
00000038
0000003b
0000003f
00000044
00000046
0000004d
00000050
00000056
0000005b
00000060
00000065
0000006b
00000073
0000007b
00000084
00000090
0000009d
000000ac
000000c2
000000dc
00000104
00000142
000001b1
00000276
0000038c
00000450
0000041c
000004c5
0000043a
00000438
000004cc
0000048b
000004d8
000004ba
00000441
00000499
00000570
0000048c
00000564
000004a2
00000424
000004cb
000005e5
0000049d
000005e6
000004c7
00000422
000004cf
00000604
000004c9
00000622
00000501
0000045f
000004fa
000005ea
000004ff
00000616
00000538
000004d1
00000551
00000598
00000560
000005c5
0000051d
00000528
000005cf
00000544
000005c0
0000055d
000004cd
00000544
00000643
0000051e
00000625
0000051f
0000048a
00000544
00000684
00000516
00000682
0000053d
00000482
0000053f
00000684
00000534
000006a6
00000580
000004e6
00000581
0000063f
0000058a
00000687
000005e9
0000060f
0000078a
00000915
00000a4a
00000983
00000a6a
000009b8
00000a13
000009ec
00000bbb
0000094d
00000a07
0000087d
00000755
00000976
00000c38
000009c1
0000079c
000008c5
00000a54
0000099f
00000c10
00000a48
00000a78
00000a2b
00000af1
00000a2b
00000b2b
00000a66
000009a8
00000966
00000a38
00000a36
000009d2
00000922
00000725
000005dd
00000622
0000071c
00000590
000006cf
0000057e
000004b8
0000056c
000006ab
0000053b
000006a5
00000562
000004a5
00000538
0000063c
00000533
00000656
00000556
000004de
0000056d
000005cf
00000552
000005dc
00000534
00000528
000005d0
0000056a
000005a1
0000055a
000004d9
00000540
0000061e
00000505
000005f1
00000500
00000465
00000507
00000627
000004ce
00000609
000004d4
00000426
000004cb
000005ea
000004a1
000005e9
000004cf
00000427
000004a5
00000567
0000048f
00000573
0000049b
00000443
000004bc
000004da
0000048d
000004ce
0000043a
0000043b
000004c6
0000041d
00000451
0000038d
00000277
000001b2
00000143
00000105
000000dd
000000c3
000000ad
0000009d
00000090
00000084
0000007b
00000073
0000006b
00000065
00000060
0000005b
00000056
00000051
0000004e
00000047
00000044
00000040
0000003a
00000037
00000035
00000031
00000031
0000002e
0000002a
00000029
00000028
00000026
00000023
00000021
0000001b
0000001a
00000019
00000018
00000017
00000015
00000014
00000013
00000012
00000011
0000000f
0000000d
0000000d
0000000d
0000000b
0000000b
00000009
00000008
00000007
00000006
00000005
00000004
00000003
00000003
00000003
00000003
00000001
fffffffe
fffffffd
fffffffc
fffffffb
fffffffa
fffffffa
fffffff9
fffffff8
fffffff6
fffffff5
fffffff6
fffffff6
fffffff6
fffffff6
fffffff6
fffffff4
fffffff5
fffffff3
fffffff4
fffffff1
fffffff2
fffffff1
fffffff1
fffffff0
fffffff0
fffffff0
ffffffef
ffffffee
ffffffef
ffffffee
ffffffee
ffffffee
ffffffee
ffffffee
ffffffec
ffffffeb
ffffffeb
ffffffea
ffffffea
ffffffea
ffffffe9
ffffffe9
ffffffe9
ffffffe9
ffffffe9
ffffffe8
ffffffe8
ffffffe7
ffffffe7
ffffffe7
ffffffe7
ffffffe7
ffffffe7
ffffffe7
ffffffe6
ffffffe6
ffffffe7
ffffffe6
ffffffe6
ffffffe3
ffffffe2
ffffffe2
ffffffe2
ffffffe2
ffffffe2
ffffffe2
ffffffe2
ffffffe2
ffffffe2
ffffffe2
ffffffe2
ffffffe2
ffffffe2
ffffffe2
ffffffe2
ffffffe2
ffffffe2
ffffffe2
ffffffe2
ffffffe0
ffffffe1
ffffffe1
ffffffe1
ffffffe1
ffffffe1
ffffffe0
ffffffe0
ffffffe0
ffffffe0
ffffffe0
ffffffe0
ffffffe0
ffffffe0
ffffffdf
ffffffdf
ffffffe0
ffffffe0
ffffffe0
ffffffdf
ffffffdf
ffffffdf
ffffffdf
ffffffe0
ffffffdf
ffffffdf
ffffffe0
ffffffdf
ffffffdf
ffffffdf
ffffffdf
ffffffe0
ffffffdf
ffffffdf
ffffffdf
ffffffdf
ffffffe0
ffffffdf
ffffffdf
ffffffe0
ffffffdf
ffffffdf
ffffffdf
ffffffdf
ffffffe0
ffffffe0
ffffffe0
ffffffe0
ffffffe0
ffffffe0
ffffffe0
ffffffe0
ffffffe0
ffffffdf
ffffffe0
ffffffe0
ffffffe1
ffffffe1
ffffffe1
ffffffe1
ffffffe1
ffffffe1
ffffffe1
ffffffe2
ffffffe2
ffffffe2
ffffffe2
ffffffe2
ffffffe2
ffffffe2
ffffffe2
ffffffe2
ffffffe2
ffffffe2
ffffffe2
ffffffe2
ffffffe2
ffffffe2
ffffffe2
ffffffe2
ffffffe2
ffffffe3
ffffffe3
ffffffe5
ffffffe6
ffffffe7
ffffffe6
ffffffe6
ffffffe7
ffffffe7
ffffffe7
ffffffe7
ffffffe7
ffffffe7
ffffffe7
ffffffe8
ffffffe8
ffffffe9
ffffffe9
ffffffe9
ffffffe9
ffffffe9
ffffffea
ffffffea
ffffffea
ffffffeb
ffffffeb
ffffffec
ffffffee
ffffffee
ffffffee
ffffffee
ffffffee
ffffffee
ffffffee
ffffffef
fffffff0
fffffff0
fffffff1
fffffff1
fffffff1
fffffff1
fffffff1
fffffff4
fffffff3
fffffff5
fffffff4
fffffff5
fffffff6
fffffff6
fffffff6
fffffff5
fffffff5
fffffff6
fffffff9
fffffffa
fffffffa
fffffffa
fffffffb
fffffffc
fffffffd
fffffffe
00000002
00000003
00000003
00000003
00000003
00000004
00000005
00000006
00000007
00000008
00000009
0000000b
0000000b
0000000d
0000000d
0000000d
0000000f
00000011
00000012
00000013
00000014
00000015
00000017
00000018
00000019
0000001a
0000001b
00000021
00000023
00000026
00000028
00000029
0000002a
0000002e
00000031
00000031
00000035
00000037
0000003a
0000003f
00000044
00000046
0000004d
00000050
00000056
0000005b
00000060
00000065
0000006b
00000073
0000007b
00000084
00000090
0000009d
000000ac
000000c3
000000dd
00000105
00000143
000001b2
00000277
0000038d
00000451
0000041d
000004c6
0000043b
0000043a
000004ce
0000048d
000004da
000004bc
00000443
0000049b
00000573
0000048f
00000567
000004a5
00000427
000004ce
000005e9
000004a1
000005ea
000004cb
00000426
000004d4
00000609
000004ce
00000627
00000507
00000465
00000500
000005f1
00000506
0000061e
00000540
000004d9
0000055a
000005a1
0000056a
000005d0
00000528
00000534
000005dc
00000552
000005cf
0000056d
000004de
00000556
00000656
00000533
0000063c
00000538
000004a5
00000562
000006a5
0000053b
000006ab
0000056c
000004b8
0000057e
000006cf
00000590
0000071c
00000622
000005dd
00000724
00000922
000009d2
00000a36
00000a38
00000966
000009a8
00000a65
00000b2c
00000a2b
00000af1
00000a2b
00000a78
00000a48
00000c10
0000099d
00000a53
000008c6
0000079c
000009bc
00000c76
000009ff
000007db
00000904
00000a95
000009e1
00000c54
00000a8e
00000ac1
00000a78
00000b42
00000a82
00000b89
00000acd
00000a1b
000009ea
00000ad6
00000afe
00000ae5
00000ac7
000009d0
000009b2
000009f6
00000b25
00000947
0000093f
000006f0
000005a0
0000060d
00000724
0000059b
000006f4
000005a5
000004de
0000056a
00000668
0000055a
00000679
00000576
000004fb
00000587
000005e7
00000568
000005f0
00000546
00000539
000005df
00000578
000005ae
00000566
000004e4
0000054a
00000628
0000050e
000005f9
00000508
0000046c
0000050e
0000062d
000004d4
0000060e
000004d9
0000042a
000004cf
000005ee
000004a4
000005ec
000004d2
00000429
000004a7
00000569
00000491
00000574
0000049c
00000444
000004bd
000004db
0000048d
000004ce
0000043a
0000043b
000004c6
0000041d
00000450
0000038c
00000276
000001b1
00000142
00000104
000000dc
000000c2
000000ab
0000009b
0000008e
00000082
00000079
00000071
00000069
00000063
0000005e
00000059
00000054
0000004f
0000004c
00000044
00000041
0000003d
00000037
00000034
00000032
0000002e
0000002e
0000002b
00000027
00000026
00000025
00000023
00000020
0000001e
00000018
00000017
00000015
00000014
00000013
00000011
00000010
0000000f
0000000e
0000000d
0000000b
00000009
00000009
00000009
00000007
00000007
00000005
00000004
00000003
00000002
00000001
00000000
ffffffff
ffffffff
ffffffff
ffffffff
fffffffd
fffffffa
fffffff9
fffffff8
fffffff7
fffffff6
fffffff6
fffffff5
fffffff4
fffffff2
fffffff1
fffffff2
fffffff2
fffffff1
fffffff1
fffffff1
ffffffef
fffffff0
ffffffee
ffffffef
ffffffec
ffffffed
ffffffec
ffffffec
ffffffeb
ffffffeb
ffffffeb
ffffffea
ffffffe9
ffffffea
ffffffe9
ffffffe9
ffffffe9
ffffffe9
ffffffe9
ffffffe7
ffffffe6
ffffffe6
ffffffe5
ffffffe5
ffffffe5
ffffffe4
ffffffe4
ffffffe4
ffffffe4
ffffffe4
ffffffe3
ffffffe3
ffffffe2
ffffffe2
ffffffe2
ffffffe2
ffffffe2
ffffffe2
ffffffe2
ffffffe1
ffffffe1
ffffffe2
ffffffe1
ffffffe1
ffffffde
ffffffdd
ffffffdd
ffffffdd
ffffffdd
ffffffdd
ffffffdd
ffffffdd
ffffffdd
ffffffdd
ffffffdd
ffffffdd
ffffffdd
ffffffdd
ffffffdd
ffffffdd
ffffffdd
ffffffdd
ffffffdd
ffffffdd
ffffffdb
ffffffdc
ffffffdc
ffffffdc
ffffffdc
ffffffdc
ffffffdb
ffffffdb
ffffffdb
ffffffdb
ffffffdb
ffffffdb
ffffffdb
ffffffdb
ffffffda
ffffffda
ffffffdb
ffffffdb
ffffffdb
ffffffda
ffffffda
ffffffda
ffffffda
ffffffdb
ffffffda
ffffffda
ffffffdb
ffffffda
ffffffda
ffffffda
ffffffda
ffffffdb
ffffffda
ffffffda
ffffffda
ffffffda
ffffffdb
ffffffda
ffffffda
ffffffdb
ffffffda
ffffffda
ffffffda
ffffffda
ffffffdb
ffffffdb
ffffffdb
ffffffdb
ffffffdb
ffffffdb
ffffffdb
ffffffdb
ffffffdb
ffffffda
ffffffdb
ffffffdb
ffffffdc
ffffffdc
ffffffdc
ffffffdc
ffffffdc
ffffffdc
ffffffdc
ffffffdd
ffffffdd
ffffffdd
ffffffdd
ffffffdd
ffffffdd
ffffffdd
ffffffdd
ffffffdd
ffffffdd
ffffffdd
ffffffdd
ffffffdd
ffffffdd
ffffffdd
ffffffdd
ffffffdd
ffffffdd
ffffffde
ffffffde
ffffffe0
ffffffe1
ffffffe2
ffffffe1
ffffffe1
ffffffe2
ffffffe2
ffffffe2
ffffffe2
ffffffe2
ffffffe2
ffffffe2
ffffffe3
ffffffe3
ffffffe4
ffffffe4
ffffffe4
ffffffe4
ffffffe4
ffffffe5
ffffffe5
ffffffe5
ffffffe6
ffffffe6
ffffffe7
ffffffe9
ffffffe9
ffffffe9
ffffffe9
ffffffe9
ffffffe9
ffffffe9
ffffffea
ffffffeb
ffffffeb
ffffffec
ffffffec
ffffffec
ffffffec
ffffffec
ffffffef
ffffffee
fffffff0
ffffffef
fffffff0
fffffff1
fffffff1
fffffff2
fffffff1
fffffff1
fffffff2
fffffff5
fffffff6
fffffff6
fffffff6
fffffff7
fffffff8
fffffff9
fffffffa
fffffffe
ffffffff
ffffffff
ffffffff
ffffffff
00000000
00000001
00000002
00000003
00000004
00000005
00000007
00000007
00000009
00000009
00000009
0000000b
0000000d
0000000e
0000000f
00000010
00000011
00000013
00000014
00000015
00000017
00000018
0000001e
00000020
00000023
00000025
00000026
00000027
0000002b
0000002e
0000002e
00000032
00000034
00000037
0000003c
00000041
00000043
0000004b
0000004e
00000054
00000059
0000005e
00000063
00000069
00000071
00000079
00000082
0000008e
0000009b
000000aa
000000c2
000000dc
00000104
00000142
000001b1
00000276
0000038c
00000450
0000041d
000004c6
0000043b
0000043a
000004ce
0000048d
000004db
000004bd
00000444
0000049c
00000574
00000491
00000569
000004a7
00000429
000004d1
000005ec
000004a4
000005ee
000004cf
0000042a
000004d9
0000060e
000004d4
0000062d
0000050e
0000046c
00000508
000005f9
0000050f
00000628
0000054a
000004e4
00000566
000005ae
00000578
000005df
00000539
00000546
000005f0
00000568
000005e7
00000587
000004fb
00000576
00000679
0000055a
00000668
0000056a
000004de
000005a5
000006f4
0000059b
00000724
0000060d
000005a0
000006f0
0000093f
00000947
00000b25
000009f6
000009b2
000009cf
00000ac7
00000ae5
00000afe
00000ad6
000009ea
00000a1b
00000acc
00000b8a
00000a82
00000b42
00000a78
00000ac1
00000a8e
00000c54
000009df
00000a94
00000905
000007db
000009fa
00000c95
00000a1d
000007f9
00000922
00000ab4
00000a00
00000c74
00000aaf
00000ae3
00000a9b
00000b67
00000aa9
00000bb2
00000af8
00000a49
00000a1c
00000b0c
00000b39
00000b27
00000b12
00000a27
00000a1a
00000a78
00000bd3
00000a4a
00000aef
000009e0
000009e6
0000099c
00000b75
000008e7
000008f9
000006d9
000005a4
000005f8
000006d5
000005b2
000006c3
000005b6
00000533
000005b9
00000614
00000591
00000615
00000568
00000559
000005fd
00000593
000005c8
0000057e
000004fb
0000055f
0000063c
00000521
0000060b
00000519
0000047d
0000051e
0000063c
000004e2
0000061c
000004e6
00000437
000004db
000005fa
000004af
000005f7
000004dc
00000433
000004b1
00000572
0000049a
0000057d
000004a4
0000044c
000004c5
000004e3
00000494
000004d5
00000441
00000442
000004cc
00000423
00000456
00000392
0000027c
000001b6
00000147
00000109
000000e1
000000c7
000000b0
000000a0
00000092
00000086
0000007d
00000075
0000006d
00000067
00000062
0000005d
00000058
00000052
0000004f
00000047
00000044
00000040
0000003a
00000037
00000035
00000031
00000031
0000002d
00000029
00000028
00000027
00000025
00000022
00000020
0000001a
00000019
00000017
00000016
00000015
00000013
00000012
00000011
00000010
0000000e
0000000c
0000000a
0000000a
0000000a
00000008
00000008
00000006
00000005
00000004
00000003
00000002
00000001
00000000
00000000
00000000
00000000
fffffffe
fffffffb
fffffffa
fffffff9
fffffff8
fffffff6
fffffff6
fffffff5
fffffff4
fffffff2
fffffff1
fffffff2
fffffff2
fffffff1
fffffff1
fffffff1
ffffffef
fffffff0
ffffffee
ffffffef
ffffffec
ffffffed
ffffffec
ffffffec
ffffffeb
ffffffeb
ffffffeb
ffffffea
ffffffe9
ffffffea
ffffffe9
ffffffe9
ffffffe9
ffffffe9
ffffffe9
ffffffe7
ffffffe6
ffffffe6
ffffffe5
ffffffe5
ffffffe5
ffffffe4
ffffffe4
ffffffe4
ffffffe4
ffffffe4
ffffffe3
ffffffe3
ffffffe1
ffffffe1
ffffffe1
ffffffe1
ffffffe1
ffffffe1
ffffffe1
ffffffe0
ffffffe0
ffffffe1
ffffffe0
ffffffe0
ffffffdd
ffffffdc
ffffffdc
ffffffdc
ffffffdc
ffffffdc
ffffffdc
ffffffdc
ffffffdc
ffffffdc
ffffffdc
ffffffdc
ffffffdc
ffffffdc
ffffffdc
ffffffdc
ffffffdc
ffffffdc
ffffffdc
ffffffdc
ffffffda
ffffffdb
ffffffdb
ffffffdb
ffffffdb
ffffffdb
ffffffda
ffffffda
ffffffda
ffffffda
ffffffda
ffffffda
ffffffda
ffffffda
ffffffd9
ffffffd9
ffffffda
ffffffda
ffffffda
ffffffd9
ffffffd9
ffffffd9
ffffffd9
ffffffda
ffffffd9
ffffffd9
ffffffda
ffffffd9
ffffffd9
ffffffd9
ffffffd9
ffffffda
ffffffd9
ffffffd9
ffffffd9
ffffffd9
ffffffda
ffffffd9
ffffffd9
ffffffda
ffffffd9
ffffffd9
ffffffd9
ffffffd9
ffffffda
ffffffda
ffffffda
ffffffda
ffffffda
ffffffda
ffffffda
ffffffda
ffffffda
ffffffd9
ffffffda
ffffffda
ffffffdb
ffffffdb
ffffffdb
ffffffdb
ffffffdb
ffffffdb
ffffffdb
ffffffdc
ffffffdc
ffffffdc
ffffffdc
ffffffdc
ffffffdc
ffffffdc
ffffffdc
ffffffdc
ffffffdc
ffffffdc
ffffffdc
ffffffdc
ffffffdc
ffffffdc
ffffffdc
ffffffdc
ffffffdc
ffffffdd
ffffffdd
ffffffdf
ffffffe0
ffffffe1
ffffffe0
ffffffe0
ffffffe1
ffffffe1
ffffffe1
ffffffe1
ffffffe1
ffffffe1
ffffffe1
ffffffe3
ffffffe3
ffffffe4
ffffffe4
ffffffe4
ffffffe4
ffffffe4
ffffffe5
ffffffe5
ffffffe5
ffffffe6
ffffffe6
ffffffe7
ffffffe9
ffffffe9
ffffffe9
ffffffe9
ffffffe9
ffffffe9
ffffffe9
ffffffea
ffffffeb
ffffffeb
ffffffec
ffffffec
ffffffec
ffffffec
ffffffec
ffffffef
ffffffee
fffffff0
ffffffef
fffffff0
fffffff1
fffffff1
fffffff2
fffffff1
fffffff1
fffffff2
fffffff5
fffffff6
fffffff6
fffffff6
fffffff8
fffffff9
fffffffa
fffffffb
ffffffff
00000000
00000000
00000000
00000000
00000001
00000002
00000003
00000004
00000005
00000006
00000008
00000008
0000000a
0000000a
0000000a
0000000c
0000000e
00000010
00000011
00000012
00000013
00000015
00000016
00000017
00000019
0000001a
00000020
00000022
00000025
00000027
00000028
00000029
0000002d
00000031
00000031
00000035
00000037
0000003a
0000003f
00000044
00000046
0000004e
00000051
00000058
0000005d
00000062
00000067
0000006d
00000075
0000007d
00000086
00000092
000000a0
000000af
000000c7
000000e1
00000109
00000147
000001b6
0000027c
00000392
00000456
00000423
000004cc
00000442
00000441
000004d5
00000494
000004e3
000004c5
0000044c
000004a4
0000057d
0000049a
00000572
000004b1
00000433
000004db
000005f7
000004af
000005fa
000004db
00000437
000004e6
0000061c
000004e2
0000063c
0000051e
0000047d
00000519
0000060b
00000522
0000063c
0000055f
000004fb
0000057e
000005c8
00000593
000005fd
00000559
00000568
00000615
00000591
00000614
000005b9
00000533
000005b6
000006c3
000005b2
000006d5
000005f8
000005a4
000006d9
000008f9
000008e7
00000b75
0000099c
000009e6
000009e0
00000aef
00000a4a
00000bd3
00000a78
00000a1a
00000a26
00000b12
00000b27
00000b39
00000b0c
00000a1c
00000a49
00000af7
00000bb3
00000aa9
00000b67
00000a9b
00000ae3
00000aaf
00000c74
000009fe
00000ab3
00000923
000007f9
00000a18
00000c9b
00000a23
000007ff
00000928
00000aba
00000a06
00000c7a
00000ab5
00000aea
00000aa2
00000b6e
00000ab1
00000bba
00000b01
00000a52
00000a26
00000b17
00000b45
00000b34
00000b21
00000a38
00000a2d
00000a8e
00000bec
00000a68
00000b13
00000a0e
00000a22
000009f0
00000bf5
000009c2
00000a98
000009ed
00000a43
00000950
00000b70
000008c5
00000862
00000691
000005b3
0000060c
00000650
000005be
00000639
00000585
00000572
00000612
000005a5
000005d8
0000058c
00000507
0000056a
00000646
0000052a
00000613
00000521
00000484
00000524
00000642
000004e7
00000621
000004ea
0000043b
000004df
000005fd
000004b2
000005fa
000004de
00000435
000004b3
00000574
0000049c
0000057f
000004a5
0000044d
000004c6
000004e4
00000495
000004d6
00000441
00000442
000004cc
00000423
00000456
00000392
0000027c
000001b6
00000147
00000109
000000e0
000000c6
000000af
0000009f
00000091
00000085
0000007c
00000074
0000006c
00000066
00000061
0000005c
00000057
00000051
0000004e
00000045
00000042
0000003e
00000038
00000035
00000033
0000002f
0000002f
0000002b
00000027
00000026
00000025
00000023
00000020
0000001e
00000018
00000017
00000015
00000014
00000013
00000011
00000010
0000000f
0000000e
0000000c
0000000a
00000008
00000008
00000008
00000005
00000005
00000003
00000002
00000001
00000000
ffffffff
fffffffe
fffffffd
fffffffd
fffffffd
fffffffd
fffffffb
fffffff8
fffffff7
fffffff6
fffffff5
fffffff3
fffffff3
fffffff2
fffffff1
ffffffef
ffffffee
ffffffef
ffffffef
ffffffee
ffffffee
ffffffee
ffffffec
ffffffed
ffffffeb
ffffffec
ffffffe9
ffffffea
ffffffe9
ffffffe9
ffffffe8
ffffffe8
ffffffe8
ffffffe7
ffffffe6
ffffffe7
ffffffe6
ffffffe6
ffffffe6
ffffffe6
ffffffe6
ffffffe4
ffffffe3
ffffffe3
ffffffe2
ffffffe2
ffffffe2
ffffffe1
ffffffe1
ffffffe1
ffffffe1
ffffffe1
ffffffe0
ffffffe0
ffffffde
ffffffde
ffffffde
ffffffde
ffffffde
ffffffde
ffffffde
ffffffdd
ffffffdd
ffffffde
ffffffdd
ffffffdd
ffffffda
ffffffd9
ffffffd9
ffffffd9
ffffffd9
ffffffd9
ffffffd9
ffffffd9
ffffffd9
ffffffd9
ffffffd9
ffffffd9
ffffffd9
ffffffd9
ffffffd9
ffffffd9
ffffffd9
ffffffd9
ffffffd9
ffffffd9
ffffffd7
ffffffd8
ffffffd8
ffffffd8
ffffffd8
ffffffd8
ffffffd7
ffffffd7
ffffffd7
ffffffd7
ffffffd7
ffffffd7
ffffffd7
ffffffd7
ffffffd6
ffffffd6
ffffffd7
ffffffd7
ffffffd6
ffffffd6
ffffffd6
ffffffd6
ffffffd6
ffffffd7
ffffffd6
ffffffd5
ffffffd6
ffffffd5
ffffffd5
ffffffd6
ffffffd5
ffffffd6
ffffffd5
ffffffd6
ffffffd5
ffffffd5
ffffffd7
ffffffd5
ffffffd6
ffffffd7
ffffffd5
ffffffd6
ffffffd6
ffffffd6
ffffffd7
ffffffd7
ffffffd7
ffffffd7
ffffffd7
ffffffd7
ffffffd7
ffffffd7
ffffffd7
ffffffd6
ffffffd7
ffffffd7
ffffffd8
ffffffd8
ffffffd8
ffffffd8
ffffffd8
ffffffd8
ffffffd8
ffffffd9
ffffffd9
ffffffd9
ffffffd9
ffffffd9
ffffffd9
ffffffd9
ffffffd9
ffffffd9
ffffffd9
ffffffd9
ffffffd9
ffffffd9
ffffffd9
ffffffd9
ffffffd9
ffffffd9
ffffffd9
ffffffda
ffffffda
ffffffdc
ffffffdd
ffffffde
ffffffdd
ffffffdd
ffffffde
ffffffde
ffffffde
ffffffde
ffffffde
ffffffde
ffffffde
ffffffe0
ffffffe0
ffffffe1
ffffffe1
ffffffe1
ffffffe1
ffffffe1
ffffffe2
ffffffe2
ffffffe2
ffffffe3
ffffffe3
ffffffe4
ffffffe6
ffffffe6
ffffffe6
ffffffe6
ffffffe6
ffffffe6
ffffffe6
ffffffe7
ffffffe8
ffffffe8
ffffffe9
ffffffe9
ffffffe9
ffffffe9
ffffffe9
ffffffec
ffffffeb
ffffffed
ffffffec
ffffffed
ffffffee
ffffffee
ffffffef
ffffffee
ffffffee
ffffffef
fffffff2
fffffff3
fffffff3
fffffff3
fffffff5
fffffff6
fffffff7
fffffff8
fffffffc
fffffffd
fffffffd
fffffffd
fffffffd
fffffffe
ffffffff
00000000
00000001
00000002
00000003
00000005
00000005
00000008
00000007
00000008
0000000a
0000000c
0000000e
0000000f
00000010
00000011
00000013
00000014
00000015
00000017
00000018
0000001e
00000020
00000023
00000025
00000026
00000027
0000002b
0000002f
0000002f
00000033
00000035
00000038
0000003d
00000042
00000044
0000004d
00000050
00000057
0000005c
00000061
00000066
0000006c
00000074
0000007c
00000085
00000091
0000009f
000000ae
000000c6
000000e0
00000109
00000147
000001b6
0000027c
00000392
00000456
00000423
000004cc
00000442
00000441
000004d6
00000495
000004e4
000004c6
0000044d
000004a5
0000057f
0000049c
00000574
000004b3
00000435
000004dd
000005fa
000004b2
000005fd
000004df
0000043b
000004ea
00000621
000004e7
00000642
00000524
00000484
00000521
00000613
0000052b
00000646
0000056a
00000507
0000058c
000005d8
000005a5
00000612
00000572
00000585
00000639
000005be
00000650
0000060c
000005b3
00000691
00000862
000008c5
00000b70
00000950
00000a43
000009ed
00000a98
000009c2
00000bf5
000009f0
00000a22
00000a0e
00000b13
00000a68
00000bec
00000a8e
00000a2d
00000a37
00000b21
00000b34
00000b45
00000b17
00000a26
00000a52
00000b00
00000bbb
00000ab1
00000b6e
00000aa2
00000aea
00000ab5
00000c7a
00000a04
00000ab9
00000929
000007ff
00000a1e
00000c9b
00000a23
000007ff
00000928
00000aba
00000a06
00000c7a
00000ab6
00000aeb
00000aa3
00000b6f
00000ab2
00000bbb
00000b02
00000a54
00000a28
00000b19
00000b48
00000b37
00000b25
00000a3c
00000a32
00000a94
00000bf2
00000a6f
00000b1c
00000a18
00000a2e
000009ff
00000c07
000009d8
00000ab5
00000a13
00000a77
0000099b
00000be7
00000996
000009f8
0000099f
00000a4e
00000956
00000ae6
000008c5
000007c9
00000652
000005e6
0000065b
000005d7
000005fc
000005a7
0000051c
0000057b
00000654
00000535
0000061c
00000529
0000048a
00000529
00000646
000004eb
00000624
000004ec
0000043d
000004e0
000005fe
000004b3
000005fa
000004de
00000435
000004b3
00000573
0000049b
0000057e
000004a4
0000044c
000004c5
000004e3
00000493
000004d4
0000043f
00000440
000004ca
00000421
00000454
00000390
0000027a
000001b3
00000144
00000106
000000dd
000000c3
000000ac
0000009c
0000008e
00000082
00000079
00000071
00000069
00000063
0000005e
00000059
00000054
0000004e
0000004b
00000042
0000003f
0000003b
00000035
00000032
00000030
0000002b
0000002b
00000027
00000023
00000022
00000021
0000001f
0000001c
0000001a
00000014
00000013
00000011
00000010
0000000f
0000000d
0000000c
0000000b
0000000a
00000008
00000006
00000004
00000004
00000004
00000001
00000001
ffffffff
fffffffe
fffffffd
fffffffc
fffffffb
fffffffa
fffffff9
fffffff9
fffffff9
fffffff9
fffffff7
fffffff4
fffffff3
fffffff2
fffffff1
ffffffef
ffffffef
ffffffee
ffffffed
ffffffeb
ffffffea
ffffffeb
ffffffeb
ffffffea
ffffffea
ffffffea
ffffffe8
ffffffe9
ffffffe7
ffffffe8
ffffffe5
ffffffe6
ffffffe5
ffffffe5
ffffffe4
ffffffe4
ffffffe4
ffffffe3
ffffffe2
ffffffe3
ffffffe2
ffffffe2
ffffffe2
ffffffe2
ffffffe2
ffffffe0
ffffffdf
ffffffdf
ffffffde
ffffffde
ffffffde
ffffffdd
ffffffdd
ffffffdd
ffffffdd
ffffffdd
ffffffdc
ffffffdc
ffffffda
ffffffda
ffffffda
ffffffda
ffffffda
ffffffda
ffffffda
ffffffd9
ffffffd9
ffffffda
ffffffd9
ffffffd9
ffffffd6
ffffffd5
ffffffd5
ffffffd5
ffffffd5
ffffffd5
ffffffd5
ffffffd5
ffffffd4
ffffffd5
ffffffd4
ffffffd5
ffffffd4
ffffffd4
ffffffd4
ffffffd4
ffffffd4
ffffffd5
ffffffd4
ffffffd4
ffffffd2
ffffffd3
ffffffd3
ffffffd3
ffffffd3
ffffffd3
ffffffd2
ffffffd2
ffffffd2
ffffffd2
ffffffd2
ffffffd2
ffffffd2
ffffffd2
ffffffd1
ffffffd1
ffffffd2
ffffffd2
ffffffd1
ffffffd1
ffffffd1
ffffffd1
ffffffd1
ffffffd2
ffffffd1
ffffffd0
ffffffd1
ffffffd0
ffffffd0
ffffffd1
ffffffd0
ffffffd1
ffffffd0
ffffffd1
ffffffd0
ffffffd0
ffffffd2
ffffffd0
ffffffd1
ffffffd2
ffffffd0
ffffffd1
ffffffd1
ffffffd1
ffffffd2
ffffffd2
ffffffd2
ffffffd2
ffffffd2
ffffffd2
ffffffd2
ffffffd2
ffffffd2
ffffffd1
ffffffd2
ffffffd2
ffffffd3
ffffffd3
ffffffd3
ffffffd3
ffffffd3
ffffffd3
ffffffd3
ffffffd4
ffffffd4
ffffffd5
ffffffd4
ffffffd4
ffffffd5
ffffffd4
ffffffd5
ffffffd5
ffffffd5
ffffffd5
ffffffd4
ffffffd5
ffffffd5
ffffffd5
ffffffd5
ffffffd5
ffffffd5
ffffffd6
ffffffd6
ffffffd8
ffffffd9
ffffffda
ffffffd9
ffffffd9
ffffffda
ffffffda
ffffffda
ffffffda
ffffffda
ffffffda
ffffffda
ffffffdc
ffffffdc
ffffffdd
ffffffdd
ffffffdd
ffffffdd
ffffffdd
ffffffde
ffffffde
ffffffde
ffffffdf
ffffffdf
ffffffe0
ffffffe2
ffffffe2
ffffffe2
ffffffe2
ffffffe2
ffffffe2
ffffffe2
ffffffe3
ffffffe4
ffffffe4
ffffffe5
ffffffe5
ffffffe5
ffffffe5
ffffffe5
ffffffe8
ffffffe7
ffffffe9
ffffffe8
ffffffe9
ffffffea
ffffffea
ffffffeb
ffffffea
ffffffea
ffffffeb
ffffffee
ffffffef
ffffffef
ffffffef
fffffff1
fffffff2
fffffff3
fffffff4
fffffff8
fffffff9
fffffff9
fffffff9
fffffff9
fffffffa
fffffffb
fffffffc
fffffffd
fffffffe
ffffffff
00000001
00000001
00000004
00000003
00000004
00000006
00000008
0000000a
0000000b
0000000c
0000000d
0000000f
00000010
00000011
00000013
00000014
0000001a
0000001c
0000001f
00000021
00000022
00000023
00000027
0000002b
0000002b
00000030
00000031
00000035
0000003a
0000003f
00000041
0000004a
0000004d
00000054
00000059
0000005e
00000063
00000069
00000071
00000079
00000082
0000008e
0000009c
000000ab
000000c3
000000dd
00000106
00000144
000001b3
0000027a
00000390
00000454
00000421
000004ca
00000440
0000043f
000004d4
00000493
000004e3
000004c5
0000044c
000004a4
0000057e
0000049b
00000573
000004b3
00000435
000004dd
000005fa
000004b3
000005fe
000004e0
0000043d
000004ec
00000624
000004eb
00000646
00000529
0000048a
00000529
0000061c
00000536
00000654
0000057b
0000051c
000005a7
000005fc
000005d7
0000065b
000005e6
00000652
000007c9
000008c5
00000ae6
00000956
00000a4e
0000099f
000009f8
00000996
00000be7
0000099b
00000a77
00000a13
00000ab5
000009d8
00000c07
000009ff
00000a2e
00000a18
00000b1c
00000a6f
00000bf2
00000a94
00000a32
00000a3b
00000b25
00000b37
00000b48
00000b19
00000a28
00000a54
00000b02
00000bbc
00000ab2
00000b6f
00000aa3
00000aeb
00000ab6
00000c7a
00000a04
00000ab9
00000929
000007ff
00000a1e
00000ca9
00000a32
0000080e
00000937
00000ac9
00000a15
00000c89
00000ac6
00000afb
00000ab3
00000b7f
00000ac2
00000bcc
00000b13
00000a65
00000a3a
00000b2b
00000b5b
00000b4a
00000b39
00000a50
00000a47
00000aaa
00000c08
00000a86
00000b34
00000a31
00000a49
00000a1b
00000c25
000009f8
00000ad7
00000a38
00000a9f
000009c7
00000c18
000009cd
00000a38
000009ea
00000aaa
000009cd
00000b8d
000009ca
0000098d
00000964
00000a3e
000009b5
00000a26
000008e1
0000073c
000005fe
00000609
000006b8
00000580
00000658
0000055b
000004b4
0000054d
00000666
00000507
0000063d
00000502
00000451
000004f2
0000060f
000004c2
00000608
000004eb
00000441
000004be
0000057d
000004a4
00000586
000004ac
00000453
000004cb
000004e9
00000498
000004d9
00000444
00000444
000004ce
00000424
00000457
00000393
0000027c
000001b5
00000146
00000108
000000de
000000c4
000000ad
0000009d
0000008f
00000082
00000079
00000071
00000069
00000063
0000005e
00000058
00000053
0000004d
0000004a
00000041
0000003e
0000003a
00000034
00000031
0000002e
00000029
00000029
00000025
00000021
00000020
0000001f
0000001d
0000001a
00000018
00000012
00000011
0000000e
0000000d
0000000c
0000000a
00000009
00000008
00000007
00000005
00000003
00000001
00000001
00000001
fffffffe
fffffffe
fffffffc
fffffffb
fffffffa
fffffff9
fffffff7
fffffff6
fffffff5
fffffff5
fffffff5
fffffff5
fffffff3
fffffff0
ffffffef
ffffffee
ffffffed
ffffffeb
ffffffeb
ffffffea
ffffffe9
ffffffe7
ffffffe6
ffffffe7
ffffffe7
ffffffe6
ffffffe6
ffffffe6
ffffffe4
ffffffe5
ffffffe3
ffffffe4
ffffffe1
ffffffe2
ffffffe1
ffffffe1
ffffffe0
ffffffe0
ffffffe0
ffffffdf
ffffffde
ffffffde
ffffffdd
ffffffdd
ffffffdd
ffffffdd
ffffffdd
ffffffdb
ffffffda
ffffffda
ffffffd9
ffffffd9
ffffffd9
ffffffd8
ffffffd8
ffffffd8
ffffffd8
ffffffd8
ffffffd7
ffffffd7
ffffffd5
ffffffd5
ffffffd5
ffffffd5
ffffffd5
ffffffd5
ffffffd5
ffffffd4
ffffffd4
ffffffd5
ffffffd4
ffffffd4
ffffffd1
ffffffd0
ffffffd0
ffffffd0
ffffffd0
ffffffd0
ffffffd0
ffffffd0
ffffffcf
ffffffd0
ffffffcf
ffffffd0
ffffffcf
ffffffcf
ffffffcf
ffffffcf
ffffffcf
ffffffd0
ffffffcf
ffffffcf
ffffffcd
ffffffce
ffffffce
ffffffce
ffffffce
ffffffce
ffffffcd
ffffffcd
ffffffcd
ffffffcd
ffffffcd
ffffffcd
ffffffcd
ffffffcd
ffffffcc
ffffffcc
ffffffcd
ffffffcd
ffffffcc
ffffffcc
ffffffcc
ffffffcb
ffffffcc
ffffffcc
ffffffcb
ffffffca
ffffffcb
ffffffca
ffffffca
ffffffcb
ffffffca
ffffffcb
ffffffca
ffffffcb
ffffffca
ffffffca
ffffffcc
ffffffca
ffffffcb
ffffffcc
ffffffca
ffffffcb
ffffffcc
ffffffcc
ffffffcd
ffffffcd
ffffffcd
ffffffcd
ffffffcd
ffffffcd
ffffffcd
ffffffcd
ffffffcd
ffffffcc
ffffffcd
ffffffcd
ffffffce
ffffffce
ffffffce
ffffffce
ffffffce
ffffffce
ffffffce
ffffffcf
ffffffcf
ffffffd0
ffffffcf
ffffffcf
ffffffd0
ffffffcf
ffffffd0
ffffffd0
ffffffd0
ffffffd0
ffffffcf
ffffffd0
ffffffd0
ffffffd0
ffffffd0
ffffffd0
ffffffd0
ffffffd1
ffffffd1
ffffffd3
ffffffd4
ffffffd5
ffffffd4
ffffffd4
ffffffd5
ffffffd5
ffffffd5
ffffffd5
ffffffd5
ffffffd5
ffffffd5
ffffffd7
ffffffd7
ffffffd8
ffffffd8
ffffffd8
ffffffd8
ffffffd8
ffffffd9
ffffffd9
ffffffd9
ffffffda
ffffffda
ffffffdb
ffffffdd
ffffffdd
ffffffdd
ffffffdd
ffffffdd
ffffffdd
ffffffde
ffffffdf
ffffffe0
ffffffe0
ffffffe1
ffffffe1
ffffffe1
ffffffe1
ffffffe1
ffffffe4
ffffffe3
ffffffe5
ffffffe4
ffffffe5
ffffffe6
ffffffe6
ffffffe7
ffffffe6
ffffffe6
ffffffe7
ffffffea
ffffffeb
ffffffeb
ffffffeb
ffffffed
ffffffee
ffffffef
fffffff0
fffffff4
fffffff5
fffffff5
fffffff5
fffffff5
fffffff6
fffffff7
fffffff9
fffffffa
fffffffb
fffffffc
fffffffe
fffffffe
00000001
00000000
00000001
00000003
00000005
00000007
00000008
00000009
0000000a
0000000c
0000000d
0000000e
00000011
00000012
00000018
0000001a
0000001d
0000001f
00000020
00000021
00000025
00000029
00000029
0000002e
00000030
00000034
00000039
0000003e
00000040
00000049
0000004c
00000053
00000058
0000005e
00000063
00000069
00000071
00000079
00000082
0000008f
0000009d
000000ac
000000c4
000000de
00000108
00000146
000001b5
0000027c
00000393
00000457
00000424
000004ce
00000444
00000444
000004d9
00000498
000004e9
000004cb
00000453
000004ac
00000586
000004a4
0000057d
000004be
00000441
000004ea
00000608
000004c2
0000060f
000004f2
00000451
00000502
0000063d
00000507
00000666
0000054d
000004b4
0000055b
00000658
00000581
000006b8
00000609
000005fe
0000073c
000008e1
00000a26
000009b5
00000a3e
00000964
0000098d
000009ca
00000b8d
000009cd
00000aaa
000009ea
00000a38
000009cd
00000c18
000009c7
00000a9f
00000a38
00000ad7
000009f8
00000c25
00000a1b
00000a49
00000a31
00000b34
00000a86
00000c08
00000aaa
00000a47
00000a4f
00000b39
00000b4a
00000b5b
00000b2b
00000a3a
00000a65
00000b13
00000bcd
00000ac2
00000b7f
00000ab3
00000afb
00000ac6
00000c89
00000a13
00000ac8
00000938
0000080e
00000a2d
00000cae
00000a37
00000813
0000093c
00000ace
00000a1a
00000c8e
00000acb
00000b00
00000ab9
00000b85
00000ac8
00000bd3
00000b1a
00000a6c
00000a42
00000b33
00000b64
00000b53
00000b43
00000a5b
00000a52
00000ab6
00000c15
00000a94
00000b43
00000a41
00000a5a
00000a2d
00000c38
00000a0d
00000aee
00000a50
00000ab9
000009e4
00000c37
000009ef
00000a5d
00000a13
00000ad8
00000a01
00000bc8
00000a0d
000009db
000009c2
00000ab2
00000a4d
00000afd
00000a2f
00000967
00000958
000009f8
00000a38
0000094a
000008f6
000006e9
000005ad
000005fb
000006eb
00000573
00000698
00000551
00000497
00000531
00000648
000004f6
00000638
00000518
0000046b
000004e5
000005a2
000004c7
000005a7
000004cb
00000471
000004e7
00000504
000004b2
000004f2
0000045c
0000045b
000004e4
00000439
0000046c
000003a7
0000028f
000001c8
00000158
00000119
000000ef
000000d4
000000bd
000000ad
0000009e
00000091
00000087
0000007f
00000077
00000070
0000006b
00000065
0000005f
00000059
00000056
0000004c
00000049
00000045
0000003f
0000003c
00000038
00000033
00000033
0000002f
0000002b
00000029
00000028
00000026
00000023
00000021
0000001b
00000019
00000016
00000015
00000014
00000012
00000011
00000010
0000000e
0000000c
0000000a
00000008
00000008
00000008
00000005
00000005
00000003
00000001
00000000
ffffffff
fffffffd
fffffffc
fffffffb
fffffffb
fffffffb
fffffffb
fffffff9
fffffff6
fffffff4
fffffff3
fffffff2
fffffff0
fffffff0
ffffffef
ffffffee
ffffffec
ffffffeb
ffffffec
ffffffec
ffffffeb
ffffffeb
ffffffeb
ffffffe9
ffffffe9
ffffffe7
ffffffe8
ffffffe5
ffffffe6
ffffffe5
ffffffe5
ffffffe4
ffffffe4
ffffffe4
ffffffe3
ffffffe2
ffffffe2
ffffffe1
ffffffe1
ffffffe1
ffffffe1
ffffffe1
ffffffdf
ffffffde
ffffffde
ffffffdd
ffffffdd
ffffffdd
ffffffdb
ffffffdb
ffffffdb
ffffffdb
ffffffdb
ffffffda
ffffffda
ffffffd8
ffffffd8
ffffffd8
ffffffd8
ffffffd8
ffffffd8
ffffffd8
ffffffd7
ffffffd7
ffffffd8
ffffffd7
ffffffd7
ffffffd4
ffffffd3
ffffffd3
ffffffd3
ffffffd3
ffffffd3
ffffffd3
ffffffd3
ffffffd2
ffffffd3
ffffffd2
ffffffd3
ffffffd2
ffffffd2
ffffffd2
ffffffd2
ffffffd2
ffffffd3
ffffffd2
ffffffd2
ffffffd0
ffffffd1
ffffffd1
ffffffd1
ffffffd1
ffffffd1
ffffffd0
ffffffd0
ffffffd0
ffffffd0
ffffffd0
ffffffd0
ffffffd0
ffffffd0
ffffffce
ffffffce
ffffffcf
ffffffcf
ffffffce
ffffffce
ffffffce
ffffffcd
ffffffce
ffffffce
ffffffcd
ffffffcc
ffffffcd
ffffffcc
ffffffcc
ffffffcd
ffffffcc
ffffffcd
ffffffcc
ffffffcd
ffffffcc
ffffffcc
ffffffce
ffffffcc
ffffffcd
ffffffce
ffffffcc
ffffffcd
ffffffce
ffffffce
ffffffcf
ffffffcf
ffffffcf
ffffffcf
ffffffcf
ffffffd0
ffffffd0
ffffffd0
ffffffd0
ffffffcf
ffffffd0
ffffffd0
ffffffd1
ffffffd1
ffffffd1
ffffffd1
ffffffd1
ffffffd1
ffffffd1
ffffffd2
ffffffd2
ffffffd3
ffffffd2
ffffffd2
ffffffd3
ffffffd2
ffffffd3
ffffffd3
ffffffd3
ffffffd3
ffffffd2
ffffffd3
ffffffd3
ffffffd3
ffffffd3
ffffffd3
ffffffd3
ffffffd4
ffffffd4
ffffffd6
ffffffd7
ffffffd8
ffffffd7
ffffffd7
ffffffd8
ffffffd8
ffffffd8
ffffffd8
ffffffd8
ffffffd8
ffffffd8
ffffffda
ffffffda
ffffffdb
ffffffdb
ffffffdb
ffffffdb
ffffffdb
ffffffdd
ffffffdd
ffffffdd
ffffffde
ffffffde
ffffffdf
ffffffe1
ffffffe1
ffffffe1
ffffffe1
ffffffe1
ffffffe1
ffffffe2
ffffffe3
ffffffe4
ffffffe4
ffffffe5
ffffffe5
ffffffe5
ffffffe5
ffffffe5
ffffffe8
ffffffe7
ffffffe9
ffffffe9
ffffffea
ffffffeb
ffffffeb
ffffffec
ffffffeb
ffffffeb
ffffffec
ffffffef
fffffff0
fffffff0
fffffff0
fffffff2
fffffff3
fffffff4
fffffff6
fffffffa
fffffffb
fffffffb
fffffffb
fffffffb
fffffffc
fffffffd
ffffffff
00000000
00000001
00000003
00000005
00000005
00000008
00000007
00000008
0000000a
0000000c
0000000e
00000010
00000011
00000012
00000014
00000015
00000016
00000019
0000001b
00000021
00000023
00000026
00000028
00000029
0000002b
0000002f
00000033
00000033
00000038
0000003b
0000003f
00000044
00000049
0000004b
00000055
00000058
0000005f
00000065
0000006b
00000070
00000077
0000007f
00000087
00000091
0000009e
000000ad
000000bc
000000d4
000000ef
00000119
00000158
000001c8
0000028f
000003a7
0000046c
00000439
000004e4
0000045b
0000045c
000004f2
000004b2
00000504
000004e7
00000471
000004cb
000005a7
000004c7
000005a2
000004e5
0000046b
00000517
00000638
000004f6
00000648
00000531
00000497
00000551
00000698
00000573
000006eb
000005fb
000005ad
000006e9
000008f6
0000094b
00000a38
000009f8
00000958
00000967
00000a2f
00000afd
00000a4d
00000ab2
000009c2
000009db
00000a0d
00000bc8
00000a01
00000ad8
00000a13
00000a5d
000009ef
00000c37
000009e4
00000ab9
00000a50
00000aee
00000a0d
00000c38
00000a2d
00000a5a
00000a41
00000b43
00000a94
00000c15
00000ab6
00000a52
00000a5a
00000b43
00000b53
00000b64
00000b33
00000a42
00000a6c
00000b1a
00000bd4
00000ac8
00000b85
00000ab9
00000b00
00000acb
00000c8e
00000a18
00000acd
0000093d
00000813
00000a32
00000cae
00000a38
00000814
0000093d
00000acf
00000a1b
00000c8f
00000acc
00000b02
00000abb
00000b87
00000aca
00000bd6
00000b1d
00000a6f
00000a46
00000b37
00000b68
00000b58
00000b48
00000a61
00000a58
00000abd
00000c1d
00000a9c
00000b4c
00000a4b
00000a64
00000a38
00000c44
00000a1a
00000afc
00000a5f
00000ac9
000009f5
00000c4a
00000a03
00000a73
00000a2b
00000af2
00000a1d
00000be7
00000a2f
00000a00
000009eb
00000ae0
00000a81
00000b38
00000a73
000009b7
000009b9
00000a72
00000ada
00000a36
00000a74
00000972
00000967
0000097f
00000ab2
000008b5
000008bf
000006a3
00000575
000005d1
000006c5
0000055d
00000690
00000565
000004af
00000522
000005da
000004fa
000005d6
000004f7
0000049a
0000050e
00000528
000004d4
00000513
0000047b
00000479
00000500
00000454
00000486
000003c0
000002a7
000001df
0000016e
0000012e
00000104
000000e8
000000d0
000000c0
000000b0
000000a3
00000098
00000090
00000087
00000080
0000007a
00000074
0000006d
00000067
00000064
00000059
00000056
00000052
0000004c
00000048
00000044
0000003f
0000003e
0000003a
00000036
00000034
00000033
00000030
0000002d
0000002b
00000025
00000023
0000001f
0000001e
0000001d
0000001b
0000001a
00000019
00000016
00000014
00000012
00000010
00000010
00000010
0000000d
0000000d
0000000a
00000008
00000007
00000006
00000004
00000003
00000002
00000002
00000002
00000001
ffffffff
fffffffc
fffffffa
fffffff9
fffffff8
fffffff6
fffffff6
fffffff5
fffffff4
fffffff2
fffffff1
fffffff1
fffffff1
fffffff0
fffffff0
fffffff0
ffffffee
ffffffee
ffffffec
ffffffed
ffffffea
ffffffeb
ffffffea
ffffffea
ffffffe9
ffffffe9
ffffffe9
ffffffe8
ffffffe7
ffffffe6
ffffffe5
ffffffe5
ffffffe5
ffffffe5
ffffffe5
ffffffe3
ffffffe2
ffffffe2
ffffffe1
ffffffe1
ffffffe1
ffffffdf
ffffffdf
ffffffdf
ffffffdf
ffffffdf
ffffffde
ffffffde
ffffffdc
ffffffdc
ffffffdc
ffffffdc
ffffffdc
ffffffdc
ffffffdc
ffffffdb
ffffffda
ffffffdb
ffffffda
ffffffda
ffffffd7
ffffffd6
ffffffd6
ffffffd6
ffffffd6
ffffffd6
ffffffd6
ffffffd6
ffffffd5
ffffffd6
ffffffd5
ffffffd6
ffffffd5
ffffffd5
ffffffd5
ffffffd5
ffffffd5
ffffffd6
ffffffd5
ffffffd5
ffffffd3
ffffffd4
ffffffd4
ffffffd4
ffffffd4
ffffffd4
ffffffd3
ffffffd3
ffffffd3
ffffffd3
ffffffd3
ffffffd3
ffffffd3
ffffffd3
ffffffd1
ffffffd1
ffffffd2
ffffffd2
ffffffd1
ffffffd1
ffffffd1
ffffffd0
ffffffd1
ffffffd1
ffffffd0
ffffffcf
ffffffd0
ffffffcf
ffffffcf
ffffffd0
ffffffcf
ffffffd0
ffffffcf
ffffffd0
ffffffcf
ffffffcf
ffffffd1
ffffffcf
ffffffd0
ffffffd1
ffffffcf
ffffffd0
ffffffd1
ffffffd1
ffffffd2
ffffffd2
ffffffd2
ffffffd2
ffffffd2
ffffffd3
ffffffd3
ffffffd3
ffffffd3
ffffffd2
ffffffd3
ffffffd3
ffffffd4
ffffffd4
ffffffd4
ffffffd4
ffffffd4
ffffffd4
ffffffd4
ffffffd5
ffffffd5
ffffffd6
ffffffd5
ffffffd5
ffffffd6
ffffffd5
ffffffd6
ffffffd6
ffffffd6
ffffffd6
ffffffd5
ffffffd6
ffffffd6
ffffffd6
ffffffd6
ffffffd6
ffffffd6
ffffffd7
ffffffd7
ffffffd9
ffffffda
ffffffdb
ffffffda
ffffffdb
ffffffdc
ffffffdc
ffffffdc
ffffffdc
ffffffdc
ffffffdc
ffffffdc
ffffffde
ffffffde
ffffffdf
ffffffdf
ffffffdf
ffffffdf
ffffffdf
ffffffe1
ffffffe1
ffffffe1
ffffffe2
ffffffe2
ffffffe3
ffffffe5
ffffffe5
ffffffe5
ffffffe5
ffffffe5
ffffffe5
ffffffe7
ffffffe8
ffffffe9
ffffffe9
ffffffea
ffffffea
ffffffea
ffffffea
ffffffea
ffffffed
ffffffec
ffffffee
ffffffee
ffffffef
fffffff0
fffffff0
fffffff1
fffffff0
fffffff1
fffffff2
fffffff5
fffffff6
fffffff6
fffffff6
fffffff8
fffffff9
fffffffa
fffffffc
00000000
00000001
00000002
00000002
00000002
00000003
00000004
00000006
00000007
00000008
0000000a
0000000d
0000000d
00000010
0000000f
00000010
00000012
00000014
00000016
00000019
0000001a
0000001b
0000001d
0000001e
0000001f
00000023
00000025
0000002b
0000002d
00000030
00000033
00000034
00000036
0000003a
0000003e
0000003f
00000044
00000047
0000004c
00000051
00000056
00000058
00000063
00000066
0000006d
00000074
0000007a
00000080
00000087
00000090
00000098
000000a3
000000b0
000000c0
000000cf
000000e8
00000104
0000012e
0000016e
000001df
000002a7
000003c0
00000486
00000454
00000500
00000479
0000047b
00000513
000004d4
00000528
0000050e
0000049a
000004f7
000005d6
000004fa
000005da
00000522
000004af
00000564
00000690
0000055d
000006c5
000005d1
00000575
000006a3
000008bf
000008b5
00000ab2
0000097f
00000967
00000972
00000a74
00000a37
00000ada
00000a72
000009b9
000009b7
00000a73
00000b38
00000a81
00000ae0
000009eb
00000a00
00000a2f
00000be7
00000a1d
00000af2
00000a2b
00000a73
00000a03
00000c4a
000009f5
00000ac9
00000a5f
00000afc
00000a1a
00000c44
00000a38
00000a64
00000a4b
00000b4c
00000a9c
00000c1d
00000abd
00000a58
00000a60
00000b48
00000b58
00000b68
00000b37
00000a46
00000a6f
00000b1d
00000bd7
00000aca
00000b87
00000abb
00000b02
00000acd
00000c8f
00000a19
00000ace
0000093e
00000814
00000a33
00000cb8
00000a41
0000081d
00000946
00000ad8
00000a24
00000c98
00000ad5
00000b0c
00000ac5
00000b91
00000ad4
00000be0
00000b27
00000a79
00000a50
00000b41
00000b72
00000b63
00000b53
00000a6c
00000a63
00000ac8
00000c29
00000aa8
00000b58
00000a57
00000a71
00000a45
00000c51
00000a28
00000b0a
00000a6e
00000ad8
00000a05
00000c5a
00000a14
00000a84
00000a3d
00000b05
00000a31
00000bfc
00000a45
00000a17
00000a03
00000afa
00000a9c
00000b55
00000a93
000009d9
000009de
00000a9b
00000b07
00000a69
00000aaf
000009b7
000009bb
000009ea
00000b46
0000099a
00000a4c
0000096a
00000985
000008fd
00000ad4
00000846
0000083f
0000065d
0000054b
0000058f
0000062d
0000053c
0000060d
00000526
000004c2
00000531
00000547
000004f0
0000052c
00000492
0000048e
00000513
00000466
00000496
000003cf
000002b5
000001ec
0000017a
00000139
0000010e
000000f2
000000d9
000000c8
000000b8
000000aa
0000009f
00000096
0000008d
00000085
0000007f
00000079
00000071
0000006b
00000068
0000005d
00000059
00000055
0000004f
0000004b
00000046
00000041
00000040
0000003c
00000037
00000035
00000034
00000031
0000002e
0000002c
00000026
00000023
0000001f
0000001e
0000001d
0000001b
0000001a
00000019
00000016
00000014
00000011
0000000f
0000000f
0000000f
0000000c
0000000c
00000009
00000007
00000006
00000005
00000003
00000002
00000000
00000000
00000000
ffffffff
fffffffd
fffffffa
fffffff8
fffffff7
fffffff6
fffffff4
fffffff4
fffffff3
fffffff2
fffffff0
ffffffef
ffffffef
ffffffef
ffffffee
ffffffee
ffffffed
ffffffeb
ffffffeb
ffffffe9
ffffffea
ffffffe7
ffffffe8
ffffffe7
ffffffe7
ffffffe6
ffffffe6
ffffffe6
ffffffe5
ffffffe4
ffffffe3
ffffffe2
ffffffe2
ffffffe2
ffffffe2
ffffffe2
ffffffe0
ffffffdf
ffffffdf
ffffffde
ffffffde
ffffffde
ffffffdc
ffffffdc
ffffffdc
ffffffdc
ffffffdc
ffffffdb
ffffffdb
ffffffd9
ffffffd9
ffffffd9
ffffffd9
ffffffd9
ffffffd9
ffffffd8
ffffffd7
ffffffd6
ffffffd7
ffffffd6
ffffffd6
ffffffd3
ffffffd2
ffffffd2
ffffffd2
ffffffd2
ffffffd2
ffffffd2
ffffffd2
ffffffd1
ffffffd2
ffffffd1
ffffffd2
ffffffd1
ffffffd1
ffffffd1
ffffffd1
ffffffd1
ffffffd2
ffffffd1
ffffffd1
ffffffcf
ffffffd0
ffffffd0
ffffffd0
ffffffd0
ffffffd0
ffffffcf
ffffffcf
ffffffcf
ffffffcf
ffffffcf
ffffffcf
ffffffcf
ffffffcf
ffffffcd
ffffffcd
ffffffce
ffffffce
ffffffcd
ffffffcd
ffffffcd
ffffffcc
ffffffcd
ffffffcd
ffffffcc
ffffffcb
ffffffcc
ffffffcb
ffffffcb
ffffffcc
ffffffcb
ffffffcc
ffffffcb
ffffffcc
ffffffcb
ffffffcb
ffffffcd
ffffffcb
ffffffcc
ffffffcd
ffffffcb
ffffffcc
ffffffcd
ffffffcd
ffffffce
ffffffce
ffffffce
ffffffce
ffffffce
ffffffcf
ffffffcf
ffffffcf
ffffffcf
ffffffce
ffffffcf
ffffffcf
ffffffd0
ffffffd0
ffffffd0
ffffffd0
ffffffd0
ffffffd0
ffffffd0
ffffffd1
ffffffd1
ffffffd2
ffffffd1
ffffffd1
ffffffd2
ffffffd1
ffffffd2
ffffffd2
ffffffd2
ffffffd2
ffffffd1
ffffffd2
ffffffd2
ffffffd2
ffffffd2
ffffffd2
ffffffd2
ffffffd3
ffffffd3
ffffffd5
ffffffd6
ffffffd7
ffffffd6
ffffffd7
ffffffd8
ffffffd9
ffffffd9
ffffffd9
ffffffd9
ffffffd9
ffffffd9
ffffffdb
ffffffdb
ffffffdc
ffffffdc
ffffffdc
ffffffdc
ffffffdc
ffffffde
ffffffde
ffffffde
ffffffdf
ffffffdf
ffffffe0
ffffffe2
ffffffe2
ffffffe2
ffffffe2
ffffffe2
ffffffe2
ffffffe4
ffffffe5
ffffffe6
ffffffe6
ffffffe7
ffffffe7
ffffffe7
ffffffe7
ffffffe7
ffffffea
ffffffe9
ffffffeb
ffffffeb
ffffffec
ffffffee
ffffffee
ffffffef
ffffffee
ffffffef
fffffff0
fffffff3
fffffff4
fffffff4
fffffff4
fffffff6
fffffff7
fffffff8
fffffffa
fffffffe
ffffffff
00000000
00000000
00000000
00000002
00000003
00000005
00000006
00000007
00000009
0000000c
0000000c
0000000f
0000000e
0000000f
00000011
00000014
00000016
00000019
0000001a
0000001b
0000001d
0000001e
0000001f
00000023
00000026
0000002c
0000002e
00000031
00000034
00000035
00000037
0000003c
00000040
00000041
00000046
0000004a
0000004f
00000054
00000059
0000005c
00000067
0000006a
00000071
00000079
0000007f
00000085
0000008d
00000096
0000009f
000000aa
000000b8
000000c8
000000d8
000000f2
0000010e
00000139
0000017a
000001ec
000002b5
000003cf
00000496
00000466
00000513
0000048e
00000492
0000052c
000004f0
00000547
00000531
000004c2
00000526
0000060d
0000053c
0000062d
0000058f
0000054b
0000065c
0000083f
00000846
00000ad4
000008fd
00000985
0000096a
00000a4c
0000099a
00000b46
000009ea
000009bb
000009b7
00000aaf
00000a6a
00000b07
00000a9b
000009de
000009d9
00000a93
00000b55
00000a9c
00000afa
00000a03
00000a17
00000a45
00000bfc
00000a31
00000b05
00000a3d
00000a84
00000a14
00000c5a
00000a05
00000ad8
00000a6e
00000b0a
00000a28
00000c51
00000a45
00000a71
00000a57
00000b58
00000aa8
00000c29
00000ac8
00000a63
00000a6b
00000b53
00000b63
00000b72
00000b41
00000a50
00000a79
00000b27
00000be1
00000ad4
00000b91
00000ac5
00000b0b
00000ad6
00000c98
00000a22
00000ad7
00000947
0000081d
00000a3c
00000cb3
00000a3c
00000817
00000940
00000ad2
00000a1e
00000c92
00000acf
00000b06
00000abf
00000b8b
00000ace
00000bda
00000b21
00000a73
00000a4a
00000b3b
00000b6c
00000b5d
00000b4d
00000a66
00000a5d
00000ac2
00000c23
00000aa2
00000b52
00000a51
00000a6b
00000a3f
00000c4b
00000a22
00000b04
00000a68
00000ad2
000009ff
00000c54
00000a0e
00000a7e
00000a36
00000afe
00000a2a
00000bf5
00000a3e
00000a10
000009fc
00000af3
00000a95
00000b4e
00000a8c
000009d3
000009d8
00000a95
00000b01
00000a64
00000aaa
000009b3
000009b8
000009e9
00000b47
0000099e
00000a55
0000097a
000009a1
0000092d
00000b2b
000008ed
00000997
00000909
0000095e
0000086f
00000a30
000007d0
00000749
000005ac
000004ef
0000052d
0000051f
000004a5
000004b4
000003d0
0000033f
000002c5
000000ff
0000018b
00000062
ffffffeb
00000022
00000064
00000084
0000008c
0000008d
00000086
00000082
0000007b
00000074
0000006e
0000006a
00000064
0000005f
0000005c
00000058
00000052
0000004e
0000004c
00000043
00000040
0000003d
00000038
00000035
00000031
0000002d
0000002c
00000029
00000025
00000023
00000023
00000020
0000001e
0000001c
00000016
00000014
00000010
00000010
0000000f
0000000d
0000000d
0000000c
00000009
00000007
00000005
00000003
00000003
00000003
00000000
00000001
fffffffe
fffffffc
fffffffb
fffffffa
fffffff8
fffffff8
fffffff6
fffffff6
fffffff6
fffffff5
fffffff3
fffffff0
ffffffee
ffffffee
ffffffed
ffffffeb
ffffffeb
ffffffea
ffffffe9
ffffffe7
ffffffe6
ffffffe6
ffffffe6
ffffffe6
ffffffe6
ffffffe5
ffffffe3
ffffffe3
ffffffe1
ffffffe2
ffffffdf
ffffffe0
ffffffdf
ffffffdf
ffffffde
ffffffde
ffffffde
ffffffdd
ffffffdc
ffffffdc
ffffffdb
ffffffdb
ffffffdb
ffffffdb
ffffffdb
ffffffd9
ffffffd8
ffffffd8
ffffffd7
ffffffd7
ffffffd7
ffffffd5
ffffffd5
ffffffd5
ffffffd5
ffffffd5
ffffffd4
ffffffd4
ffffffd2
ffffffd2
ffffffd2
ffffffd2
ffffffd2
ffffffd2
ffffffd1
ffffffd0
ffffffd0
ffffffd1
ffffffd0
ffffffd0
ffffffcd
ffffffcc
ffffffcc
ffffffcc
ffffffcc
ffffffcc
ffffffcc
ffffffcc
ffffffcb
ffffffcc
ffffffcb
ffffffcc
ffffffcb
ffffffcb
ffffffcb
ffffffcb
ffffffcb
ffffffcc
ffffffcb
ffffffcb
ffffffc9
ffffffca
ffffffca
ffffffca
ffffffca
ffffffca
ffffffc9
ffffffc9
ffffffc9
ffffffc9
ffffffc9
ffffffc9
ffffffc9
ffffffc9
ffffffc7
ffffffc7
ffffffc8
ffffffc8
ffffffc7
ffffffc7
ffffffc7
ffffffc6
ffffffc7
ffffffc7
ffffffc6
ffffffc5
ffffffc6
ffffffc5
ffffffc5
ffffffc6
ffffffc5
ffffffc6
ffffffc5
ffffffc6
ffffffc5
ffffffc5
ffffffc7
ffffffc5
ffffffc6
ffffffc7
ffffffc5
ffffffc6
ffffffc7
ffffffc7
ffffffc8
ffffffc8
ffffffc8
ffffffc8
ffffffc8
ffffffc9
ffffffc9
ffffffc9
ffffffc9
ffffffc8
ffffffc9
ffffffc9
ffffffca
ffffffca
ffffffca
ffffffca
ffffffca
ffffffca
ffffffca
ffffffcb
ffffffcb
ffffffcc
ffffffcb
ffffffcb
ffffffcc
ffffffcb
ffffffcc
ffffffcc
ffffffcc
ffffffcc
ffffffcb
ffffffcc
ffffffcc
ffffffcc
ffffffcc
ffffffcc
ffffffcc
ffffffcd
ffffffcd
ffffffcf
ffffffd0
ffffffd1
ffffffd0
ffffffd1
ffffffd2
ffffffd2
ffffffd2
ffffffd2
ffffffd2
ffffffd2
ffffffd2
ffffffd4
ffffffd4
ffffffd5
ffffffd5
ffffffd5
ffffffd5
ffffffd5
ffffffd7
ffffffd7
ffffffd7
ffffffd8
ffffffd8
ffffffd9
ffffffdb
ffffffdb
ffffffdb
ffffffdb
ffffffdb
ffffffdb
ffffffdd
ffffffde
ffffffde
ffffffde
ffffffdf
ffffffdf
ffffffdf
ffffffdf
ffffffdf
ffffffe2
ffffffe1
ffffffe3
ffffffe3
ffffffe4
ffffffe6
ffffffe6
ffffffe7
ffffffe6
ffffffe6
ffffffe7
ffffffea
ffffffeb
ffffffeb
ffffffeb
ffffffed
ffffffee
ffffffef
fffffff1
fffffff4
fffffff5
fffffff6
fffffff6
fffffff6
fffffff8
fffffff9
fffffffb
fffffffb
fffffffc
fffffffe
00000001
00000001
00000004
00000002
00000003
00000005
00000008
0000000a
0000000c
0000000d
0000000e
00000010
00000010
00000011
00000015
00000017
0000001d
0000001f
00000021
00000024
00000024
00000026
0000002a
0000002e
0000002e
00000033
00000036
0000003a
0000003e
00000042
00000044
0000004e
00000050
00000056
0000005c
00000061
00000065
0000006a
00000071
00000077
0000007e
00000088
00000093
0000009c
000000ad
000000bc
000000d5
000000fa
00000139
000001a1
00000207
000001ce
000000fc
0000020c
0000012c
0000024b
000003e6
0000043b
000004e4
00000507
000004d6
00000599
0000073b
000007c4
00000a27
00000867
00000958
00000903
00000992
000008e9
00000b27
0000092a
0000099e
00000978
00000a53
0000099c
00000b45
000009e7
000009b7
000009b2
00000aa9
00000a63
00000b00
00000a94
000009d7
000009d2
00000a8b
00000b4d
00000a94
00000af2
000009fc
00000a10
00000a3e
00000bf5
00000a2a
00000afe
00000a36
00000a7d
00000a0d
00000c53
000009fe
00000ad1
00000a67
00000b04
00000a22
00000c4b
00000a3f
00000a6b
00000a51
00000b52
00000aa2
00000c23
00000ac2
00000a5d
00000a65
00000b4d
00000b5d
00000b6c
00000b3b
00000a4a
00000a73
00000b21
00000bdb
00000ace
00000b8b
00000abf
00000b05
00000ad0
00000c92
00000a1c
00000ad1
00000941
00000817
00000a36
00000caf
00000a3a
00000815
0000093e
00000ad0
00000a1c
00000c90
00000acd
00000b04
00000abd
00000b89
00000acc
00000bd8
00000b1e
00000a70
00000a47
00000b38
00000b69
00000b5a
00000b4a
00000a63
00000a5a
00000abe
00000c1f
00000a9e
00000b4e
00000a4d
00000a67
00000a3a
00000c46
00000a1d
00000aff
00000a63
00000acd
000009f9
00000c4e
00000a08
00000a77
00000a2f
00000af7
00000a23
00000bed
00000a36
00000a08
000009f3
00000aea
00000a8c
00000b44
00000a82
000009c9
000009cd
00000a8a
00000af5
00000a58
00000a9d
000009a5
000009aa
000009da
00000b37
