#-----------------------------------------------------------
# Vivado v2024.1 (64-bit)
# SW Build 5076996 on Wed May 22 18:37:14 MDT 2024
# IP Build 5075265 on Wed May 22 21:45:21 MDT 2024
# SharedData Build 5076995 on Wed May 22 18:29:18 MDT 2024
# Start of session at: Mon Dec  1 14:09:55 2025
# Process ID: 29100
# Current directory: C:/Users/caleb/Documents/GitHub/SES-598-Fall-2025/DISTEL_HW12_11172025/hdl_prj_v2/vivado_prj
# Command line: vivado.exe -mode batch -notrace -source Digital_Spectrometer_from_Chirp_DDC_Xilinx_Vivado_run.tcl
# Log file: C:/Users/caleb/Documents/GitHub/SES-598-Fall-2025/DISTEL_HW12_11172025/hdl_prj_v2/vivado_prj/vivado.log
# Journal file: C:/Users/caleb/Documents/GitHub/SES-598-Fall-2025/DISTEL_HW12_11172025/hdl_prj_v2/vivado_prj\vivado.jou
# Running On        :LAPTOP-CEB4FDNH
# Platform          :Windows Server 2016 or Windows 10
# Operating System  :26100
# Processor Detail  :Intel(R) Xeon(R) W-10855M CPU @ 2.80GHz
# CPU Frequency     :2808 MHz
# CPU Physical cores:6
# CPU Logical cores :12
# Host memory       :34065 MB
# Swap memory       :14507 MB
# Total Virtual     :48573 MB
# Available Virtual :2525 MB
#-----------------------------------------------------------
source Digital_Spectrometer_from_Chirp_DDC_Xilinx_Vivado_run.tcl -notrace
### Open existing Xilinx Vivado 2024.1 project hdl_prj_v2\vivado_prj\Digital_Spectrometer_from_Chirp_DDC_vivado.xpr
INFO: [ProjectBase 1-489] The host OS only allows 260 characters in a normal path. The project is stored in a path with more than 80 characters. If you experience issues with IP, Block Designs, or files not being found, please consider moving the project to a location with a shorter path. Alternately consider using the OS subst command to map part of the path to a drive letter.
Current project path is 'C:/Users/caleb/Documents/GitHub/SES-598-Fall-2025/DISTEL_HW12_11172025/hdl_prj_v2/vivado_prj'
INFO: [filemgmt 56-3] Default IP Output Path : Could not find the directory 'C:/Users/caleb/Documents/GitHub/SES-598-Fall-2025/DISTEL_HW12_11172025/hdl_prj_v2/vivado_prj/Digital_Spectrometer_from_Chirp_DDC_vivado.gen/sources_1'.
Scanning sources...
Finished scanning sources
open_project: Time (s): cpu = 00:00:09 ; elapsed = 00:00:10 . Memory (MB): peak = 496.867 ; gain = 197.512
### Running Synthesis in Xilinx Vivado 2024.1 ...
WARNING: [Vivado 12-7122] Auto Incremental Compile:: No reference checkpoint was found in run synth_1. Auto-incremental flow will not be run, the standard flow will be run instead.
[Mon Dec  1 14:10:11 2025] Launched synth_1...
Run output will be captured here: C:/Users/caleb/Documents/GitHub/SES-598-Fall-2025/DISTEL_HW12_11172025/hdl_prj_v2/vivado_prj/Digital_Spectrometer_from_Chirp_DDC_vivado.runs/synth_1/runme.log
[Mon Dec  1 14:10:11 2025] Waiting for synth_1 to finish...

*** Running vivado
    with args -log Digital_Spectrometer_from_Chirp_DDC.vds -m64 -product Vivado -mode batch -messageDb vivado.pb -notrace -source Digital_Spectrometer_from_Chirp_DDC.tcl



****** Vivado v2024.1 (64-bit)
  **** SW Build 5076996 on Wed May 22 18:37:14 MDT 2024
  **** IP Build 5075265 on Wed May 22 21:45:21 MDT 2024
  **** SharedData Build 5076995 on Wed May 22 18:29:18 MDT 2024
  **** Start of session at: Mon Dec  1 14:10:16 2025
    ** Copyright 1986-2022 Xilinx, Inc. All Rights Reserved.
    ** Copyright 2022-2024 Advanced Micro Devices, Inc. All Rights Reserved.

source Digital_Spectrometer_from_Chirp_DDC.tcl -notrace
create_project: Time (s): cpu = 00:00:08 ; elapsed = 00:00:09 . Memory (MB): peak = 498.180 ; gain = 201.992
Command: synth_design -top Digital_Spectrometer_from_Chirp_DDC -part xc7z020clg484-1 -directive AreaOptimized_high -control_set_opt_threshold 1 -mode out_of_context
Starting synth_design
Attempting to get a license for feature 'Synthesis' and/or device 'xc7z020'
INFO: [Common 17-349] Got license for feature 'Synthesis' and/or device 'xc7z020'
INFO: [Device 21-403] Loading part xc7z020clg484-1
INFO: [Device 21-9227] Part: xc7z020clg484-1 does not have CEAM library.
INFO: [Synth 8-7079] Multithreading enabled for synth_design using a maximum of 2 processes.
INFO: [Synth 8-7078] Launching helper process for spawning children vivado processes
INFO: [Synth 8-7075] Helper process launched with PID 15132
---------------------------------------------------------------------------------
Starting RTL Elaboration : Time (s): cpu = 00:00:07 ; elapsed = 00:00:07 . Memory (MB): peak = 1378.184 ; gain = 447.723
---------------------------------------------------------------------------------
INFO: [Synth 8-638] synthesizing module 'Digital_Spectrometer_from_Chirp_DDC' [C:/Users/caleb/Documents/GitHub/SES-598-Fall-2025/DISTEL_HW12_11172025/hdl_prj_v2/hdlsrc/spec_avg_CRD/Digital_Spectrometer_from_Chirp_DDC.vhd:59]
INFO: [Synth 8-3491] module 'Digital_Spectrometer_from_Chirp_DDC_tc' declared at 'C:/Users/caleb/Documents/GitHub/SES-598-Fall-2025/DISTEL_HW12_11172025/hdl_prj_v2/hdlsrc/spec_avg_CRD/Digital_Spectrometer_from_Chirp_DDC_tc.vhd:28' bound to instance 'u_Digital_Spectrometer_from_Chirp_DDC_tc' of component 'Digital_Spectrometer_from_Chirp_DDC_tc' [C:/Users/caleb/Documents/GitHub/SES-598-Fall-2025/DISTEL_HW12_11172025/hdl_prj_v2/hdlsrc/spec_avg_CRD/Digital_Spectrometer_from_Chirp_DDC.vhd:118]
INFO: [Synth 8-638] synthesizing module 'Digital_Spectrometer_from_Chirp_DDC_tc' [C:/Users/caleb/Documents/GitHub/SES-598-Fall-2025/DISTEL_HW12_11172025/hdl_prj_v2/hdlsrc/spec_avg_CRD/Digital_Spectrometer_from_Chirp_DDC_tc.vhd:39]
INFO: [Synth 8-256] done synthesizing module 'Digital_Spectrometer_from_Chirp_DDC_tc' (0#1) [C:/Users/caleb/Documents/GitHub/SES-598-Fall-2025/DISTEL_HW12_11172025/hdl_prj_v2/hdlsrc/spec_avg_CRD/Digital_Spectrometer_from_Chirp_DDC_tc.vhd:39]
INFO: [Synth 8-3491] module 'DDC' declared at 'C:/Users/caleb/Documents/GitHub/SES-598-Fall-2025/DISTEL_HW12_11172025/hdl_prj_v2/hdlsrc/spec_avg_CRD/DDC.vhd:23' bound to instance 'u_DDC' of component 'DDC' [C:/Users/caleb/Documents/GitHub/SES-598-Fall-2025/DISTEL_HW12_11172025/hdl_prj_v2/hdlsrc/spec_avg_CRD/Digital_Spectrometer_from_Chirp_DDC.vhd:127]
INFO: [Synth 8-638] synthesizing module 'DDC' [C:/Users/caleb/Documents/GitHub/SES-598-Fall-2025/DISTEL_HW12_11172025/hdl_prj_v2/hdlsrc/spec_avg_CRD/DDC.vhd:35]
INFO: [Synth 8-3491] module 'Chirp' declared at 'C:/Users/caleb/Documents/GitHub/SES-598-Fall-2025/DISTEL_HW12_11172025/hdl_prj_v2/hdlsrc/spec_avg_CRD/Chirp.vhd:24' bound to instance 'u_Chirp' of component 'Chirp' [C:/Users/caleb/Documents/GitHub/SES-598-Fall-2025/DISTEL_HW12_11172025/hdl_prj_v2/hdlsrc/spec_avg_CRD/DDC.vhd:102]
INFO: [Synth 8-638] synthesizing module 'Chirp' [C:/Users/caleb/Documents/GitHub/SES-598-Fall-2025/DISTEL_HW12_11172025/hdl_prj_v2/hdlsrc/spec_avg_CRD/Chirp.vhd:35]
INFO: [Synth 8-3491] module 'Counter_Limited' declared at 'C:/Users/caleb/Documents/GitHub/SES-598-Fall-2025/DISTEL_HW12_11172025/hdl_prj_v2/hdlsrc/spec_avg_CRD/Counter_Limited.vhd:23' bound to instance 'u_Counter_Limited' of component 'Counter_Limited' [C:/Users/caleb/Documents/GitHub/SES-598-Fall-2025/DISTEL_HW12_11172025/hdl_prj_v2/hdlsrc/spec_avg_CRD/Chirp.vhd:7586]
INFO: [Synth 8-638] synthesizing module 'Counter_Limited' [C:/Users/caleb/Documents/GitHub/SES-598-Fall-2025/DISTEL_HW12_11172025/hdl_prj_v2/hdlsrc/spec_avg_CRD/Counter_Limited.vhd:32]
INFO: [Synth 8-3491] module 'Increment_Real_World' declared at 'C:/Users/caleb/Documents/GitHub/SES-598-Fall-2025/DISTEL_HW12_11172025/hdl_prj_v2/hdlsrc/spec_avg_CRD/Increment_Real_World.vhd:23' bound to instance 'u_Increment_Real_World' of component 'Increment_Real_World' [C:/Users/caleb/Documents/GitHub/SES-598-Fall-2025/DISTEL_HW12_11172025/hdl_prj_v2/hdlsrc/spec_avg_CRD/Counter_Limited.vhd:61]
INFO: [Synth 8-638] synthesizing module 'Increment_Real_World' [C:/Users/caleb/Documents/GitHub/SES-598-Fall-2025/DISTEL_HW12_11172025/hdl_prj_v2/hdlsrc/spec_avg_CRD/Increment_Real_World.vhd:30]
INFO: [Synth 8-256] done synthesizing module 'Increment_Real_World' (0#1) [C:/Users/caleb/Documents/GitHub/SES-598-Fall-2025/DISTEL_HW12_11172025/hdl_prj_v2/hdlsrc/spec_avg_CRD/Increment_Real_World.vhd:30]
INFO: [Synth 8-3491] module 'Wrap_To_Zero' declared at 'C:/Users/caleb/Documents/GitHub/SES-598-Fall-2025/DISTEL_HW12_11172025/hdl_prj_v2/hdlsrc/spec_avg_CRD/Wrap_To_Zero.vhd:23' bound to instance 'u_Wrap_To_Zero' of component 'Wrap_To_Zero' [C:/Users/caleb/Documents/GitHub/SES-598-Fall-2025/DISTEL_HW12_11172025/hdl_prj_v2/hdlsrc/spec_avg_CRD/Counter_Limited.vhd:66]
INFO: [Synth 8-638] synthesizing module 'Wrap_To_Zero' [C:/Users/caleb/Documents/GitHub/SES-598-Fall-2025/DISTEL_HW12_11172025/hdl_prj_v2/hdlsrc/spec_avg_CRD/Wrap_To_Zero.vhd:30]
INFO: [Synth 8-256] done synthesizing module 'Wrap_To_Zero' (0#1) [C:/Users/caleb/Documents/GitHub/SES-598-Fall-2025/DISTEL_HW12_11172025/hdl_prj_v2/hdlsrc/spec_avg_CRD/Wrap_To_Zero.vhd:30]
INFO: [Synth 8-256] done synthesizing module 'Counter_Limited' (0#1) [C:/Users/caleb/Documents/GitHub/SES-598-Fall-2025/DISTEL_HW12_11172025/hdl_prj_v2/hdlsrc/spec_avg_CRD/Counter_Limited.vhd:32]
INFO: [Synth 8-3491] module 'NCO1' declared at 'C:/Users/caleb/Documents/GitHub/SES-598-Fall-2025/DISTEL_HW12_11172025/hdl_prj_v2/hdlsrc/spec_avg_CRD/NCO1.vhd:25' bound to instance 'u_NCO1' of component 'NCO1' [C:/Users/caleb/Documents/GitHub/SES-598-Fall-2025/DISTEL_HW12_11172025/hdl_prj_v2/hdlsrc/spec_avg_CRD/Chirp.vhd:7593]
INFO: [Synth 8-638] synthesizing module 'NCO1' [C:/Users/caleb/Documents/GitHub/SES-598-Fall-2025/DISTEL_HW12_11172025/hdl_prj_v2/hdlsrc/spec_avg_CRD/NCO1.vhd:37]
INFO: [Synth 8-3491] module 'DitherGen' declared at 'C:/Users/caleb/Documents/GitHub/SES-598-Fall-2025/DISTEL_HW12_11172025/hdl_prj_v2/hdlsrc/spec_avg_CRD/DitherGen.vhd:25' bound to instance 'u_dither_inst' of component 'DitherGen' [C:/Users/caleb/Documents/GitHub/SES-598-Fall-2025/DISTEL_HW12_11172025/hdl_prj_v2/hdlsrc/spec_avg_CRD/NCO1.vhd:90]
INFO: [Synth 8-638] synthesizing module 'DitherGen' [C:/Users/caleb/Documents/GitHub/SES-598-Fall-2025/DISTEL_HW12_11172025/hdl_prj_v2/hdlsrc/spec_avg_CRD/DitherGen.vhd:35]
INFO: [Synth 8-256] done synthesizing module 'DitherGen' (0#1) [C:/Users/caleb/Documents/GitHub/SES-598-Fall-2025/DISTEL_HW12_11172025/hdl_prj_v2/hdlsrc/spec_avg_CRD/DitherGen.vhd:35]
INFO: [Synth 8-3491] module 'WaveformGen' declared at 'C:/Users/caleb/Documents/GitHub/SES-598-Fall-2025/DISTEL_HW12_11172025/hdl_prj_v2/hdlsrc/spec_avg_CRD/WaveformGen.vhd:25' bound to instance 'u_Wave_inst' of component 'WaveformGen' [C:/Users/caleb/Documents/GitHub/SES-598-Fall-2025/DISTEL_HW12_11172025/hdl_prj_v2/hdlsrc/spec_avg_CRD/NCO1.vhd:98]
INFO: [Synth 8-638] synthesizing module 'WaveformGen' [C:/Users/caleb/Documents/GitHub/SES-598-Fall-2025/DISTEL_HW12_11172025/hdl_prj_v2/hdlsrc/spec_avg_CRD/WaveformGen.vhd:35]
INFO: [Synth 8-3491] module 'LookUpTableGen' declared at 'C:/Users/caleb/Documents/GitHub/SES-598-Fall-2025/DISTEL_HW12_11172025/hdl_prj_v2/hdlsrc/spec_avg_CRD/LookUpTableGen.vhd:26' bound to instance 'u_CosineWave_inst' of component 'LookUpTableGen' [C:/Users/caleb/Documents/GitHub/SES-598-Fall-2025/DISTEL_HW12_11172025/hdl_prj_v2/hdlsrc/spec_avg_CRD/WaveformGen.vhd:81]
INFO: [Synth 8-638] synthesizing module 'LookUpTableGen' [C:/Users/caleb/Documents/GitHub/SES-598-Fall-2025/DISTEL_HW12_11172025/hdl_prj_v2/hdlsrc/spec_avg_CRD/LookUpTableGen.vhd:36]
INFO: [Synth 8-256] done synthesizing module 'LookUpTableGen' (0#1) [C:/Users/caleb/Documents/GitHub/SES-598-Fall-2025/DISTEL_HW12_11172025/hdl_prj_v2/hdlsrc/spec_avg_CRD/LookUpTableGen.vhd:36]
INFO: [Synth 8-256] done synthesizing module 'WaveformGen' (0#1) [C:/Users/caleb/Documents/GitHub/SES-598-Fall-2025/DISTEL_HW12_11172025/hdl_prj_v2/hdlsrc/spec_avg_CRD/WaveformGen.vhd:35]
INFO: [Synth 8-256] done synthesizing module 'NCO1' (0#1) [C:/Users/caleb/Documents/GitHub/SES-598-Fall-2025/DISTEL_HW12_11172025/hdl_prj_v2/hdlsrc/spec_avg_CRD/NCO1.vhd:37]
INFO: [Synth 8-256] done synthesizing module 'Chirp' (0#1) [C:/Users/caleb/Documents/GitHub/SES-598-Fall-2025/DISTEL_HW12_11172025/hdl_prj_v2/hdlsrc/spec_avg_CRD/Chirp.vhd:35]
INFO: [Synth 8-3491] module 'LO' declared at 'C:/Users/caleb/Documents/GitHub/SES-598-Fall-2025/DISTEL_HW12_11172025/hdl_prj_v2/hdlsrc/spec_avg_CRD/LO.vhd:25' bound to instance 'u_LO' of component 'LO' [C:/Users/caleb/Documents/GitHub/SES-598-Fall-2025/DISTEL_HW12_11172025/hdl_prj_v2/hdlsrc/spec_avg_CRD/DDC.vhd:111]
INFO: [Synth 8-638] synthesizing module 'LO' [C:/Users/caleb/Documents/GitHub/SES-598-Fall-2025/DISTEL_HW12_11172025/hdl_prj_v2/hdlsrc/spec_avg_CRD/LO.vhd:36]
INFO: [Synth 8-3491] module 'DitherGen_block' declared at 'C:/Users/caleb/Documents/GitHub/SES-598-Fall-2025/DISTEL_HW12_11172025/hdl_prj_v2/hdlsrc/spec_avg_CRD/DitherGen_block.vhd:25' bound to instance 'u_dither_inst' of component 'DitherGen_block' [C:/Users/caleb/Documents/GitHub/SES-598-Fall-2025/DISTEL_HW12_11172025/hdl_prj_v2/hdlsrc/spec_avg_CRD/LO.vhd:88]
INFO: [Synth 8-638] synthesizing module 'DitherGen_block' [C:/Users/caleb/Documents/GitHub/SES-598-Fall-2025/DISTEL_HW12_11172025/hdl_prj_v2/hdlsrc/spec_avg_CRD/DitherGen_block.vhd:35]
INFO: [Synth 8-256] done synthesizing module 'DitherGen_block' (0#1) [C:/Users/caleb/Documents/GitHub/SES-598-Fall-2025/DISTEL_HW12_11172025/hdl_prj_v2/hdlsrc/spec_avg_CRD/DitherGen_block.vhd:35]
INFO: [Synth 8-3491] module 'WaveformGen_block' declared at 'C:/Users/caleb/Documents/GitHub/SES-598-Fall-2025/DISTEL_HW12_11172025/hdl_prj_v2/hdlsrc/spec_avg_CRD/WaveformGen_block.vhd:25' bound to instance 'u_Wave_inst' of component 'WaveformGen_block' [C:/Users/caleb/Documents/GitHub/SES-598-Fall-2025/DISTEL_HW12_11172025/hdl_prj_v2/hdlsrc/spec_avg_CRD/LO.vhd:96]
INFO: [Synth 8-638] synthesizing module 'WaveformGen_block' [C:/Users/caleb/Documents/GitHub/SES-598-Fall-2025/DISTEL_HW12_11172025/hdl_prj_v2/hdlsrc/spec_avg_CRD/WaveformGen_block.vhd:35]
INFO: [Synth 8-3491] module 'LookUpTableGen_block' declared at 'C:/Users/caleb/Documents/GitHub/SES-598-Fall-2025/DISTEL_HW12_11172025/hdl_prj_v2/hdlsrc/spec_avg_CRD/LookUpTableGen_block.vhd:26' bound to instance 'u_CosineWave_inst' of component 'LookUpTableGen_block' [C:/Users/caleb/Documents/GitHub/SES-598-Fall-2025/DISTEL_HW12_11172025/hdl_prj_v2/hdlsrc/spec_avg_CRD/WaveformGen_block.vhd:81]
INFO: [Synth 8-638] synthesizing module 'LookUpTableGen_block' [C:/Users/caleb/Documents/GitHub/SES-598-Fall-2025/DISTEL_HW12_11172025/hdl_prj_v2/hdlsrc/spec_avg_CRD/LookUpTableGen_block.vhd:36]
INFO: [Synth 8-256] done synthesizing module 'LookUpTableGen_block' (0#1) [C:/Users/caleb/Documents/GitHub/SES-598-Fall-2025/DISTEL_HW12_11172025/hdl_prj_v2/hdlsrc/spec_avg_CRD/LookUpTableGen_block.vhd:36]
INFO: [Synth 8-256] done synthesizing module 'WaveformGen_block' (0#1) [C:/Users/caleb/Documents/GitHub/SES-598-Fall-2025/DISTEL_HW12_11172025/hdl_prj_v2/hdlsrc/spec_avg_CRD/WaveformGen_block.vhd:35]
INFO: [Synth 8-256] done synthesizing module 'LO' (0#1) [C:/Users/caleb/Documents/GitHub/SES-598-Fall-2025/DISTEL_HW12_11172025/hdl_prj_v2/hdlsrc/spec_avg_CRD/LO.vhd:36]
INFO: [Synth 8-3491] module 'LPF' declared at 'C:/Users/caleb/Documents/GitHub/SES-598-Fall-2025/DISTEL_HW12_11172025/hdl_prj_v2/hdlsrc/spec_avg_CRD/LPF.vhd:23' bound to instance 'u_LPF' of component 'LPF' [C:/Users/caleb/Documents/GitHub/SES-598-Fall-2025/DISTEL_HW12_11172025/hdl_prj_v2/hdlsrc/spec_avg_CRD/DDC.vhd:120]
INFO: [Synth 8-638] synthesizing module 'LPF' [C:/Users/caleb/Documents/GitHub/SES-598-Fall-2025/DISTEL_HW12_11172025/hdl_prj_v2/hdlsrc/spec_avg_CRD/LPF.vhd:35]
INFO: [Synth 8-256] done synthesizing module 'LPF' (0#1) [C:/Users/caleb/Documents/GitHub/SES-598-Fall-2025/DISTEL_HW12_11172025/hdl_prj_v2/hdlsrc/spec_avg_CRD/LPF.vhd:35]
INFO: [Synth 8-256] done synthesizing module 'DDC' (0#1) [C:/Users/caleb/Documents/GitHub/SES-598-Fall-2025/DISTEL_HW12_11172025/hdl_prj_v2/hdlsrc/spec_avg_CRD/DDC.vhd:35]
INFO: [Synth 8-3491] module 'Digital_Spectrometer' declared at 'C:/Users/caleb/Documents/GitHub/SES-598-Fall-2025/DISTEL_HW12_11172025/hdl_prj_v2/hdlsrc/spec_avg_CRD/Digital_Spectrometer.vhd:23' bound to instance 'u_Digital_Spectrometer' of component 'Digital_Spectrometer' [C:/Users/caleb/Documents/GitHub/SES-598-Fall-2025/DISTEL_HW12_11172025/hdl_prj_v2/hdlsrc/spec_avg_CRD/Digital_Spectrometer_from_Chirp_DDC.vhd:137]
INFO: [Synth 8-638] synthesizing module 'Digital_Spectrometer' [C:/Users/caleb/Documents/GitHub/SES-598-Fall-2025/DISTEL_HW12_11172025/hdl_prj_v2/hdlsrc/spec_avg_CRD/Digital_Spectrometer.vhd:37]
INFO: [Synth 8-3491] module 'alpha512_pt_FFT' declared at 'C:/Users/caleb/Documents/GitHub/SES-598-Fall-2025/DISTEL_HW12_11172025/hdl_prj_v2/hdlsrc/spec_avg_CRD/alpha512_pt_FFT.vhd:26' bound to instance 'u_512_pt_FFT' of component 'alpha512_pt_FFT' [C:/Users/caleb/Documents/GitHub/SES-598-Fall-2025/DISTEL_HW12_11172025/hdl_prj_v2/hdlsrc/spec_avg_CRD/Digital_Spectrometer.vhd:563]
INFO: [Synth 8-638] synthesizing module 'alpha512_pt_FFT' [C:/Users/caleb/Documents/GitHub/SES-598-Fall-2025/DISTEL_HW12_11172025/hdl_prj_v2/hdlsrc/spec_avg_CRD/alpha512_pt_FFT.vhd:39]
INFO: [Synth 8-3491] module 'RADIX22FFT_CTRL1_1' declared at 'C:/Users/caleb/Documents/GitHub/SES-598-Fall-2025/DISTEL_HW12_11172025/hdl_prj_v2/hdlsrc/spec_avg_CRD/RADIX22FFT_CTRL1_1.vhd:23' bound to instance 'u_CTRL1_1_1' of component 'RADIX22FFT_CTRL1_1' [C:/Users/caleb/Documents/GitHub/SES-598-Fall-2025/DISTEL_HW12_11172025/hdl_prj_v2/hdlsrc/spec_avg_CRD/alpha512_pt_FFT.vhd:565]
INFO: [Synth 8-638] synthesizing module 'RADIX22FFT_CTRL1_1' [C:/Users/caleb/Documents/GitHub/SES-598-Fall-2025/DISTEL_HW12_11172025/hdl_prj_v2/hdlsrc/spec_avg_CRD/RADIX22FFT_CTRL1_1.vhd:36]
INFO: [Synth 8-226] default block is never used [C:/Users/caleb/Documents/GitHub/SES-598-Fall-2025/DISTEL_HW12_11172025/hdl_prj_v2/hdlsrc/spec_avg_CRD/RADIX22FFT_CTRL1_1.vhd:91]
INFO: [Synth 8-256] done synthesizing module 'RADIX22FFT_CTRL1_1' (0#1) [C:/Users/caleb/Documents/GitHub/SES-598-Fall-2025/DISTEL_HW12_11172025/hdl_prj_v2/hdlsrc/spec_avg_CRD/RADIX22FFT_CTRL1_1.vhd:36]
INFO: [Synth 8-3491] module 'RADIX22FFT_SDF1_1' declared at 'C:/Users/caleb/Documents/GitHub/SES-598-Fall-2025/DISTEL_HW12_11172025/hdl_prj_v2/hdlsrc/spec_avg_CRD/RADIX22FFT_SDF1_1.vhd:24' bound to instance 'u_SDF1_1_1' of component 'RADIX22FFT_SDF1_1' [C:/Users/caleb/Documents/GitHub/SES-598-Fall-2025/DISTEL_HW12_11172025/hdl_prj_v2/hdlsrc/spec_avg_CRD/alpha512_pt_FFT.vhd:576]
INFO: [Synth 8-638] synthesizing module 'RADIX22FFT_SDF1_1' [C:/Users/caleb/Documents/GitHub/SES-598-Fall-2025/DISTEL_HW12_11172025/hdl_prj_v2/hdlsrc/spec_avg_CRD/RADIX22FFT_SDF1_1.vhd:42]
	Parameter AddrWidth bound to: 8 - type: integer 
	Parameter DataWidth bound to: 17 - type: integer 
INFO: [Synth 8-3491] module 'SimpleDualPortRAM_generic' declared at 'C:/Users/caleb/Documents/GitHub/SES-598-Fall-2025/DISTEL_HW12_11172025/hdl_prj_v2/hdlsrc/spec_avg_CRD/SimpleDualPortRAM_generic.vhd:23' bound to instance 'u_dataMEM_re_0_1_generic' of component 'SimpleDualPortRAM_generic' [C:/Users/caleb/Documents/GitHub/SES-598-Fall-2025/DISTEL_HW12_11172025/hdl_prj_v2/hdlsrc/spec_avg_CRD/RADIX22FFT_SDF1_1.vhd:146]
INFO: [Synth 8-638] synthesizing module 'SimpleDualPortRAM_generic' [C:/Users/caleb/Documents/GitHub/SES-598-Fall-2025/DISTEL_HW12_11172025/hdl_prj_v2/hdlsrc/spec_avg_CRD/SimpleDualPortRAM_generic.vhd:38]
	Parameter AddrWidth bound to: 8 - type: integer 
	Parameter DataWidth bound to: 17 - type: integer 
INFO: [Synth 8-256] done synthesizing module 'SimpleDualPortRAM_generic' (0#1) [C:/Users/caleb/Documents/GitHub/SES-598-Fall-2025/DISTEL_HW12_11172025/hdl_prj_v2/hdlsrc/spec_avg_CRD/SimpleDualPortRAM_generic.vhd:38]
INFO: [Synth 8-3491] module 'SDFCommutator1' declared at 'C:/Users/caleb/Documents/GitHub/SES-598-Fall-2025/DISTEL_HW12_11172025/hdl_prj_v2/hdlsrc/spec_avg_CRD/SDFCommutator1.vhd:23' bound to instance 'u_SDFCOMMUTATOR_1' of component 'SDFCommutator1' [C:/Users/caleb/Documents/GitHub/SES-598-Fall-2025/DISTEL_HW12_11172025/hdl_prj_v2/hdlsrc/spec_avg_CRD/RADIX22FFT_SDF1_1.vhd:159]
INFO: [Synth 8-638] synthesizing module 'SDFCommutator1' [C:/Users/caleb/Documents/GitHub/SES-598-Fall-2025/DISTEL_HW12_11172025/hdl_prj_v2/hdlsrc/spec_avg_CRD/SDFCommutator1.vhd:49]
	Parameter AddrWidth bound to: 3 - type: integer 
	Parameter DataWidth bound to: 17 - type: integer 
INFO: [Synth 8-3491] module 'SimpleDualPortRAM_generic' declared at 'C:/Users/caleb/Documents/GitHub/SES-598-Fall-2025/DISTEL_HW12_11172025/hdl_prj_v2/hdlsrc/spec_avg_CRD/SimpleDualPortRAM_generic.vhd:23' bound to instance 'u_dataXMEM_re_0_1' of component 'SimpleDualPortRAM_generic' [C:/Users/caleb/Documents/GitHub/SES-598-Fall-2025/DISTEL_HW12_11172025/hdl_prj_v2/hdlsrc/spec_avg_CRD/SDFCommutator1.vhd:143]
INFO: [Synth 8-638] synthesizing module 'SimpleDualPortRAM_generic__parameterized1' [C:/Users/caleb/Documents/GitHub/SES-598-Fall-2025/DISTEL_HW12_11172025/hdl_prj_v2/hdlsrc/spec_avg_CRD/SimpleDualPortRAM_generic.vhd:38]
	Parameter AddrWidth bound to: 3 - type: integer 
	Parameter DataWidth bound to: 17 - type: integer 
INFO: [Synth 8-256] done synthesizing module 'SimpleDualPortRAM_generic__parameterized1' (0#1) [C:/Users/caleb/Documents/GitHub/SES-598-Fall-2025/DISTEL_HW12_11172025/hdl_prj_v2/hdlsrc/spec_avg_CRD/SimpleDualPortRAM_generic.vhd:38]
	Parameter AddrWidth bound to: 3 - type: integer 
	Parameter DataWidth bound to: 17 - type: integer 
INFO: [Synth 8-3491] module 'SimpleDualPortRAM_generic' declared at 'C:/Users/caleb/Documents/GitHub/SES-598-Fall-2025/DISTEL_HW12_11172025/hdl_prj_v2/hdlsrc/spec_avg_CRD/SimpleDualPortRAM_generic.vhd:23' bound to instance 'u_dataXMEM_im_0_1' of component 'SimpleDualPortRAM_generic' [C:/Users/caleb/Documents/GitHub/SES-598-Fall-2025/DISTEL_HW12_11172025/hdl_prj_v2/hdlsrc/spec_avg_CRD/SDFCommutator1.vhd:156]
INFO: [Synth 8-256] done synthesizing module 'SDFCommutator1' (0#1) [C:/Users/caleb/Documents/GitHub/SES-598-Fall-2025/DISTEL_HW12_11172025/hdl_prj_v2/hdlsrc/spec_avg_CRD/SDFCommutator1.vhd:49]
INFO: [Synth 8-256] done synthesizing module 'RADIX22FFT_SDF1_1' (0#1) [C:/Users/caleb/Documents/GitHub/SES-598-Fall-2025/DISTEL_HW12_11172025/hdl_prj_v2/hdlsrc/spec_avg_CRD/RADIX22FFT_SDF1_1.vhd:42]
INFO: [Synth 8-3491] module 'RADIX22FFT_CTRL1_2' declared at 'C:/Users/caleb/Documents/GitHub/SES-598-Fall-2025/DISTEL_HW12_11172025/hdl_prj_v2/hdlsrc/spec_avg_CRD/RADIX22FFT_CTRL1_2.vhd:23' bound to instance 'u_CTRL2_2_1' of component 'RADIX22FFT_CTRL1_2' [C:/Users/caleb/Documents/GitHub/SES-598-Fall-2025/DISTEL_HW12_11172025/hdl_prj_v2/hdlsrc/spec_avg_CRD/alpha512_pt_FFT.vhd:592]
INFO: [Synth 8-638] synthesizing module 'RADIX22FFT_CTRL1_2' [C:/Users/caleb/Documents/GitHub/SES-598-Fall-2025/DISTEL_HW12_11172025/hdl_prj_v2/hdlsrc/spec_avg_CRD/RADIX22FFT_CTRL1_2.vhd:37]
INFO: [Synth 8-226] default block is never used [C:/Users/caleb/Documents/GitHub/SES-598-Fall-2025/DISTEL_HW12_11172025/hdl_prj_v2/hdlsrc/spec_avg_CRD/RADIX22FFT_CTRL1_2.vhd:91]
INFO: [Synth 8-256] done synthesizing module 'RADIX22FFT_CTRL1_2' (0#1) [C:/Users/caleb/Documents/GitHub/SES-598-Fall-2025/DISTEL_HW12_11172025/hdl_prj_v2/hdlsrc/spec_avg_CRD/RADIX22FFT_CTRL1_2.vhd:37]
INFO: [Synth 8-3491] module 'RADIX22FFT_SDF2_2' declared at 'C:/Users/caleb/Documents/GitHub/SES-598-Fall-2025/DISTEL_HW12_11172025/hdl_prj_v2/hdlsrc/spec_avg_CRD/RADIX22FFT_SDF2_2.vhd:24' bound to instance 'u_SDF2_2_1' of component 'RADIX22FFT_SDF2_2' [C:/Users/caleb/Documents/GitHub/SES-598-Fall-2025/DISTEL_HW12_11172025/hdl_prj_v2/hdlsrc/spec_avg_CRD/alpha512_pt_FFT.vhd:604]
INFO: [Synth 8-638] synthesizing module 'RADIX22FFT_SDF2_2' [C:/Users/caleb/Documents/GitHub/SES-598-Fall-2025/DISTEL_HW12_11172025/hdl_prj_v2/hdlsrc/spec_avg_CRD/RADIX22FFT_SDF2_2.vhd:43]
	Parameter AddrWidth bound to: 7 - type: integer 
	Parameter DataWidth bound to: 18 - type: integer 
INFO: [Synth 8-3491] module 'SimpleDualPortRAM_generic' declared at 'C:/Users/caleb/Documents/GitHub/SES-598-Fall-2025/DISTEL_HW12_11172025/hdl_prj_v2/hdlsrc/spec_avg_CRD/SimpleDualPortRAM_generic.vhd:23' bound to instance 'u_dataMEM_im_0_2' of component 'SimpleDualPortRAM_generic' [C:/Users/caleb/Documents/GitHub/SES-598-Fall-2025/DISTEL_HW12_11172025/hdl_prj_v2/hdlsrc/spec_avg_CRD/RADIX22FFT_SDF2_2.vhd:164]
INFO: [Synth 8-638] synthesizing module 'SimpleDualPortRAM_generic__parameterized3' [C:/Users/caleb/Documents/GitHub/SES-598-Fall-2025/DISTEL_HW12_11172025/hdl_prj_v2/hdlsrc/spec_avg_CRD/SimpleDualPortRAM_generic.vhd:38]
	Parameter AddrWidth bound to: 7 - type: integer 
	Parameter DataWidth bound to: 18 - type: integer 
INFO: [Synth 8-256] done synthesizing module 'SimpleDualPortRAM_generic__parameterized3' (0#1) [C:/Users/caleb/Documents/GitHub/SES-598-Fall-2025/DISTEL_HW12_11172025/hdl_prj_v2/hdlsrc/spec_avg_CRD/SimpleDualPortRAM_generic.vhd:38]
	Parameter AddrWidth bound to: 7 - type: integer 
	Parameter DataWidth bound to: 18 - type: integer 
INFO: [Synth 8-3491] module 'SimpleDualPortRAM_generic' declared at 'C:/Users/caleb/Documents/GitHub/SES-598-Fall-2025/DISTEL_HW12_11172025/hdl_prj_v2/hdlsrc/spec_avg_CRD/SimpleDualPortRAM_generic.vhd:23' bound to instance 'u_dataMEM_re_0_2' of component 'SimpleDualPortRAM_generic' [C:/Users/caleb/Documents/GitHub/SES-598-Fall-2025/DISTEL_HW12_11172025/hdl_prj_v2/hdlsrc/spec_avg_CRD/RADIX22FFT_SDF2_2.vhd:177]
INFO: [Synth 8-3491] module 'SDFCommutator2' declared at 'C:/Users/caleb/Documents/GitHub/SES-598-Fall-2025/DISTEL_HW12_11172025/hdl_prj_v2/hdlsrc/spec_avg_CRD/SDFCommutator2.vhd:23' bound to instance 'u_SDFCOMMUTATOR_2' of component 'SDFCommutator2' [C:/Users/caleb/Documents/GitHub/SES-598-Fall-2025/DISTEL_HW12_11172025/hdl_prj_v2/hdlsrc/spec_avg_CRD/RADIX22FFT_SDF2_2.vhd:190]
INFO: [Synth 8-638] synthesizing module 'SDFCommutator2' [C:/Users/caleb/Documents/GitHub/SES-598-Fall-2025/DISTEL_HW12_11172025/hdl_prj_v2/hdlsrc/spec_avg_CRD/SDFCommutator2.vhd:50]
	Parameter AddrWidth bound to: 3 - type: integer 
	Parameter DataWidth bound to: 18 - type: integer 
INFO: [Synth 8-3491] module 'SimpleDualPortRAM_generic' declared at 'C:/Users/caleb/Documents/GitHub/SES-598-Fall-2025/DISTEL_HW12_11172025/hdl_prj_v2/hdlsrc/spec_avg_CRD/SimpleDualPortRAM_generic.vhd:23' bound to instance 'u_dataXMEM_re_0_2' of component 'SimpleDualPortRAM_generic' [C:/Users/caleb/Documents/GitHub/SES-598-Fall-2025/DISTEL_HW12_11172025/hdl_prj_v2/hdlsrc/spec_avg_CRD/SDFCommutator2.vhd:144]
INFO: [Synth 8-638] synthesizing module 'SimpleDualPortRAM_generic__parameterized5' [C:/Users/caleb/Documents/GitHub/SES-598-Fall-2025/DISTEL_HW12_11172025/hdl_prj_v2/hdlsrc/spec_avg_CRD/SimpleDualPortRAM_generic.vhd:38]
	Parameter AddrWidth bound to: 3 - type: integer 
	Parameter DataWidth bound to: 18 - type: integer 
INFO: [Synth 8-256] done synthesizing module 'SimpleDualPortRAM_generic__parameterized5' (0#1) [C:/Users/caleb/Documents/GitHub/SES-598-Fall-2025/DISTEL_HW12_11172025/hdl_prj_v2/hdlsrc/spec_avg_CRD/SimpleDualPortRAM_generic.vhd:38]
	Parameter AddrWidth bound to: 3 - type: integer 
	Parameter DataWidth bound to: 18 - type: integer 
INFO: [Synth 8-3491] module 'SimpleDualPortRAM_generic' declared at 'C:/Users/caleb/Documents/GitHub/SES-598-Fall-2025/DISTEL_HW12_11172025/hdl_prj_v2/hdlsrc/spec_avg_CRD/SimpleDualPortRAM_generic.vhd:23' bound to instance 'u_dataXMEM_im_0_2' of component 'SimpleDualPortRAM_generic' [C:/Users/caleb/Documents/GitHub/SES-598-Fall-2025/DISTEL_HW12_11172025/hdl_prj_v2/hdlsrc/spec_avg_CRD/SDFCommutator2.vhd:157]
INFO: [Synth 8-256] done synthesizing module 'SDFCommutator2' (0#1) [C:/Users/caleb/Documents/GitHub/SES-598-Fall-2025/DISTEL_HW12_11172025/hdl_prj_v2/hdlsrc/spec_avg_CRD/SDFCommutator2.vhd:50]
INFO: [Synth 8-256] done synthesizing module 'RADIX22FFT_SDF2_2' (0#1) [C:/Users/caleb/Documents/GitHub/SES-598-Fall-2025/DISTEL_HW12_11172025/hdl_prj_v2/hdlsrc/spec_avg_CRD/RADIX22FFT_SDF2_2.vhd:43]
INFO: [Synth 8-3491] module 'TWDLROM_3_1' declared at 'C:/Users/caleb/Documents/GitHub/SES-598-Fall-2025/DISTEL_HW12_11172025/hdl_prj_v2/hdlsrc/spec_avg_CRD/TWDLROM_3_1.vhd:24' bound to instance 'u_twdlROM_3_1' of component 'TWDLROM_3_1' [C:/Users/caleb/Documents/GitHub/SES-598-Fall-2025/DISTEL_HW12_11172025/hdl_prj_v2/hdlsrc/spec_avg_CRD/alpha512_pt_FFT.vhd:621]
INFO: [Synth 8-638] synthesizing module 'TWDLROM_3_1' [C:/Users/caleb/Documents/GitHub/SES-598-Fall-2025/DISTEL_HW12_11172025/hdl_prj_v2/hdlsrc/spec_avg_CRD/TWDLROM_3_1.vhd:35]
INFO: [Synth 8-256] done synthesizing module 'TWDLROM_3_1' (0#1) [C:/Users/caleb/Documents/GitHub/SES-598-Fall-2025/DISTEL_HW12_11172025/hdl_prj_v2/hdlsrc/spec_avg_CRD/TWDLROM_3_1.vhd:35]
INFO: [Synth 8-3491] module 'RADIX22FFT_CTRL1_3' declared at 'C:/Users/caleb/Documents/GitHub/SES-598-Fall-2025/DISTEL_HW12_11172025/hdl_prj_v2/hdlsrc/spec_avg_CRD/RADIX22FFT_CTRL1_3.vhd:23' bound to instance 'u_CTRL1_3_1' of component 'RADIX22FFT_CTRL1_3' [C:/Users/caleb/Documents/GitHub/SES-598-Fall-2025/DISTEL_HW12_11172025/hdl_prj_v2/hdlsrc/spec_avg_CRD/alpha512_pt_FFT.vhd:630]
INFO: [Synth 8-638] synthesizing module 'RADIX22FFT_CTRL1_3' [C:/Users/caleb/Documents/GitHub/SES-598-Fall-2025/DISTEL_HW12_11172025/hdl_prj_v2/hdlsrc/spec_avg_CRD/RADIX22FFT_CTRL1_3.vhd:36]
INFO: [Synth 8-226] default block is never used [C:/Users/caleb/Documents/GitHub/SES-598-Fall-2025/DISTEL_HW12_11172025/hdl_prj_v2/hdlsrc/spec_avg_CRD/RADIX22FFT_CTRL1_3.vhd:91]
INFO: [Synth 8-256] done synthesizing module 'RADIX22FFT_CTRL1_3' (0#1) [C:/Users/caleb/Documents/GitHub/SES-598-Fall-2025/DISTEL_HW12_11172025/hdl_prj_v2/hdlsrc/spec_avg_CRD/RADIX22FFT_CTRL1_3.vhd:36]
INFO: [Synth 8-3491] module 'RADIX22FFT_SDF1_3' declared at 'C:/Users/caleb/Documents/GitHub/SES-598-Fall-2025/DISTEL_HW12_11172025/hdl_prj_v2/hdlsrc/spec_avg_CRD/RADIX22FFT_SDF1_3.vhd:24' bound to instance 'u_SDF1_3_1' of component 'RADIX22FFT_SDF1_3' [C:/Users/caleb/Documents/GitHub/SES-598-Fall-2025/DISTEL_HW12_11172025/hdl_prj_v2/hdlsrc/spec_avg_CRD/alpha512_pt_FFT.vhd:641]
INFO: [Synth 8-638] synthesizing module 'RADIX22FFT_SDF1_3' [C:/Users/caleb/Documents/GitHub/SES-598-Fall-2025/DISTEL_HW12_11172025/hdl_prj_v2/hdlsrc/spec_avg_CRD/RADIX22FFT_SDF1_3.vhd:44]
INFO: [Synth 8-3491] module 'Complex4Multiply' declared at 'C:/Users/caleb/Documents/GitHub/SES-598-Fall-2025/DISTEL_HW12_11172025/hdl_prj_v2/hdlsrc/spec_avg_CRD/Complex4Multiply.vhd:23' bound to instance 'u_MUL4' of component 'Complex4Multiply' [C:/Users/caleb/Documents/GitHub/SES-598-Fall-2025/DISTEL_HW12_11172025/hdl_prj_v2/hdlsrc/spec_avg_CRD/RADIX22FFT_SDF1_3.vhd:171]
INFO: [Synth 8-638] synthesizing module 'Complex4Multiply' [C:/Users/caleb/Documents/GitHub/SES-598-Fall-2025/DISTEL_HW12_11172025/hdl_prj_v2/hdlsrc/spec_avg_CRD/Complex4Multiply.vhd:39]
INFO: [Synth 8-256] done synthesizing module 'Complex4Multiply' (0#1) [C:/Users/caleb/Documents/GitHub/SES-598-Fall-2025/DISTEL_HW12_11172025/hdl_prj_v2/hdlsrc/spec_avg_CRD/Complex4Multiply.vhd:39]
	Parameter AddrWidth bound to: 6 - type: integer 
	Parameter DataWidth bound to: 19 - type: integer 
INFO: [Synth 8-3491] module 'SimpleDualPortRAM_generic' declared at 'C:/Users/caleb/Documents/GitHub/SES-598-Fall-2025/DISTEL_HW12_11172025/hdl_prj_v2/hdlsrc/spec_avg_CRD/SimpleDualPortRAM_generic.vhd:23' bound to instance 'u_dataMEM_im_0_3' of component 'SimpleDualPortRAM_generic' [C:/Users/caleb/Documents/GitHub/SES-598-Fall-2025/DISTEL_HW12_11172025/hdl_prj_v2/hdlsrc/spec_avg_CRD/RADIX22FFT_SDF1_3.vhd:185]
INFO: [Synth 8-638] synthesizing module 'SimpleDualPortRAM_generic__parameterized7' [C:/Users/caleb/Documents/GitHub/SES-598-Fall-2025/DISTEL_HW12_11172025/hdl_prj_v2/hdlsrc/spec_avg_CRD/SimpleDualPortRAM_generic.vhd:38]
	Parameter AddrWidth bound to: 6 - type: integer 
	Parameter DataWidth bound to: 19 - type: integer 
INFO: [Synth 8-256] done synthesizing module 'SimpleDualPortRAM_generic__parameterized7' (0#1) [C:/Users/caleb/Documents/GitHub/SES-598-Fall-2025/DISTEL_HW12_11172025/hdl_prj_v2/hdlsrc/spec_avg_CRD/SimpleDualPortRAM_generic.vhd:38]
	Parameter AddrWidth bound to: 6 - type: integer 
	Parameter DataWidth bound to: 19 - type: integer 
INFO: [Synth 8-3491] module 'SimpleDualPortRAM_generic' declared at 'C:/Users/caleb/Documents/GitHub/SES-598-Fall-2025/DISTEL_HW12_11172025/hdl_prj_v2/hdlsrc/spec_avg_CRD/SimpleDualPortRAM_generic.vhd:23' bound to instance 'u_dataMEM_re_0_3' of component 'SimpleDualPortRAM_generic' [C:/Users/caleb/Documents/GitHub/SES-598-Fall-2025/DISTEL_HW12_11172025/hdl_prj_v2/hdlsrc/spec_avg_CRD/RADIX22FFT_SDF1_3.vhd:198]
INFO: [Synth 8-3491] module 'SDFCommutator3' declared at 'C:/Users/caleb/Documents/GitHub/SES-598-Fall-2025/DISTEL_HW12_11172025/hdl_prj_v2/hdlsrc/spec_avg_CRD/SDFCommutator3.vhd:23' bound to instance 'u_SDFCOMMUTATOR_3' of component 'SDFCommutator3' [C:/Users/caleb/Documents/GitHub/SES-598-Fall-2025/DISTEL_HW12_11172025/hdl_prj_v2/hdlsrc/spec_avg_CRD/RADIX22FFT_SDF1_3.vhd:211]
INFO: [Synth 8-638] synthesizing module 'SDFCommutator3' [C:/Users/caleb/Documents/GitHub/SES-598-Fall-2025/DISTEL_HW12_11172025/hdl_prj_v2/hdlsrc/spec_avg_CRD/SDFCommutator3.vhd:50]
	Parameter AddrWidth bound to: 3 - type: integer 
	Parameter DataWidth bound to: 19 - type: integer 
INFO: [Synth 8-3491] module 'SimpleDualPortRAM_generic' declared at 'C:/Users/caleb/Documents/GitHub/SES-598-Fall-2025/DISTEL_HW12_11172025/hdl_prj_v2/hdlsrc/spec_avg_CRD/SimpleDualPortRAM_generic.vhd:23' bound to instance 'u_dataXMEM_re_0_3' of component 'SimpleDualPortRAM_generic' [C:/Users/caleb/Documents/GitHub/SES-598-Fall-2025/DISTEL_HW12_11172025/hdl_prj_v2/hdlsrc/spec_avg_CRD/SDFCommutator3.vhd:144]
INFO: [Synth 8-638] synthesizing module 'SimpleDualPortRAM_generic__parameterized9' [C:/Users/caleb/Documents/GitHub/SES-598-Fall-2025/DISTEL_HW12_11172025/hdl_prj_v2/hdlsrc/spec_avg_CRD/SimpleDualPortRAM_generic.vhd:38]
	Parameter AddrWidth bound to: 3 - type: integer 
	Parameter DataWidth bound to: 19 - type: integer 
INFO: [Synth 8-256] done synthesizing module 'SimpleDualPortRAM_generic__parameterized9' (0#1) [C:/Users/caleb/Documents/GitHub/SES-598-Fall-2025/DISTEL_HW12_11172025/hdl_prj_v2/hdlsrc/spec_avg_CRD/SimpleDualPortRAM_generic.vhd:38]
	Parameter AddrWidth bound to: 3 - type: integer 
	Parameter DataWidth bound to: 19 - type: integer 
INFO: [Synth 8-3491] module 'SimpleDualPortRAM_generic' declared at 'C:/Users/caleb/Documents/GitHub/SES-598-Fall-2025/DISTEL_HW12_11172025/hdl_prj_v2/hdlsrc/spec_avg_CRD/SimpleDualPortRAM_generic.vhd:23' bound to instance 'u_dataXMEM_im_0_3' of component 'SimpleDualPortRAM_generic' [C:/Users/caleb/Documents/GitHub/SES-598-Fall-2025/DISTEL_HW12_11172025/hdl_prj_v2/hdlsrc/spec_avg_CRD/SDFCommutator3.vhd:157]
INFO: [Synth 8-256] done synthesizing module 'SDFCommutator3' (0#1) [C:/Users/caleb/Documents/GitHub/SES-598-Fall-2025/DISTEL_HW12_11172025/hdl_prj_v2/hdlsrc/spec_avg_CRD/SDFCommutator3.vhd:50]
INFO: [Synth 8-256] done synthesizing module 'RADIX22FFT_SDF1_3' (0#1) [C:/Users/caleb/Documents/GitHub/SES-598-Fall-2025/DISTEL_HW12_11172025/hdl_prj_v2/hdlsrc/spec_avg_CRD/RADIX22FFT_SDF1_3.vhd:44]
INFO: [Synth 8-3491] module 'RADIX22FFT_CTRL1_4' declared at 'C:/Users/caleb/Documents/GitHub/SES-598-Fall-2025/DISTEL_HW12_11172025/hdl_prj_v2/hdlsrc/spec_avg_CRD/RADIX22FFT_CTRL1_4.vhd:23' bound to instance 'u_CTRL2_4_1' of component 'RADIX22FFT_CTRL1_4' [C:/Users/caleb/Documents/GitHub/SES-598-Fall-2025/DISTEL_HW12_11172025/hdl_prj_v2/hdlsrc/spec_avg_CRD/alpha512_pt_FFT.vhd:659]
INFO: [Synth 8-638] synthesizing module 'RADIX22FFT_CTRL1_4' [C:/Users/caleb/Documents/GitHub/SES-598-Fall-2025/DISTEL_HW12_11172025/hdl_prj_v2/hdlsrc/spec_avg_CRD/RADIX22FFT_CTRL1_4.vhd:37]
INFO: [Synth 8-226] default block is never used [C:/Users/caleb/Documents/GitHub/SES-598-Fall-2025/DISTEL_HW12_11172025/hdl_prj_v2/hdlsrc/spec_avg_CRD/RADIX22FFT_CTRL1_4.vhd:91]
INFO: [Synth 8-256] done synthesizing module 'RADIX22FFT_CTRL1_4' (0#1) [C:/Users/caleb/Documents/GitHub/SES-598-Fall-2025/DISTEL_HW12_11172025/hdl_prj_v2/hdlsrc/spec_avg_CRD/RADIX22FFT_CTRL1_4.vhd:37]
INFO: [Synth 8-3491] module 'RADIX22FFT_SDF2_4' declared at 'C:/Users/caleb/Documents/GitHub/SES-598-Fall-2025/DISTEL_HW12_11172025/hdl_prj_v2/hdlsrc/spec_avg_CRD/RADIX22FFT_SDF2_4.vhd:24' bound to instance 'u_SDF2_4_1' of component 'RADIX22FFT_SDF2_4' [C:/Users/caleb/Documents/GitHub/SES-598-Fall-2025/DISTEL_HW12_11172025/hdl_prj_v2/hdlsrc/spec_avg_CRD/alpha512_pt_FFT.vhd:671]
INFO: [Synth 8-638] synthesizing module 'RADIX22FFT_SDF2_4' [C:/Users/caleb/Documents/GitHub/SES-598-Fall-2025/DISTEL_HW12_11172025/hdl_prj_v2/hdlsrc/spec_avg_CRD/RADIX22FFT_SDF2_4.vhd:43]
	Parameter AddrWidth bound to: 5 - type: integer 
	Parameter DataWidth bound to: 20 - type: integer 
INFO: [Synth 8-3491] module 'SimpleDualPortRAM_generic' declared at 'C:/Users/caleb/Documents/GitHub/SES-598-Fall-2025/DISTEL_HW12_11172025/hdl_prj_v2/hdlsrc/spec_avg_CRD/SimpleDualPortRAM_generic.vhd:23' bound to instance 'u_dataMEM_im_0_4' of component 'SimpleDualPortRAM_generic' [C:/Users/caleb/Documents/GitHub/SES-598-Fall-2025/DISTEL_HW12_11172025/hdl_prj_v2/hdlsrc/spec_avg_CRD/RADIX22FFT_SDF2_4.vhd:164]
INFO: [Synth 8-638] synthesizing module 'SimpleDualPortRAM_generic__parameterized11' [C:/Users/caleb/Documents/GitHub/SES-598-Fall-2025/DISTEL_HW12_11172025/hdl_prj_v2/hdlsrc/spec_avg_CRD/SimpleDualPortRAM_generic.vhd:38]
	Parameter AddrWidth bound to: 5 - type: integer 
	Parameter DataWidth bound to: 20 - type: integer 
INFO: [Synth 8-256] done synthesizing module 'SimpleDualPortRAM_generic__parameterized11' (0#1) [C:/Users/caleb/Documents/GitHub/SES-598-Fall-2025/DISTEL_HW12_11172025/hdl_prj_v2/hdlsrc/spec_avg_CRD/SimpleDualPortRAM_generic.vhd:38]
	Parameter AddrWidth bound to: 5 - type: integer 
	Parameter DataWidth bound to: 20 - type: integer 
INFO: [Synth 8-3491] module 'SimpleDualPortRAM_generic' declared at 'C:/Users/caleb/Documents/GitHub/SES-598-Fall-2025/DISTEL_HW12_11172025/hdl_prj_v2/hdlsrc/spec_avg_CRD/SimpleDualPortRAM_generic.vhd:23' bound to instance 'u_dataMEM_re_0_4' of component 'SimpleDualPortRAM_generic' [C:/Users/caleb/Documents/GitHub/SES-598-Fall-2025/DISTEL_HW12_11172025/hdl_prj_v2/hdlsrc/spec_avg_CRD/RADIX22FFT_SDF2_4.vhd:177]
INFO: [Synth 8-3491] module 'SDFCommutator4' declared at 'C:/Users/caleb/Documents/GitHub/SES-598-Fall-2025/DISTEL_HW12_11172025/hdl_prj_v2/hdlsrc/spec_avg_CRD/SDFCommutator4.vhd:23' bound to instance 'u_SDFCOMMUTATOR_4' of component 'SDFCommutator4' [C:/Users/caleb/Documents/GitHub/SES-598-Fall-2025/DISTEL_HW12_11172025/hdl_prj_v2/hdlsrc/spec_avg_CRD/RADIX22FFT_SDF2_4.vhd:190]
INFO: [Synth 8-638] synthesizing module 'SDFCommutator4' [C:/Users/caleb/Documents/GitHub/SES-598-Fall-2025/DISTEL_HW12_11172025/hdl_prj_v2/hdlsrc/spec_avg_CRD/SDFCommutator4.vhd:50]
	Parameter AddrWidth bound to: 3 - type: integer 
	Parameter DataWidth bound to: 20 - type: integer 
INFO: [Synth 8-3491] module 'SimpleDualPortRAM_generic' declared at 'C:/Users/caleb/Documents/GitHub/SES-598-Fall-2025/DISTEL_HW12_11172025/hdl_prj_v2/hdlsrc/spec_avg_CRD/SimpleDualPortRAM_generic.vhd:23' bound to instance 'u_dataXMEM_re_0_4' of component 'SimpleDualPortRAM_generic' [C:/Users/caleb/Documents/GitHub/SES-598-Fall-2025/DISTEL_HW12_11172025/hdl_prj_v2/hdlsrc/spec_avg_CRD/SDFCommutator4.vhd:144]
INFO: [Synth 8-638] synthesizing module 'SimpleDualPortRAM_generic__parameterized13' [C:/Users/caleb/Documents/GitHub/SES-598-Fall-2025/DISTEL_HW12_11172025/hdl_prj_v2/hdlsrc/spec_avg_CRD/SimpleDualPortRAM_generic.vhd:38]
	Parameter AddrWidth bound to: 3 - type: integer 
	Parameter DataWidth bound to: 20 - type: integer 
INFO: [Synth 8-256] done synthesizing module 'SimpleDualPortRAM_generic__parameterized13' (0#1) [C:/Users/caleb/Documents/GitHub/SES-598-Fall-2025/DISTEL_HW12_11172025/hdl_prj_v2/hdlsrc/spec_avg_CRD/SimpleDualPortRAM_generic.vhd:38]
	Parameter AddrWidth bound to: 3 - type: integer 
	Parameter DataWidth bound to: 20 - type: integer 
INFO: [Synth 8-3491] module 'SimpleDualPortRAM_generic' declared at 'C:/Users/caleb/Documents/GitHub/SES-598-Fall-2025/DISTEL_HW12_11172025/hdl_prj_v2/hdlsrc/spec_avg_CRD/SimpleDualPortRAM_generic.vhd:23' bound to instance 'u_dataXMEM_im_0_4' of component 'SimpleDualPortRAM_generic' [C:/Users/caleb/Documents/GitHub/SES-598-Fall-2025/DISTEL_HW12_11172025/hdl_prj_v2/hdlsrc/spec_avg_CRD/SDFCommutator4.vhd:157]
INFO: [Synth 8-256] done synthesizing module 'SDFCommutator4' (0#1) [C:/Users/caleb/Documents/GitHub/SES-598-Fall-2025/DISTEL_HW12_11172025/hdl_prj_v2/hdlsrc/spec_avg_CRD/SDFCommutator4.vhd:50]
INFO: [Synth 8-256] done synthesizing module 'RADIX22FFT_SDF2_4' (0#1) [C:/Users/caleb/Documents/GitHub/SES-598-Fall-2025/DISTEL_HW12_11172025/hdl_prj_v2/hdlsrc/spec_avg_CRD/RADIX22FFT_SDF2_4.vhd:43]
INFO: [Synth 8-3491] module 'TWDLROM_5_1' declared at 'C:/Users/caleb/Documents/GitHub/SES-598-Fall-2025/DISTEL_HW12_11172025/hdl_prj_v2/hdlsrc/spec_avg_CRD/TWDLROM_5_1.vhd:24' bound to instance 'u_twdlROM_5_1' of component 'TWDLROM_5_1' [C:/Users/caleb/Documents/GitHub/SES-598-Fall-2025/DISTEL_HW12_11172025/hdl_prj_v2/hdlsrc/spec_avg_CRD/alpha512_pt_FFT.vhd:688]
INFO: [Synth 8-638] synthesizing module 'TWDLROM_5_1' [C:/Users/caleb/Documents/GitHub/SES-598-Fall-2025/DISTEL_HW12_11172025/hdl_prj_v2/hdlsrc/spec_avg_CRD/TWDLROM_5_1.vhd:35]
INFO: [Synth 8-256] done synthesizing module 'TWDLROM_5_1' (0#1) [C:/Users/caleb/Documents/GitHub/SES-598-Fall-2025/DISTEL_HW12_11172025/hdl_prj_v2/hdlsrc/spec_avg_CRD/TWDLROM_5_1.vhd:35]
INFO: [Synth 8-3491] module 'RADIX22FFT_CTRL1_5' declared at 'C:/Users/caleb/Documents/GitHub/SES-598-Fall-2025/DISTEL_HW12_11172025/hdl_prj_v2/hdlsrc/spec_avg_CRD/RADIX22FFT_CTRL1_5.vhd:23' bound to instance 'u_CTRL1_5_1' of component 'RADIX22FFT_CTRL1_5' [C:/Users/caleb/Documents/GitHub/SES-598-Fall-2025/DISTEL_HW12_11172025/hdl_prj_v2/hdlsrc/spec_avg_CRD/alpha512_pt_FFT.vhd:697]
INFO: [Synth 8-638] synthesizing module 'RADIX22FFT_CTRL1_5' [C:/Users/caleb/Documents/GitHub/SES-598-Fall-2025/DISTEL_HW12_11172025/hdl_prj_v2/hdlsrc/spec_avg_CRD/RADIX22FFT_CTRL1_5.vhd:36]
INFO: [Synth 8-226] default block is never used [C:/Users/caleb/Documents/GitHub/SES-598-Fall-2025/DISTEL_HW12_11172025/hdl_prj_v2/hdlsrc/spec_avg_CRD/RADIX22FFT_CTRL1_5.vhd:91]
INFO: [Synth 8-256] done synthesizing module 'RADIX22FFT_CTRL1_5' (0#1) [C:/Users/caleb/Documents/GitHub/SES-598-Fall-2025/DISTEL_HW12_11172025/hdl_prj_v2/hdlsrc/spec_avg_CRD/RADIX22FFT_CTRL1_5.vhd:36]
INFO: [Synth 8-3491] module 'RADIX22FFT_SDF1_5' declared at 'C:/Users/caleb/Documents/GitHub/SES-598-Fall-2025/DISTEL_HW12_11172025/hdl_prj_v2/hdlsrc/spec_avg_CRD/RADIX22FFT_SDF1_5.vhd:24' bound to instance 'u_SDF1_5_1' of component 'RADIX22FFT_SDF1_5' [C:/Users/caleb/Documents/GitHub/SES-598-Fall-2025/DISTEL_HW12_11172025/hdl_prj_v2/hdlsrc/spec_avg_CRD/alpha512_pt_FFT.vhd:708]
INFO: [Synth 8-638] synthesizing module 'RADIX22FFT_SDF1_5' [C:/Users/caleb/Documents/GitHub/SES-598-Fall-2025/DISTEL_HW12_11172025/hdl_prj_v2/hdlsrc/spec_avg_CRD/RADIX22FFT_SDF1_5.vhd:44]
INFO: [Synth 8-3491] module 'Complex4Multiply_block' declared at 'C:/Users/caleb/Documents/GitHub/SES-598-Fall-2025/DISTEL_HW12_11172025/hdl_prj_v2/hdlsrc/spec_avg_CRD/Complex4Multiply_block.vhd:23' bound to instance 'u_MUL4' of component 'Complex4Multiply_block' [C:/Users/caleb/Documents/GitHub/SES-598-Fall-2025/DISTEL_HW12_11172025/hdl_prj_v2/hdlsrc/spec_avg_CRD/RADIX22FFT_SDF1_5.vhd:171]
INFO: [Synth 8-638] synthesizing module 'Complex4Multiply_block' [C:/Users/caleb/Documents/GitHub/SES-598-Fall-2025/DISTEL_HW12_11172025/hdl_prj_v2/hdlsrc/spec_avg_CRD/Complex4Multiply_block.vhd:39]
INFO: [Synth 8-256] done synthesizing module 'Complex4Multiply_block' (0#1) [C:/Users/caleb/Documents/GitHub/SES-598-Fall-2025/DISTEL_HW12_11172025/hdl_prj_v2/hdlsrc/spec_avg_CRD/Complex4Multiply_block.vhd:39]
	Parameter AddrWidth bound to: 4 - type: integer 
	Parameter DataWidth bound to: 21 - type: integer 
INFO: [Synth 8-3491] module 'SimpleDualPortRAM_generic' declared at 'C:/Users/caleb/Documents/GitHub/SES-598-Fall-2025/DISTEL_HW12_11172025/hdl_prj_v2/hdlsrc/spec_avg_CRD/SimpleDualPortRAM_generic.vhd:23' bound to instance 'u_dataMEM_im_0_5' of component 'SimpleDualPortRAM_generic' [C:/Users/caleb/Documents/GitHub/SES-598-Fall-2025/DISTEL_HW12_11172025/hdl_prj_v2/hdlsrc/spec_avg_CRD/RADIX22FFT_SDF1_5.vhd:185]
INFO: [Synth 8-638] synthesizing module 'SimpleDualPortRAM_generic__parameterized15' [C:/Users/caleb/Documents/GitHub/SES-598-Fall-2025/DISTEL_HW12_11172025/hdl_prj_v2/hdlsrc/spec_avg_CRD/SimpleDualPortRAM_generic.vhd:38]
	Parameter AddrWidth bound to: 4 - type: integer 
	Parameter DataWidth bound to: 21 - type: integer 
INFO: [Synth 8-256] done synthesizing module 'SimpleDualPortRAM_generic__parameterized15' (0#1) [C:/Users/caleb/Documents/GitHub/SES-598-Fall-2025/DISTEL_HW12_11172025/hdl_prj_v2/hdlsrc/spec_avg_CRD/SimpleDualPortRAM_generic.vhd:38]
	Parameter AddrWidth bound to: 4 - type: integer 
	Parameter DataWidth bound to: 21 - type: integer 
INFO: [Synth 8-3491] module 'SimpleDualPortRAM_generic' declared at 'C:/Users/caleb/Documents/GitHub/SES-598-Fall-2025/DISTEL_HW12_11172025/hdl_prj_v2/hdlsrc/spec_avg_CRD/SimpleDualPortRAM_generic.vhd:23' bound to instance 'u_dataMEM_re_0_5' of component 'SimpleDualPortRAM_generic' [C:/Users/caleb/Documents/GitHub/SES-598-Fall-2025/DISTEL_HW12_11172025/hdl_prj_v2/hdlsrc/spec_avg_CRD/RADIX22FFT_SDF1_5.vhd:198]
INFO: [Synth 8-3491] module 'SDFCommutator5' declared at 'C:/Users/caleb/Documents/GitHub/SES-598-Fall-2025/DISTEL_HW12_11172025/hdl_prj_v2/hdlsrc/spec_avg_CRD/SDFCommutator5.vhd:23' bound to instance 'u_SDFCOMMUTATOR_5' of component 'SDFCommutator5' [C:/Users/caleb/Documents/GitHub/SES-598-Fall-2025/DISTEL_HW12_11172025/hdl_prj_v2/hdlsrc/spec_avg_CRD/RADIX22FFT_SDF1_5.vhd:211]
INFO: [Synth 8-638] synthesizing module 'SDFCommutator5' [C:/Users/caleb/Documents/GitHub/SES-598-Fall-2025/DISTEL_HW12_11172025/hdl_prj_v2/hdlsrc/spec_avg_CRD/SDFCommutator5.vhd:50]
	Parameter AddrWidth bound to: 3 - type: integer 
	Parameter DataWidth bound to: 21 - type: integer 
INFO: [Synth 8-3491] module 'SimpleDualPortRAM_generic' declared at 'C:/Users/caleb/Documents/GitHub/SES-598-Fall-2025/DISTEL_HW12_11172025/hdl_prj_v2/hdlsrc/spec_avg_CRD/SimpleDualPortRAM_generic.vhd:23' bound to instance 'u_dataXMEM_re_0_5' of component 'SimpleDualPortRAM_generic' [C:/Users/caleb/Documents/GitHub/SES-598-Fall-2025/DISTEL_HW12_11172025/hdl_prj_v2/hdlsrc/spec_avg_CRD/SDFCommutator5.vhd:144]
INFO: [Synth 8-638] synthesizing module 'SimpleDualPortRAM_generic__parameterized17' [C:/Users/caleb/Documents/GitHub/SES-598-Fall-2025/DISTEL_HW12_11172025/hdl_prj_v2/hdlsrc/spec_avg_CRD/SimpleDualPortRAM_generic.vhd:38]
	Parameter AddrWidth bound to: 3 - type: integer 
	Parameter DataWidth bound to: 21 - type: integer 
INFO: [Synth 8-256] done synthesizing module 'SimpleDualPortRAM_generic__parameterized17' (0#1) [C:/Users/caleb/Documents/GitHub/SES-598-Fall-2025/DISTEL_HW12_11172025/hdl_prj_v2/hdlsrc/spec_avg_CRD/SimpleDualPortRAM_generic.vhd:38]
	Parameter AddrWidth bound to: 3 - type: integer 
	Parameter DataWidth bound to: 21 - type: integer 
INFO: [Synth 8-3491] module 'SimpleDualPortRAM_generic' declared at 'C:/Users/caleb/Documents/GitHub/SES-598-Fall-2025/DISTEL_HW12_11172025/hdl_prj_v2/hdlsrc/spec_avg_CRD/SimpleDualPortRAM_generic.vhd:23' bound to instance 'u_dataXMEM_im_0_5' of component 'SimpleDualPortRAM_generic' [C:/Users/caleb/Documents/GitHub/SES-598-Fall-2025/DISTEL_HW12_11172025/hdl_prj_v2/hdlsrc/spec_avg_CRD/SDFCommutator5.vhd:157]
INFO: [Synth 8-256] done synthesizing module 'SDFCommutator5' (0#1) [C:/Users/caleb/Documents/GitHub/SES-598-Fall-2025/DISTEL_HW12_11172025/hdl_prj_v2/hdlsrc/spec_avg_CRD/SDFCommutator5.vhd:50]
INFO: [Synth 8-256] done synthesizing module 'RADIX22FFT_SDF1_5' (0#1) [C:/Users/caleb/Documents/GitHub/SES-598-Fall-2025/DISTEL_HW12_11172025/hdl_prj_v2/hdlsrc/spec_avg_CRD/RADIX22FFT_SDF1_5.vhd:44]
INFO: [Synth 8-3491] module 'RADIX22FFT_CTRL1_6' declared at 'C:/Users/caleb/Documents/GitHub/SES-598-Fall-2025/DISTEL_HW12_11172025/hdl_prj_v2/hdlsrc/spec_avg_CRD/RADIX22FFT_CTRL1_6.vhd:23' bound to instance 'u_CTRL2_6_1' of component 'RADIX22FFT_CTRL1_6' [C:/Users/caleb/Documents/GitHub/SES-598-Fall-2025/DISTEL_HW12_11172025/hdl_prj_v2/hdlsrc/spec_avg_CRD/alpha512_pt_FFT.vhd:726]
INFO: [Synth 8-638] synthesizing module 'RADIX22FFT_CTRL1_6' [C:/Users/caleb/Documents/GitHub/SES-598-Fall-2025/DISTEL_HW12_11172025/hdl_prj_v2/hdlsrc/spec_avg_CRD/RADIX22FFT_CTRL1_6.vhd:37]
INFO: [Synth 8-226] default block is never used [C:/Users/caleb/Documents/GitHub/SES-598-Fall-2025/DISTEL_HW12_11172025/hdl_prj_v2/hdlsrc/spec_avg_CRD/RADIX22FFT_CTRL1_6.vhd:91]
INFO: [Synth 8-256] done synthesizing module 'RADIX22FFT_CTRL1_6' (0#1) [C:/Users/caleb/Documents/GitHub/SES-598-Fall-2025/DISTEL_HW12_11172025/hdl_prj_v2/hdlsrc/spec_avg_CRD/RADIX22FFT_CTRL1_6.vhd:37]
INFO: [Synth 8-3491] module 'RADIX22FFT_SDF2_6' declared at 'C:/Users/caleb/Documents/GitHub/SES-598-Fall-2025/DISTEL_HW12_11172025/hdl_prj_v2/hdlsrc/spec_avg_CRD/RADIX22FFT_SDF2_6.vhd:24' bound to instance 'u_SDF2_6_1' of component 'RADIX22FFT_SDF2_6' [C:/Users/caleb/Documents/GitHub/SES-598-Fall-2025/DISTEL_HW12_11172025/hdl_prj_v2/hdlsrc/spec_avg_CRD/alpha512_pt_FFT.vhd:738]
INFO: [Synth 8-638] synthesizing module 'RADIX22FFT_SDF2_6' [C:/Users/caleb/Documents/GitHub/SES-598-Fall-2025/DISTEL_HW12_11172025/hdl_prj_v2/hdlsrc/spec_avg_CRD/RADIX22FFT_SDF2_6.vhd:43]
	Parameter AddrWidth bound to: 3 - type: integer 
	Parameter DataWidth bound to: 22 - type: integer 
INFO: [Synth 8-3491] module 'SimpleDualPortRAM_generic' declared at 'C:/Users/caleb/Documents/GitHub/SES-598-Fall-2025/DISTEL_HW12_11172025/hdl_prj_v2/hdlsrc/spec_avg_CRD/SimpleDualPortRAM_generic.vhd:23' bound to instance 'u_dataMEM_im_0_6' of component 'SimpleDualPortRAM_generic' [C:/Users/caleb/Documents/GitHub/SES-598-Fall-2025/DISTEL_HW12_11172025/hdl_prj_v2/hdlsrc/spec_avg_CRD/RADIX22FFT_SDF2_6.vhd:164]
INFO: [Synth 8-638] synthesizing module 'SimpleDualPortRAM_generic__parameterized19' [C:/Users/caleb/Documents/GitHub/SES-598-Fall-2025/DISTEL_HW12_11172025/hdl_prj_v2/hdlsrc/spec_avg_CRD/SimpleDualPortRAM_generic.vhd:38]
	Parameter AddrWidth bound to: 3 - type: integer 
	Parameter DataWidth bound to: 22 - type: integer 
INFO: [Synth 8-256] done synthesizing module 'SimpleDualPortRAM_generic__parameterized19' (0#1) [C:/Users/caleb/Documents/GitHub/SES-598-Fall-2025/DISTEL_HW12_11172025/hdl_prj_v2/hdlsrc/spec_avg_CRD/SimpleDualPortRAM_generic.vhd:38]
	Parameter AddrWidth bound to: 3 - type: integer 
	Parameter DataWidth bound to: 22 - type: integer 
INFO: [Synth 8-3491] module 'SimpleDualPortRAM_generic' declared at 'C:/Users/caleb/Documents/GitHub/SES-598-Fall-2025/DISTEL_HW12_11172025/hdl_prj_v2/hdlsrc/spec_avg_CRD/SimpleDualPortRAM_generic.vhd:23' bound to instance 'u_dataMEM_re_0_6' of component 'SimpleDualPortRAM_generic' [C:/Users/caleb/Documents/GitHub/SES-598-Fall-2025/DISTEL_HW12_11172025/hdl_prj_v2/hdlsrc/spec_avg_CRD/RADIX22FFT_SDF2_6.vhd:177]
INFO: [Synth 8-3491] module 'SDFCommutator6' declared at 'C:/Users/caleb/Documents/GitHub/SES-598-Fall-2025/DISTEL_HW12_11172025/hdl_prj_v2/hdlsrc/spec_avg_CRD/SDFCommutator6.vhd:23' bound to instance 'u_SDFCOMMUTATOR_6' of component 'SDFCommutator6' [C:/Users/caleb/Documents/GitHub/SES-598-Fall-2025/DISTEL_HW12_11172025/hdl_prj_v2/hdlsrc/spec_avg_CRD/RADIX22FFT_SDF2_6.vhd:190]
INFO: [Synth 8-638] synthesizing module 'SDFCommutator6' [C:/Users/caleb/Documents/GitHub/SES-598-Fall-2025/DISTEL_HW12_11172025/hdl_prj_v2/hdlsrc/spec_avg_CRD/SDFCommutator6.vhd:50]
	Parameter AddrWidth bound to: 3 - type: integer 
	Parameter DataWidth bound to: 22 - type: integer 
INFO: [Synth 8-3491] module 'SimpleDualPortRAM_generic' declared at 'C:/Users/caleb/Documents/GitHub/SES-598-Fall-2025/DISTEL_HW12_11172025/hdl_prj_v2/hdlsrc/spec_avg_CRD/SimpleDualPortRAM_generic.vhd:23' bound to instance 'u_dataXMEM_re_0_6' of component 'SimpleDualPortRAM_generic' [C:/Users/caleb/Documents/GitHub/SES-598-Fall-2025/DISTEL_HW12_11172025/hdl_prj_v2/hdlsrc/spec_avg_CRD/SDFCommutator6.vhd:136]
	Parameter AddrWidth bound to: 3 - type: integer 
	Parameter DataWidth bound to: 22 - type: integer 
INFO: [Synth 8-3491] module 'SimpleDualPortRAM_generic' declared at 'C:/Users/caleb/Documents/GitHub/SES-598-Fall-2025/DISTEL_HW12_11172025/hdl_prj_v2/hdlsrc/spec_avg_CRD/SimpleDualPortRAM_generic.vhd:23' bound to instance 'u_dataXMEM_im_0_6' of component 'SimpleDualPortRAM_generic' [C:/Users/caleb/Documents/GitHub/SES-598-Fall-2025/DISTEL_HW12_11172025/hdl_prj_v2/hdlsrc/spec_avg_CRD/SDFCommutator6.vhd:149]
INFO: [Synth 8-256] done synthesizing module 'SDFCommutator6' (0#1) [C:/Users/caleb/Documents/GitHub/SES-598-Fall-2025/DISTEL_HW12_11172025/hdl_prj_v2/hdlsrc/spec_avg_CRD/SDFCommutator6.vhd:50]
INFO: [Synth 8-256] done synthesizing module 'RADIX22FFT_SDF2_6' (0#1) [C:/Users/caleb/Documents/GitHub/SES-598-Fall-2025/DISTEL_HW12_11172025/hdl_prj_v2/hdlsrc/spec_avg_CRD/RADIX22FFT_SDF2_6.vhd:43]
INFO: [Synth 8-3491] module 'TWDLROM_7_1' declared at 'C:/Users/caleb/Documents/GitHub/SES-598-Fall-2025/DISTEL_HW12_11172025/hdl_prj_v2/hdlsrc/spec_avg_CRD/TWDLROM_7_1.vhd:24' bound to instance 'u_twdlROM_7_1' of component 'TWDLROM_7_1' [C:/Users/caleb/Documents/GitHub/SES-598-Fall-2025/DISTEL_HW12_11172025/hdl_prj_v2/hdlsrc/spec_avg_CRD/alpha512_pt_FFT.vhd:755]
INFO: [Synth 8-638] synthesizing module 'TWDLROM_7_1' [C:/Users/caleb/Documents/GitHub/SES-598-Fall-2025/DISTEL_HW12_11172025/hdl_prj_v2/hdlsrc/spec_avg_CRD/TWDLROM_7_1.vhd:35]
INFO: [Synth 8-256] done synthesizing module 'TWDLROM_7_1' (0#1) [C:/Users/caleb/Documents/GitHub/SES-598-Fall-2025/DISTEL_HW12_11172025/hdl_prj_v2/hdlsrc/spec_avg_CRD/TWDLROM_7_1.vhd:35]
INFO: [Synth 8-3491] module 'RADIX22FFT_CTRL1_7' declared at 'C:/Users/caleb/Documents/GitHub/SES-598-Fall-2025/DISTEL_HW12_11172025/hdl_prj_v2/hdlsrc/spec_avg_CRD/RADIX22FFT_CTRL1_7.vhd:23' bound to instance 'u_CTRL1_7_1' of component 'RADIX22FFT_CTRL1_7' [C:/Users/caleb/Documents/GitHub/SES-598-Fall-2025/DISTEL_HW12_11172025/hdl_prj_v2/hdlsrc/spec_avg_CRD/alpha512_pt_FFT.vhd:764]
INFO: [Synth 8-638] synthesizing module 'RADIX22FFT_CTRL1_7' [C:/Users/caleb/Documents/GitHub/SES-598-Fall-2025/DISTEL_HW12_11172025/hdl_prj_v2/hdlsrc/spec_avg_CRD/RADIX22FFT_CTRL1_7.vhd:36]
INFO: [Synth 8-226] default block is never used [C:/Users/caleb/Documents/GitHub/SES-598-Fall-2025/DISTEL_HW12_11172025/hdl_prj_v2/hdlsrc/spec_avg_CRD/RADIX22FFT_CTRL1_7.vhd:91]
INFO: [Synth 8-256] done synthesizing module 'RADIX22FFT_CTRL1_7' (0#1) [C:/Users/caleb/Documents/GitHub/SES-598-Fall-2025/DISTEL_HW12_11172025/hdl_prj_v2/hdlsrc/spec_avg_CRD/RADIX22FFT_CTRL1_7.vhd:36]
INFO: [Synth 8-3491] module 'RADIX22FFT_SDF1_7' declared at 'C:/Users/caleb/Documents/GitHub/SES-598-Fall-2025/DISTEL_HW12_11172025/hdl_prj_v2/hdlsrc/spec_avg_CRD/RADIX22FFT_SDF1_7.vhd:24' bound to instance 'u_SDF1_7_1' of component 'RADIX22FFT_SDF1_7' [C:/Users/caleb/Documents/GitHub/SES-598-Fall-2025/DISTEL_HW12_11172025/hdl_prj_v2/hdlsrc/spec_avg_CRD/alpha512_pt_FFT.vhd:775]
INFO: [Synth 8-638] synthesizing module 'RADIX22FFT_SDF1_7' [C:/Users/caleb/Documents/GitHub/SES-598-Fall-2025/DISTEL_HW12_11172025/hdl_prj_v2/hdlsrc/spec_avg_CRD/RADIX22FFT_SDF1_7.vhd:44]
INFO: [Synth 8-3491] module 'Complex4Multiply_block1' declared at 'C:/Users/caleb/Documents/GitHub/SES-598-Fall-2025/DISTEL_HW12_11172025/hdl_prj_v2/hdlsrc/spec_avg_CRD/Complex4Multiply_block1.vhd:23' bound to instance 'u_MUL4' of component 'Complex4Multiply_block1' [C:/Users/caleb/Documents/GitHub/SES-598-Fall-2025/DISTEL_HW12_11172025/hdl_prj_v2/hdlsrc/spec_avg_CRD/RADIX22FFT_SDF1_7.vhd:171]
INFO: [Synth 8-638] synthesizing module 'Complex4Multiply_block1' [C:/Users/caleb/Documents/GitHub/SES-598-Fall-2025/DISTEL_HW12_11172025/hdl_prj_v2/hdlsrc/spec_avg_CRD/Complex4Multiply_block1.vhd:39]
INFO: [Synth 8-256] done synthesizing module 'Complex4Multiply_block1' (0#1) [C:/Users/caleb/Documents/GitHub/SES-598-Fall-2025/DISTEL_HW12_11172025/hdl_prj_v2/hdlsrc/spec_avg_CRD/Complex4Multiply_block1.vhd:39]
	Parameter AddrWidth bound to: 2 - type: integer 
	Parameter DataWidth bound to: 23 - type: integer 
INFO: [Synth 8-3491] module 'SimpleDualPortRAM_generic' declared at 'C:/Users/caleb/Documents/GitHub/SES-598-Fall-2025/DISTEL_HW12_11172025/hdl_prj_v2/hdlsrc/spec_avg_CRD/SimpleDualPortRAM_generic.vhd:23' bound to instance 'u_dataMEM_im_0_7' of component 'SimpleDualPortRAM_generic' [C:/Users/caleb/Documents/GitHub/SES-598-Fall-2025/DISTEL_HW12_11172025/hdl_prj_v2/hdlsrc/spec_avg_CRD/RADIX22FFT_SDF1_7.vhd:185]
INFO: [Synth 8-638] synthesizing module 'SimpleDualPortRAM_generic__parameterized22' [C:/Users/caleb/Documents/GitHub/SES-598-Fall-2025/DISTEL_HW12_11172025/hdl_prj_v2/hdlsrc/spec_avg_CRD/SimpleDualPortRAM_generic.vhd:38]
	Parameter AddrWidth bound to: 2 - type: integer 
	Parameter DataWidth bound to: 23 - type: integer 
INFO: [Synth 8-256] done synthesizing module 'SimpleDualPortRAM_generic__parameterized22' (0#1) [C:/Users/caleb/Documents/GitHub/SES-598-Fall-2025/DISTEL_HW12_11172025/hdl_prj_v2/hdlsrc/spec_avg_CRD/SimpleDualPortRAM_generic.vhd:38]
	Parameter AddrWidth bound to: 2 - type: integer 
	Parameter DataWidth bound to: 23 - type: integer 
INFO: [Synth 8-3491] module 'SimpleDualPortRAM_generic' declared at 'C:/Users/caleb/Documents/GitHub/SES-598-Fall-2025/DISTEL_HW12_11172025/hdl_prj_v2/hdlsrc/spec_avg_CRD/SimpleDualPortRAM_generic.vhd:23' bound to instance 'u_dataMEM_re_0_7' of component 'SimpleDualPortRAM_generic' [C:/Users/caleb/Documents/GitHub/SES-598-Fall-2025/DISTEL_HW12_11172025/hdl_prj_v2/hdlsrc/spec_avg_CRD/RADIX22FFT_SDF1_7.vhd:198]
INFO: [Synth 8-3491] module 'SDFCommutator7' declared at 'C:/Users/caleb/Documents/GitHub/SES-598-Fall-2025/DISTEL_HW12_11172025/hdl_prj_v2/hdlsrc/spec_avg_CRD/SDFCommutator7.vhd:23' bound to instance 'u_SDFCOMMUTATOR_7' of component 'SDFCommutator7' [C:/Users/caleb/Documents/GitHub/SES-598-Fall-2025/DISTEL_HW12_11172025/hdl_prj_v2/hdlsrc/spec_avg_CRD/RADIX22FFT_SDF1_7.vhd:211]
INFO: [Synth 8-638] synthesizing module 'SDFCommutator7' [C:/Users/caleb/Documents/GitHub/SES-598-Fall-2025/DISTEL_HW12_11172025/hdl_prj_v2/hdlsrc/spec_avg_CRD/SDFCommutator7.vhd:50]
	Parameter AddrWidth bound to: 3 - type: integer 
	Parameter DataWidth bound to: 23 - type: integer 
INFO: [Synth 8-3491] module 'SimpleDualPortRAM_generic' declared at 'C:/Users/caleb/Documents/GitHub/SES-598-Fall-2025/DISTEL_HW12_11172025/hdl_prj_v2/hdlsrc/spec_avg_CRD/SimpleDualPortRAM_generic.vhd:23' bound to instance 'u_dataXMEM_re_0_7' of component 'SimpleDualPortRAM_generic' [C:/Users/caleb/Documents/GitHub/SES-598-Fall-2025/DISTEL_HW12_11172025/hdl_prj_v2/hdlsrc/spec_avg_CRD/SDFCommutator7.vhd:136]
INFO: [Synth 8-638] synthesizing module 'SimpleDualPortRAM_generic__parameterized24' [C:/Users/caleb/Documents/GitHub/SES-598-Fall-2025/DISTEL_HW12_11172025/hdl_prj_v2/hdlsrc/spec_avg_CRD/SimpleDualPortRAM_generic.vhd:38]
	Parameter AddrWidth bound to: 3 - type: integer 
	Parameter DataWidth bound to: 23 - type: integer 
INFO: [Synth 8-256] done synthesizing module 'SimpleDualPortRAM_generic__parameterized24' (0#1) [C:/Users/caleb/Documents/GitHub/SES-598-Fall-2025/DISTEL_HW12_11172025/hdl_prj_v2/hdlsrc/spec_avg_CRD/SimpleDualPortRAM_generic.vhd:38]
	Parameter AddrWidth bound to: 3 - type: integer 
	Parameter DataWidth bound to: 23 - type: integer 
INFO: [Synth 8-3491] module 'SimpleDualPortRAM_generic' declared at 'C:/Users/caleb/Documents/GitHub/SES-598-Fall-2025/DISTEL_HW12_11172025/hdl_prj_v2/hdlsrc/spec_avg_CRD/SimpleDualPortRAM_generic.vhd:23' bound to instance 'u_dataXMEM_im_0_7' of component 'SimpleDualPortRAM_generic' [C:/Users/caleb/Documents/GitHub/SES-598-Fall-2025/DISTEL_HW12_11172025/hdl_prj_v2/hdlsrc/spec_avg_CRD/SDFCommutator7.vhd:149]
INFO: [Synth 8-256] done synthesizing module 'SDFCommutator7' (0#1) [C:/Users/caleb/Documents/GitHub/SES-598-Fall-2025/DISTEL_HW12_11172025/hdl_prj_v2/hdlsrc/spec_avg_CRD/SDFCommutator7.vhd:50]
INFO: [Synth 8-256] done synthesizing module 'RADIX22FFT_SDF1_7' (0#1) [C:/Users/caleb/Documents/GitHub/SES-598-Fall-2025/DISTEL_HW12_11172025/hdl_prj_v2/hdlsrc/spec_avg_CRD/RADIX22FFT_SDF1_7.vhd:44]
INFO: [Synth 8-3491] module 'RADIX22FFT_CTRL1_8' declared at 'C:/Users/caleb/Documents/GitHub/SES-598-Fall-2025/DISTEL_HW12_11172025/hdl_prj_v2/hdlsrc/spec_avg_CRD/RADIX22FFT_CTRL1_8.vhd:23' bound to instance 'u_CTRL2_8_1' of component 'RADIX22FFT_CTRL1_8' [C:/Users/caleb/Documents/GitHub/SES-598-Fall-2025/DISTEL_HW12_11172025/hdl_prj_v2/hdlsrc/spec_avg_CRD/alpha512_pt_FFT.vhd:793]
INFO: [Synth 8-638] synthesizing module 'RADIX22FFT_CTRL1_8' [C:/Users/caleb/Documents/GitHub/SES-598-Fall-2025/DISTEL_HW12_11172025/hdl_prj_v2/hdlsrc/spec_avg_CRD/RADIX22FFT_CTRL1_8.vhd:37]
INFO: [Synth 8-226] default block is never used [C:/Users/caleb/Documents/GitHub/SES-598-Fall-2025/DISTEL_HW12_11172025/hdl_prj_v2/hdlsrc/spec_avg_CRD/RADIX22FFT_CTRL1_8.vhd:89]
INFO: [Synth 8-256] done synthesizing module 'RADIX22FFT_CTRL1_8' (0#1) [C:/Users/caleb/Documents/GitHub/SES-598-Fall-2025/DISTEL_HW12_11172025/hdl_prj_v2/hdlsrc/spec_avg_CRD/RADIX22FFT_CTRL1_8.vhd:37]
INFO: [Synth 8-3491] module 'RADIX22FFT_SDF2_8' declared at 'C:/Users/caleb/Documents/GitHub/SES-598-Fall-2025/DISTEL_HW12_11172025/hdl_prj_v2/hdlsrc/spec_avg_CRD/RADIX22FFT_SDF2_8.vhd:24' bound to instance 'u_SDF2_8_1' of component 'RADIX22FFT_SDF2_8' [C:/Users/caleb/Documents/GitHub/SES-598-Fall-2025/DISTEL_HW12_11172025/hdl_prj_v2/hdlsrc/spec_avg_CRD/alpha512_pt_FFT.vhd:805]
INFO: [Synth 8-638] synthesizing module 'RADIX22FFT_SDF2_8' [C:/Users/caleb/Documents/GitHub/SES-598-Fall-2025/DISTEL_HW12_11172025/hdl_prj_v2/hdlsrc/spec_avg_CRD/RADIX22FFT_SDF2_8.vhd:43]
INFO: [Synth 8-3491] module 'SDFCommutator8' declared at 'C:/Users/caleb/Documents/GitHub/SES-598-Fall-2025/DISTEL_HW12_11172025/hdl_prj_v2/hdlsrc/spec_avg_CRD/SDFCommutator8.vhd:23' bound to instance 'u_SDFCOMMUTATOR_8' of component 'SDFCommutator8' [C:/Users/caleb/Documents/GitHub/SES-598-Fall-2025/DISTEL_HW12_11172025/hdl_prj_v2/hdlsrc/spec_avg_CRD/RADIX22FFT_SDF2_8.vhd:165]
INFO: [Synth 8-638] synthesizing module 'SDFCommutator8' [C:/Users/caleb/Documents/GitHub/SES-598-Fall-2025/DISTEL_HW12_11172025/hdl_prj_v2/hdlsrc/spec_avg_CRD/SDFCommutator8.vhd:50]
	Parameter AddrWidth bound to: 3 - type: integer 
	Parameter DataWidth bound to: 24 - type: integer 
INFO: [Synth 8-3491] module 'SimpleDualPortRAM_generic' declared at 'C:/Users/caleb/Documents/GitHub/SES-598-Fall-2025/DISTEL_HW12_11172025/hdl_prj_v2/hdlsrc/spec_avg_CRD/SimpleDualPortRAM_generic.vhd:23' bound to instance 'u_dataXMEM_re_0_8' of component 'SimpleDualPortRAM_generic' [C:/Users/caleb/Documents/GitHub/SES-598-Fall-2025/DISTEL_HW12_11172025/hdl_prj_v2/hdlsrc/spec_avg_CRD/SDFCommutator8.vhd:135]
INFO: [Synth 8-638] synthesizing module 'SimpleDualPortRAM_generic__parameterized26' [C:/Users/caleb/Documents/GitHub/SES-598-Fall-2025/DISTEL_HW12_11172025/hdl_prj_v2/hdlsrc/spec_avg_CRD/SimpleDualPortRAM_generic.vhd:38]
	Parameter AddrWidth bound to: 3 - type: integer 
	Parameter DataWidth bound to: 24 - type: integer 
INFO: [Synth 8-256] done synthesizing module 'SimpleDualPortRAM_generic__parameterized26' (0#1) [C:/Users/caleb/Documents/GitHub/SES-598-Fall-2025/DISTEL_HW12_11172025/hdl_prj_v2/hdlsrc/spec_avg_CRD/SimpleDualPortRAM_generic.vhd:38]
	Parameter AddrWidth bound to: 3 - type: integer 
	Parameter DataWidth bound to: 24 - type: integer 
INFO: [Synth 8-3491] module 'SimpleDualPortRAM_generic' declared at 'C:/Users/caleb/Documents/GitHub/SES-598-Fall-2025/DISTEL_HW12_11172025/hdl_prj_v2/hdlsrc/spec_avg_CRD/SimpleDualPortRAM_generic.vhd:23' bound to instance 'u_dataXMEM_im_0_8' of component 'SimpleDualPortRAM_generic' [C:/Users/caleb/Documents/GitHub/SES-598-Fall-2025/DISTEL_HW12_11172025/hdl_prj_v2/hdlsrc/spec_avg_CRD/SDFCommutator8.vhd:148]
INFO: [Synth 8-256] done synthesizing module 'SDFCommutator8' (0#1) [C:/Users/caleb/Documents/GitHub/SES-598-Fall-2025/DISTEL_HW12_11172025/hdl_prj_v2/hdlsrc/spec_avg_CRD/SDFCommutator8.vhd:50]
INFO: [Synth 8-256] done synthesizing module 'RADIX22FFT_SDF2_8' (0#1) [C:/Users/caleb/Documents/GitHub/SES-598-Fall-2025/DISTEL_HW12_11172025/hdl_prj_v2/hdlsrc/spec_avg_CRD/RADIX22FFT_SDF2_8.vhd:43]
INFO: [Synth 8-3491] module 'TWDLROM_9_1' declared at 'C:/Users/caleb/Documents/GitHub/SES-598-Fall-2025/DISTEL_HW12_11172025/hdl_prj_v2/hdlsrc/spec_avg_CRD/TWDLROM_9_1.vhd:24' bound to instance 'u_twdlROM_9' of component 'TWDLROM_9_1' [C:/Users/caleb/Documents/GitHub/SES-598-Fall-2025/DISTEL_HW12_11172025/hdl_prj_v2/hdlsrc/spec_avg_CRD/alpha512_pt_FFT.vhd:822]
INFO: [Synth 8-638] synthesizing module 'TWDLROM_9_1' [C:/Users/caleb/Documents/GitHub/SES-598-Fall-2025/DISTEL_HW12_11172025/hdl_prj_v2/hdlsrc/spec_avg_CRD/TWDLROM_9_1.vhd:35]
INFO: [Synth 8-256] done synthesizing module 'TWDLROM_9_1' (0#1) [C:/Users/caleb/Documents/GitHub/SES-598-Fall-2025/DISTEL_HW12_11172025/hdl_prj_v2/hdlsrc/spec_avg_CRD/TWDLROM_9_1.vhd:35]
INFO: [Synth 8-3491] module 'RADIX22FFT_CTRL1_1_block' declared at 'C:/Users/caleb/Documents/GitHub/SES-598-Fall-2025/DISTEL_HW12_11172025/hdl_prj_v2/hdlsrc/spec_avg_CRD/RADIX22FFT_CTRL1_1_block.vhd:23' bound to instance 'u_CTRLRX2' of component 'RADIX22FFT_CTRL1_1_block' [C:/Users/caleb/Documents/GitHub/SES-598-Fall-2025/DISTEL_HW12_11172025/hdl_prj_v2/hdlsrc/spec_avg_CRD/alpha512_pt_FFT.vhd:831]
INFO: [Synth 8-638] synthesizing module 'RADIX22FFT_CTRL1_1_block' [C:/Users/caleb/Documents/GitHub/SES-598-Fall-2025/DISTEL_HW12_11172025/hdl_prj_v2/hdlsrc/spec_avg_CRD/RADIX22FFT_CTRL1_1_block.vhd:36]
INFO: [Synth 8-226] default block is never used [C:/Users/caleb/Documents/GitHub/SES-598-Fall-2025/DISTEL_HW12_11172025/hdl_prj_v2/hdlsrc/spec_avg_CRD/RADIX22FFT_CTRL1_1_block.vhd:74]
INFO: [Synth 8-256] done synthesizing module 'RADIX22FFT_CTRL1_1_block' (0#1) [C:/Users/caleb/Documents/GitHub/SES-598-Fall-2025/DISTEL_HW12_11172025/hdl_prj_v2/hdlsrc/spec_avg_CRD/RADIX22FFT_CTRL1_1_block.vhd:36]
INFO: [Synth 8-3491] module 'RADIX22FFT_SDF1_9' declared at 'C:/Users/caleb/Documents/GitHub/SES-598-Fall-2025/DISTEL_HW12_11172025/hdl_prj_v2/hdlsrc/spec_avg_CRD/RADIX22FFT_SDF1_9.vhd:24' bound to instance 'u_RADIX2' of component 'RADIX22FFT_SDF1_9' [C:/Users/caleb/Documents/GitHub/SES-598-Fall-2025/DISTEL_HW12_11172025/hdl_prj_v2/hdlsrc/spec_avg_CRD/alpha512_pt_FFT.vhd:842]
INFO: [Synth 8-638] synthesizing module 'RADIX22FFT_SDF1_9' [C:/Users/caleb/Documents/GitHub/SES-598-Fall-2025/DISTEL_HW12_11172025/hdl_prj_v2/hdlsrc/spec_avg_CRD/RADIX22FFT_SDF1_9.vhd:44]
INFO: [Synth 8-3491] module 'Complex4Multiply_block2' declared at 'C:/Users/caleb/Documents/GitHub/SES-598-Fall-2025/DISTEL_HW12_11172025/hdl_prj_v2/hdlsrc/spec_avg_CRD/Complex4Multiply_block2.vhd:23' bound to instance 'u_MUL4' of component 'Complex4Multiply_block2' [C:/Users/caleb/Documents/GitHub/SES-598-Fall-2025/DISTEL_HW12_11172025/hdl_prj_v2/hdlsrc/spec_avg_CRD/RADIX22FFT_SDF1_9.vhd:163]
INFO: [Synth 8-638] synthesizing module 'Complex4Multiply_block2' [C:/Users/caleb/Documents/GitHub/SES-598-Fall-2025/DISTEL_HW12_11172025/hdl_prj_v2/hdlsrc/spec_avg_CRD/Complex4Multiply_block2.vhd:39]
INFO: [Synth 8-256] done synthesizing module 'Complex4Multiply_block2' (0#1) [C:/Users/caleb/Documents/GitHub/SES-598-Fall-2025/DISTEL_HW12_11172025/hdl_prj_v2/hdlsrc/spec_avg_CRD/Complex4Multiply_block2.vhd:39]
INFO: [Synth 8-3491] module 'SDFCommutator9' declared at 'C:/Users/caleb/Documents/GitHub/SES-598-Fall-2025/DISTEL_HW12_11172025/hdl_prj_v2/hdlsrc/spec_avg_CRD/SDFCommutator9.vhd:23' bound to instance 'u_SDFCOMMUTATOR_9' of component 'SDFCommutator9' [C:/Users/caleb/Documents/GitHub/SES-598-Fall-2025/DISTEL_HW12_11172025/hdl_prj_v2/hdlsrc/spec_avg_CRD/RADIX22FFT_SDF1_9.vhd:177]
INFO: [Synth 8-638] synthesizing module 'SDFCommutator9' [C:/Users/caleb/Documents/GitHub/SES-598-Fall-2025/DISTEL_HW12_11172025/hdl_prj_v2/hdlsrc/spec_avg_CRD/SDFCommutator9.vhd:50]
	Parameter AddrWidth bound to: 3 - type: integer 
	Parameter DataWidth bound to: 25 - type: integer 
INFO: [Synth 8-3491] module 'SimpleDualPortRAM_generic' declared at 'C:/Users/caleb/Documents/GitHub/SES-598-Fall-2025/DISTEL_HW12_11172025/hdl_prj_v2/hdlsrc/spec_avg_CRD/SimpleDualPortRAM_generic.vhd:23' bound to instance 'u_dataXMEM_re_0_9' of component 'SimpleDualPortRAM_generic' [C:/Users/caleb/Documents/GitHub/SES-598-Fall-2025/DISTEL_HW12_11172025/hdl_prj_v2/hdlsrc/spec_avg_CRD/SDFCommutator9.vhd:141]
INFO: [Synth 8-638] synthesizing module 'SimpleDualPortRAM_generic__parameterized28' [C:/Users/caleb/Documents/GitHub/SES-598-Fall-2025/DISTEL_HW12_11172025/hdl_prj_v2/hdlsrc/spec_avg_CRD/SimpleDualPortRAM_generic.vhd:38]
	Parameter AddrWidth bound to: 3 - type: integer 
	Parameter DataWidth bound to: 25 - type: integer 
INFO: [Synth 8-256] done synthesizing module 'SimpleDualPortRAM_generic__parameterized28' (0#1) [C:/Users/caleb/Documents/GitHub/SES-598-Fall-2025/DISTEL_HW12_11172025/hdl_prj_v2/hdlsrc/spec_avg_CRD/SimpleDualPortRAM_generic.vhd:38]
	Parameter AddrWidth bound to: 3 - type: integer 
	Parameter DataWidth bound to: 25 - type: integer 
INFO: [Synth 8-3491] module 'SimpleDualPortRAM_generic' declared at 'C:/Users/caleb/Documents/GitHub/SES-598-Fall-2025/DISTEL_HW12_11172025/hdl_prj_v2/hdlsrc/spec_avg_CRD/SimpleDualPortRAM_generic.vhd:23' bound to instance 'u_dataXMEM_im_0_9' of component 'SimpleDualPortRAM_generic' [C:/Users/caleb/Documents/GitHub/SES-598-Fall-2025/DISTEL_HW12_11172025/hdl_prj_v2/hdlsrc/spec_avg_CRD/SDFCommutator9.vhd:154]
INFO: [Synth 8-256] done synthesizing module 'SDFCommutator9' (0#1) [C:/Users/caleb/Documents/GitHub/SES-598-Fall-2025/DISTEL_HW12_11172025/hdl_prj_v2/hdlsrc/spec_avg_CRD/SDFCommutator9.vhd:50]
INFO: [Synth 8-256] done synthesizing module 'RADIX22FFT_SDF1_9' (0#1) [C:/Users/caleb/Documents/GitHub/SES-598-Fall-2025/DISTEL_HW12_11172025/hdl_prj_v2/hdlsrc/spec_avg_CRD/RADIX22FFT_SDF1_9.vhd:44]
INFO: [Synth 8-3491] module 'RADIX2FFT_bitNatural' declared at 'C:/Users/caleb/Documents/GitHub/SES-598-Fall-2025/DISTEL_HW12_11172025/hdl_prj_v2/hdlsrc/spec_avg_CRD/RADIX2FFT_bitNatural.vhd:23' bound to instance 'u_NaturalOrder_Stage' of component 'RADIX2FFT_bitNatural' [C:/Users/caleb/Documents/GitHub/SES-598-Fall-2025/DISTEL_HW12_11172025/hdl_prj_v2/hdlsrc/spec_avg_CRD/alpha512_pt_FFT.vhd:860]
INFO: [Synth 8-638] synthesizing module 'RADIX2FFT_bitNatural' [C:/Users/caleb/Documents/GitHub/SES-598-Fall-2025/DISTEL_HW12_11172025/hdl_prj_v2/hdlsrc/spec_avg_CRD/RADIX2FFT_bitNatural.vhd:37]
	Parameter AddrWidth bound to: 9 - type: integer 
	Parameter DataWidth bound to: 25 - type: integer 
INFO: [Synth 8-3491] module 'SimpleDualPortRAM_generic' declared at 'C:/Users/caleb/Documents/GitHub/SES-598-Fall-2025/DISTEL_HW12_11172025/hdl_prj_v2/hdlsrc/spec_avg_CRD/SimpleDualPortRAM_generic.vhd:23' bound to instance 'u_dataMEM_im_1' of component 'SimpleDualPortRAM_generic' [C:/Users/caleb/Documents/GitHub/SES-598-Fall-2025/DISTEL_HW12_11172025/hdl_prj_v2/hdlsrc/spec_avg_CRD/RADIX2FFT_bitNatural.vhd:107]
INFO: [Synth 8-638] synthesizing module 'SimpleDualPortRAM_generic__parameterized30' [C:/Users/caleb/Documents/GitHub/SES-598-Fall-2025/DISTEL_HW12_11172025/hdl_prj_v2/hdlsrc/spec_avg_CRD/SimpleDualPortRAM_generic.vhd:38]
	Parameter AddrWidth bound to: 9 - type: integer 
	Parameter DataWidth bound to: 25 - type: integer 
INFO: [Synth 8-256] done synthesizing module 'SimpleDualPortRAM_generic__parameterized30' (0#1) [C:/Users/caleb/Documents/GitHub/SES-598-Fall-2025/DISTEL_HW12_11172025/hdl_prj_v2/hdlsrc/spec_avg_CRD/SimpleDualPortRAM_generic.vhd:38]
	Parameter AddrWidth bound to: 9 - type: integer 
	Parameter DataWidth bound to: 25 - type: integer 
INFO: [Synth 8-3491] module 'SimpleDualPortRAM_generic' declared at 'C:/Users/caleb/Documents/GitHub/SES-598-Fall-2025/DISTEL_HW12_11172025/hdl_prj_v2/hdlsrc/spec_avg_CRD/SimpleDualPortRAM_generic.vhd:23' bound to instance 'u_dataMEM_re_1' of component 'SimpleDualPortRAM_generic' [C:/Users/caleb/Documents/GitHub/SES-598-Fall-2025/DISTEL_HW12_11172025/hdl_prj_v2/hdlsrc/spec_avg_CRD/RADIX2FFT_bitNatural.vhd:120]
INFO: [Synth 8-226] default block is never used [C:/Users/caleb/Documents/GitHub/SES-598-Fall-2025/DISTEL_HW12_11172025/hdl_prj_v2/hdlsrc/spec_avg_CRD/RADIX2FFT_bitNatural.vhd:243]
INFO: [Synth 8-256] done synthesizing module 'RADIX2FFT_bitNatural' (0#1) [C:/Users/caleb/Documents/GitHub/SES-598-Fall-2025/DISTEL_HW12_11172025/hdl_prj_v2/hdlsrc/spec_avg_CRD/RADIX2FFT_bitNatural.vhd:37]
INFO: [Synth 8-256] done synthesizing module 'alpha512_pt_FFT' (0#1) [C:/Users/caleb/Documents/GitHub/SES-598-Fall-2025/DISTEL_HW12_11172025/hdl_prj_v2/hdlsrc/spec_avg_CRD/alpha512_pt_FFT.vhd:39]
INFO: [Synth 8-3491] module 'Quadrant_Mapper' declared at 'C:/Users/caleb/Documents/GitHub/SES-598-Fall-2025/DISTEL_HW12_11172025/hdl_prj_v2/hdlsrc/spec_avg_CRD/Quadrant_Mapper.vhd:23' bound to instance 'u_QuadrantMapper' of component 'Quadrant_Mapper' [C:/Users/caleb/Documents/GitHub/SES-598-Fall-2025/DISTEL_HW12_11172025/hdl_prj_v2/hdlsrc/spec_avg_CRD/Digital_Spectrometer.vhd:574]
INFO: [Synth 8-638] synthesizing module 'Quadrant_Mapper' [C:/Users/caleb/Documents/GitHub/SES-598-Fall-2025/DISTEL_HW12_11172025/hdl_prj_v2/hdlsrc/spec_avg_CRD/Quadrant_Mapper.vhd:35]
INFO: [Synth 8-256] done synthesizing module 'Quadrant_Mapper' (0#1) [C:/Users/caleb/Documents/GitHub/SES-598-Fall-2025/DISTEL_HW12_11172025/hdl_prj_v2/hdlsrc/spec_avg_CRD/Quadrant_Mapper.vhd:35]
INFO: [Synth 8-3491] module 'CordicKernelMag' declared at 'C:/Users/caleb/Documents/GitHub/SES-598-Fall-2025/DISTEL_HW12_11172025/hdl_prj_v2/hdlsrc/spec_avg_CRD/CordicKernelMag.vhd:23' bound to instance 'u_Iteration' of component 'CordicKernelMag' [C:/Users/caleb/Documents/GitHub/SES-598-Fall-2025/DISTEL_HW12_11172025/hdl_prj_v2/hdlsrc/spec_avg_CRD/Digital_Spectrometer.vhd:584]
INFO: [Synth 8-638] synthesizing module 'CordicKernelMag' [C:/Users/caleb/Documents/GitHub/SES-598-Fall-2025/DISTEL_HW12_11172025/hdl_prj_v2/hdlsrc/spec_avg_CRD/CordicKernelMag.vhd:33]
INFO: [Synth 8-256] done synthesizing module 'CordicKernelMag' (0#1) [C:/Users/caleb/Documents/GitHub/SES-598-Fall-2025/DISTEL_HW12_11172025/hdl_prj_v2/hdlsrc/spec_avg_CRD/CordicKernelMag.vhd:33]
INFO: [Synth 8-3491] module 'CordicKernelMag_block' declared at 'C:/Users/caleb/Documents/GitHub/SES-598-Fall-2025/DISTEL_HW12_11172025/hdl_prj_v2/hdlsrc/spec_avg_CRD/CordicKernelMag_block.vhd:23' bound to instance 'u_Iteration1' of component 'CordicKernelMag_block' [C:/Users/caleb/Documents/GitHub/SES-598-Fall-2025/DISTEL_HW12_11172025/hdl_prj_v2/hdlsrc/spec_avg_CRD/Digital_Spectrometer.vhd:592]
INFO: [Synth 8-638] synthesizing module 'CordicKernelMag_block' [C:/Users/caleb/Documents/GitHub/SES-598-Fall-2025/DISTEL_HW12_11172025/hdl_prj_v2/hdlsrc/spec_avg_CRD/CordicKernelMag_block.vhd:33]
INFO: [Synth 8-256] done synthesizing module 'CordicKernelMag_block' (0#1) [C:/Users/caleb/Documents/GitHub/SES-598-Fall-2025/DISTEL_HW12_11172025/hdl_prj_v2/hdlsrc/spec_avg_CRD/CordicKernelMag_block.vhd:33]
INFO: [Synth 8-3491] module 'CordicKernelMag_block1' declared at 'C:/Users/caleb/Documents/GitHub/SES-598-Fall-2025/DISTEL_HW12_11172025/hdl_prj_v2/hdlsrc/spec_avg_CRD/CordicKernelMag_block1.vhd:23' bound to instance 'u_Iteration2' of component 'CordicKernelMag_block1' [C:/Users/caleb/Documents/GitHub/SES-598-Fall-2025/DISTEL_HW12_11172025/hdl_prj_v2/hdlsrc/spec_avg_CRD/Digital_Spectrometer.vhd:600]
INFO: [Synth 8-638] synthesizing module 'CordicKernelMag_block1' [C:/Users/caleb/Documents/GitHub/SES-598-Fall-2025/DISTEL_HW12_11172025/hdl_prj_v2/hdlsrc/spec_avg_CRD/CordicKernelMag_block1.vhd:33]
INFO: [Synth 8-256] done synthesizing module 'CordicKernelMag_block1' (0#1) [C:/Users/caleb/Documents/GitHub/SES-598-Fall-2025/DISTEL_HW12_11172025/hdl_prj_v2/hdlsrc/spec_avg_CRD/CordicKernelMag_block1.vhd:33]
INFO: [Synth 8-3491] module 'CordicKernelMag_block2' declared at 'C:/Users/caleb/Documents/GitHub/SES-598-Fall-2025/DISTEL_HW12_11172025/hdl_prj_v2/hdlsrc/spec_avg_CRD/CordicKernelMag_block2.vhd:23' bound to instance 'u_Iteration3' of component 'CordicKernelMag_block2' [C:/Users/caleb/Documents/GitHub/SES-598-Fall-2025/DISTEL_HW12_11172025/hdl_prj_v2/hdlsrc/spec_avg_CRD/Digital_Spectrometer.vhd:608]
INFO: [Synth 8-638] synthesizing module 'CordicKernelMag_block2' [C:/Users/caleb/Documents/GitHub/SES-598-Fall-2025/DISTEL_HW12_11172025/hdl_prj_v2/hdlsrc/spec_avg_CRD/CordicKernelMag_block2.vhd:33]
INFO: [Synth 8-256] done synthesizing module 'CordicKernelMag_block2' (0#1) [C:/Users/caleb/Documents/GitHub/SES-598-Fall-2025/DISTEL_HW12_11172025/hdl_prj_v2/hdlsrc/spec_avg_CRD/CordicKernelMag_block2.vhd:33]
INFO: [Synth 8-3491] module 'CordicKernelMag_block3' declared at 'C:/Users/caleb/Documents/GitHub/SES-598-Fall-2025/DISTEL_HW12_11172025/hdl_prj_v2/hdlsrc/spec_avg_CRD/CordicKernelMag_block3.vhd:23' bound to instance 'u_Iteration4' of component 'CordicKernelMag_block3' [C:/Users/caleb/Documents/GitHub/SES-598-Fall-2025/DISTEL_HW12_11172025/hdl_prj_v2/hdlsrc/spec_avg_CRD/Digital_Spectrometer.vhd:616]
INFO: [Synth 8-638] synthesizing module 'CordicKernelMag_block3' [C:/Users/caleb/Documents/GitHub/SES-598-Fall-2025/DISTEL_HW12_11172025/hdl_prj_v2/hdlsrc/spec_avg_CRD/CordicKernelMag_block3.vhd:33]
INFO: [Synth 8-256] done synthesizing module 'CordicKernelMag_block3' (0#1) [C:/Users/caleb/Documents/GitHub/SES-598-Fall-2025/DISTEL_HW12_11172025/hdl_prj_v2/hdlsrc/spec_avg_CRD/CordicKernelMag_block3.vhd:33]
INFO: [Synth 8-3491] module 'CordicKernelMag_block4' declared at 'C:/Users/caleb/Documents/GitHub/SES-598-Fall-2025/DISTEL_HW12_11172025/hdl_prj_v2/hdlsrc/spec_avg_CRD/CordicKernelMag_block4.vhd:23' bound to instance 'u_Iteration5' of component 'CordicKernelMag_block4' [C:/Users/caleb/Documents/GitHub/SES-598-Fall-2025/DISTEL_HW12_11172025/hdl_prj_v2/hdlsrc/spec_avg_CRD/Digital_Spectrometer.vhd:624]
INFO: [Synth 8-638] synthesizing module 'CordicKernelMag_block4' [C:/Users/caleb/Documents/GitHub/SES-598-Fall-2025/DISTEL_HW12_11172025/hdl_prj_v2/hdlsrc/spec_avg_CRD/CordicKernelMag_block4.vhd:33]
INFO: [Synth 8-256] done synthesizing module 'CordicKernelMag_block4' (0#1) [C:/Users/caleb/Documents/GitHub/SES-598-Fall-2025/DISTEL_HW12_11172025/hdl_prj_v2/hdlsrc/spec_avg_CRD/CordicKernelMag_block4.vhd:33]
INFO: [Synth 8-3491] module 'CordicKernelMag_block5' declared at 'C:/Users/caleb/Documents/GitHub/SES-598-Fall-2025/DISTEL_HW12_11172025/hdl_prj_v2/hdlsrc/spec_avg_CRD/CordicKernelMag_block5.vhd:23' bound to instance 'u_Iteration6' of component 'CordicKernelMag_block5' [C:/Users/caleb/Documents/GitHub/SES-598-Fall-2025/DISTEL_HW12_11172025/hdl_prj_v2/hdlsrc/spec_avg_CRD/Digital_Spectrometer.vhd:632]
INFO: [Synth 8-638] synthesizing module 'CordicKernelMag_block5' [C:/Users/caleb/Documents/GitHub/SES-598-Fall-2025/DISTEL_HW12_11172025/hdl_prj_v2/hdlsrc/spec_avg_CRD/CordicKernelMag_block5.vhd:33]
INFO: [Synth 8-256] done synthesizing module 'CordicKernelMag_block5' (0#1) [C:/Users/caleb/Documents/GitHub/SES-598-Fall-2025/DISTEL_HW12_11172025/hdl_prj_v2/hdlsrc/spec_avg_CRD/CordicKernelMag_block5.vhd:33]
INFO: [Synth 8-3491] module 'CordicKernelMag_block6' declared at 'C:/Users/caleb/Documents/GitHub/SES-598-Fall-2025/DISTEL_HW12_11172025/hdl_prj_v2/hdlsrc/spec_avg_CRD/CordicKernelMag_block6.vhd:23' bound to instance 'u_Iteration7' of component 'CordicKernelMag_block6' [C:/Users/caleb/Documents/GitHub/SES-598-Fall-2025/DISTEL_HW12_11172025/hdl_prj_v2/hdlsrc/spec_avg_CRD/Digital_Spectrometer.vhd:640]
INFO: [Synth 8-638] synthesizing module 'CordicKernelMag_block6' [C:/Users/caleb/Documents/GitHub/SES-598-Fall-2025/DISTEL_HW12_11172025/hdl_prj_v2/hdlsrc/spec_avg_CRD/CordicKernelMag_block6.vhd:33]
INFO: [Synth 8-256] done synthesizing module 'CordicKernelMag_block6' (0#1) [C:/Users/caleb/Documents/GitHub/SES-598-Fall-2025/DISTEL_HW12_11172025/hdl_prj_v2/hdlsrc/spec_avg_CRD/CordicKernelMag_block6.vhd:33]
INFO: [Synth 8-3491] module 'CordicKernelMag_block7' declared at 'C:/Users/caleb/Documents/GitHub/SES-598-Fall-2025/DISTEL_HW12_11172025/hdl_prj_v2/hdlsrc/spec_avg_CRD/CordicKernelMag_block7.vhd:23' bound to instance 'u_Iteration8' of component 'CordicKernelMag_block7' [C:/Users/caleb/Documents/GitHub/SES-598-Fall-2025/DISTEL_HW12_11172025/hdl_prj_v2/hdlsrc/spec_avg_CRD/Digital_Spectrometer.vhd:648]
INFO: [Synth 8-638] synthesizing module 'CordicKernelMag_block7' [C:/Users/caleb/Documents/GitHub/SES-598-Fall-2025/DISTEL_HW12_11172025/hdl_prj_v2/hdlsrc/spec_avg_CRD/CordicKernelMag_block7.vhd:33]
INFO: [Synth 8-256] done synthesizing module 'CordicKernelMag_block7' (0#1) [C:/Users/caleb/Documents/GitHub/SES-598-Fall-2025/DISTEL_HW12_11172025/hdl_prj_v2/hdlsrc/spec_avg_CRD/CordicKernelMag_block7.vhd:33]
INFO: [Synth 8-3491] module 'CordicKernelMag_block8' declared at 'C:/Users/caleb/Documents/GitHub/SES-598-Fall-2025/DISTEL_HW12_11172025/hdl_prj_v2/hdlsrc/spec_avg_CRD/CordicKernelMag_block8.vhd:23' bound to instance 'u_Iteration9' of component 'CordicKernelMag_block8' [C:/Users/caleb/Documents/GitHub/SES-598-Fall-2025/DISTEL_HW12_11172025/hdl_prj_v2/hdlsrc/spec_avg_CRD/Digital_Spectrometer.vhd:656]
INFO: [Synth 8-638] synthesizing module 'CordicKernelMag_block8' [C:/Users/caleb/Documents/GitHub/SES-598-Fall-2025/DISTEL_HW12_11172025/hdl_prj_v2/hdlsrc/spec_avg_CRD/CordicKernelMag_block8.vhd:33]
INFO: [Synth 8-256] done synthesizing module 'CordicKernelMag_block8' (0#1) [C:/Users/caleb/Documents/GitHub/SES-598-Fall-2025/DISTEL_HW12_11172025/hdl_prj_v2/hdlsrc/spec_avg_CRD/CordicKernelMag_block8.vhd:33]
INFO: [Synth 8-3491] module 'CordicKernelMag_block9' declared at 'C:/Users/caleb/Documents/GitHub/SES-598-Fall-2025/DISTEL_HW12_11172025/hdl_prj_v2/hdlsrc/spec_avg_CRD/CordicKernelMag_block9.vhd:23' bound to instance 'u_Iteration10' of component 'CordicKernelMag_block9' [C:/Users/caleb/Documents/GitHub/SES-598-Fall-2025/DISTEL_HW12_11172025/hdl_prj_v2/hdlsrc/spec_avg_CRD/Digital_Spectrometer.vhd:664]
INFO: [Synth 8-638] synthesizing module 'CordicKernelMag_block9' [C:/Users/caleb/Documents/GitHub/SES-598-Fall-2025/DISTEL_HW12_11172025/hdl_prj_v2/hdlsrc/spec_avg_CRD/CordicKernelMag_block9.vhd:33]
INFO: [Synth 8-256] done synthesizing module 'CordicKernelMag_block9' (0#1) [C:/Users/caleb/Documents/GitHub/SES-598-Fall-2025/DISTEL_HW12_11172025/hdl_prj_v2/hdlsrc/spec_avg_CRD/CordicKernelMag_block9.vhd:33]
INFO: [Synth 8-3491] module 'CordicKernelMag_block10' declared at 'C:/Users/caleb/Documents/GitHub/SES-598-Fall-2025/DISTEL_HW12_11172025/hdl_prj_v2/hdlsrc/spec_avg_CRD/CordicKernelMag_block10.vhd:23' bound to instance 'u_Iteration11' of component 'CordicKernelMag_block10' [C:/Users/caleb/Documents/GitHub/SES-598-Fall-2025/DISTEL_HW12_11172025/hdl_prj_v2/hdlsrc/spec_avg_CRD/Digital_Spectrometer.vhd:672]
INFO: [Synth 8-638] synthesizing module 'CordicKernelMag_block10' [C:/Users/caleb/Documents/GitHub/SES-598-Fall-2025/DISTEL_HW12_11172025/hdl_prj_v2/hdlsrc/spec_avg_CRD/CordicKernelMag_block10.vhd:33]
INFO: [Synth 8-256] done synthesizing module 'CordicKernelMag_block10' (0#1) [C:/Users/caleb/Documents/GitHub/SES-598-Fall-2025/DISTEL_HW12_11172025/hdl_prj_v2/hdlsrc/spec_avg_CRD/CordicKernelMag_block10.vhd:33]
INFO: [Synth 8-3491] module 'CordicKernelMag_block11' declared at 'C:/Users/caleb/Documents/GitHub/SES-598-Fall-2025/DISTEL_HW12_11172025/hdl_prj_v2/hdlsrc/spec_avg_CRD/CordicKernelMag_block11.vhd:23' bound to instance 'u_Iteration12' of component 'CordicKernelMag_block11' [C:/Users/caleb/Documents/GitHub/SES-598-Fall-2025/DISTEL_HW12_11172025/hdl_prj_v2/hdlsrc/spec_avg_CRD/Digital_Spectrometer.vhd:680]
INFO: [Common 17-14] Message 'Synth 8-3491' appears 100 times and further instances of the messages will be disabled. Use the Tcl command set_msg_config to change the current settings.
INFO: [Synth 8-638] synthesizing module 'CordicKernelMag_block11' [C:/Users/caleb/Documents/GitHub/SES-598-Fall-2025/DISTEL_HW12_11172025/hdl_prj_v2/hdlsrc/spec_avg_CRD/CordicKernelMag_block11.vhd:33]
INFO: [Synth 8-256] done synthesizing module 'CordicKernelMag_block11' (0#1) [C:/Users/caleb/Documents/GitHub/SES-598-Fall-2025/DISTEL_HW12_11172025/hdl_prj_v2/hdlsrc/spec_avg_CRD/CordicKernelMag_block11.vhd:33]
INFO: [Synth 8-638] synthesizing module 'CordicKernelMag_block12' [C:/Users/caleb/Documents/GitHub/SES-598-Fall-2025/DISTEL_HW12_11172025/hdl_prj_v2/hdlsrc/spec_avg_CRD/CordicKernelMag_block12.vhd:33]
INFO: [Synth 8-256] done synthesizing module 'CordicKernelMag_block12' (0#1) [C:/Users/caleb/Documents/GitHub/SES-598-Fall-2025/DISTEL_HW12_11172025/hdl_prj_v2/hdlsrc/spec_avg_CRD/CordicKernelMag_block12.vhd:33]
INFO: [Synth 8-638] synthesizing module 'CordicKernelMag_block13' [C:/Users/caleb/Documents/GitHub/SES-598-Fall-2025/DISTEL_HW12_11172025/hdl_prj_v2/hdlsrc/spec_avg_CRD/CordicKernelMag_block13.vhd:33]
INFO: [Synth 8-256] done synthesizing module 'CordicKernelMag_block13' (0#1) [C:/Users/caleb/Documents/GitHub/SES-598-Fall-2025/DISTEL_HW12_11172025/hdl_prj_v2/hdlsrc/spec_avg_CRD/CordicKernelMag_block13.vhd:33]
INFO: [Synth 8-638] synthesizing module 'CordicKernelMag_block14' [C:/Users/caleb/Documents/GitHub/SES-598-Fall-2025/DISTEL_HW12_11172025/hdl_prj_v2/hdlsrc/spec_avg_CRD/CordicKernelMag_block14.vhd:33]
INFO: [Synth 8-256] done synthesizing module 'CordicKernelMag_block14' (0#1) [C:/Users/caleb/Documents/GitHub/SES-598-Fall-2025/DISTEL_HW12_11172025/hdl_prj_v2/hdlsrc/spec_avg_CRD/CordicKernelMag_block14.vhd:33]
INFO: [Synth 8-638] synthesizing module 'CordicKernelMag_block15' [C:/Users/caleb/Documents/GitHub/SES-598-Fall-2025/DISTEL_HW12_11172025/hdl_prj_v2/hdlsrc/spec_avg_CRD/CordicKernelMag_block15.vhd:33]
INFO: [Synth 8-256] done synthesizing module 'CordicKernelMag_block15' (0#1) [C:/Users/caleb/Documents/GitHub/SES-598-Fall-2025/DISTEL_HW12_11172025/hdl_prj_v2/hdlsrc/spec_avg_CRD/CordicKernelMag_block15.vhd:33]
INFO: [Synth 8-638] synthesizing module 'CordicKernelMag_block16' [C:/Users/caleb/Documents/GitHub/SES-598-Fall-2025/DISTEL_HW12_11172025/hdl_prj_v2/hdlsrc/spec_avg_CRD/CordicKernelMag_block16.vhd:33]
INFO: [Synth 8-256] done synthesizing module 'CordicKernelMag_block16' (0#1) [C:/Users/caleb/Documents/GitHub/SES-598-Fall-2025/DISTEL_HW12_11172025/hdl_prj_v2/hdlsrc/spec_avg_CRD/CordicKernelMag_block16.vhd:33]
INFO: [Synth 8-638] synthesizing module 'CordicKernelMag_block17' [C:/Users/caleb/Documents/GitHub/SES-598-Fall-2025/DISTEL_HW12_11172025/hdl_prj_v2/hdlsrc/spec_avg_CRD/CordicKernelMag_block17.vhd:33]
INFO: [Synth 8-256] done synthesizing module 'CordicKernelMag_block17' (0#1) [C:/Users/caleb/Documents/GitHub/SES-598-Fall-2025/DISTEL_HW12_11172025/hdl_prj_v2/hdlsrc/spec_avg_CRD/CordicKernelMag_block17.vhd:33]
INFO: [Synth 8-638] synthesizing module 'CordicKernelMag_block18' [C:/Users/caleb/Documents/GitHub/SES-598-Fall-2025/DISTEL_HW12_11172025/hdl_prj_v2/hdlsrc/spec_avg_CRD/CordicKernelMag_block18.vhd:33]
INFO: [Synth 8-256] done synthesizing module 'CordicKernelMag_block18' (0#1) [C:/Users/caleb/Documents/GitHub/SES-598-Fall-2025/DISTEL_HW12_11172025/hdl_prj_v2/hdlsrc/spec_avg_CRD/CordicKernelMag_block18.vhd:33]
INFO: [Synth 8-638] synthesizing module 'CordicKernelMag_block19' [C:/Users/caleb/Documents/GitHub/SES-598-Fall-2025/DISTEL_HW12_11172025/hdl_prj_v2/hdlsrc/spec_avg_CRD/CordicKernelMag_block19.vhd:33]
INFO: [Synth 8-256] done synthesizing module 'CordicKernelMag_block19' (0#1) [C:/Users/caleb/Documents/GitHub/SES-598-Fall-2025/DISTEL_HW12_11172025/hdl_prj_v2/hdlsrc/spec_avg_CRD/CordicKernelMag_block19.vhd:33]
INFO: [Synth 8-638] synthesizing module 'CordicKernelMag_block20' [C:/Users/caleb/Documents/GitHub/SES-598-Fall-2025/DISTEL_HW12_11172025/hdl_prj_v2/hdlsrc/spec_avg_CRD/CordicKernelMag_block20.vhd:33]
INFO: [Synth 8-256] done synthesizing module 'CordicKernelMag_block20' (0#1) [C:/Users/caleb/Documents/GitHub/SES-598-Fall-2025/DISTEL_HW12_11172025/hdl_prj_v2/hdlsrc/spec_avg_CRD/CordicKernelMag_block20.vhd:33]
INFO: [Synth 8-638] synthesizing module 'CordicKernelMag_block21' [C:/Users/caleb/Documents/GitHub/SES-598-Fall-2025/DISTEL_HW12_11172025/hdl_prj_v2/hdlsrc/spec_avg_CRD/CordicKernelMag_block21.vhd:33]
INFO: [Synth 8-256] done synthesizing module 'CordicKernelMag_block21' (0#1) [C:/Users/caleb/Documents/GitHub/SES-598-Fall-2025/DISTEL_HW12_11172025/hdl_prj_v2/hdlsrc/spec_avg_CRD/CordicKernelMag_block21.vhd:33]
INFO: [Synth 8-638] synthesizing module 'CordicKernelMag_block22' [C:/Users/caleb/Documents/GitHub/SES-598-Fall-2025/DISTEL_HW12_11172025/hdl_prj_v2/hdlsrc/spec_avg_CRD/CordicKernelMag_block22.vhd:32]
INFO: [Synth 8-256] done synthesizing module 'CordicKernelMag_block22' (0#1) [C:/Users/caleb/Documents/GitHub/SES-598-Fall-2025/DISTEL_HW12_11172025/hdl_prj_v2/hdlsrc/spec_avg_CRD/CordicKernelMag_block22.vhd:32]
INFO: [Synth 8-638] synthesizing module 'Spectral_Averager' [C:/Users/caleb/Documents/GitHub/SES-598-Fall-2025/DISTEL_HW12_11172025/hdl_prj_v2/hdlsrc/spec_avg_CRD/Spectral_Averager.vhd:36]
	Parameter AddrWidth bound to: 14 - type: integer 
	Parameter DataWidth bound to: 26 - type: integer 
INFO: [Synth 8-638] synthesizing module 'SimpleDualPortRAM_generic__parameterized32' [C:/Users/caleb/Documents/GitHub/SES-598-Fall-2025/DISTEL_HW12_11172025/hdl_prj_v2/hdlsrc/spec_avg_CRD/SimpleDualPortRAM_generic.vhd:38]
	Parameter AddrWidth bound to: 14 - type: integer 
	Parameter DataWidth bound to: 26 - type: integer 
INFO: [Synth 8-256] done synthesizing module 'SimpleDualPortRAM_generic__parameterized32' (0#1) [C:/Users/caleb/Documents/GitHub/SES-598-Fall-2025/DISTEL_HW12_11172025/hdl_prj_v2/hdlsrc/spec_avg_CRD/SimpleDualPortRAM_generic.vhd:38]
INFO: [Synth 8-256] done synthesizing module 'Spectral_Averager' (0#1) [C:/Users/caleb/Documents/GitHub/SES-598-Fall-2025/DISTEL_HW12_11172025/hdl_prj_v2/hdlsrc/spec_avg_CRD/Spectral_Averager.vhd:36]
INFO: [Synth 8-256] done synthesizing module 'Digital_Spectrometer' (0#1) [C:/Users/caleb/Documents/GitHub/SES-598-Fall-2025/DISTEL_HW12_11172025/hdl_prj_v2/hdlsrc/spec_avg_CRD/Digital_Spectrometer.vhd:37]
INFO: [Synth 8-256] done synthesizing module 'Digital_Spectrometer_from_Chirp_DDC' (0#1) [C:/Users/caleb/Documents/GitHub/SES-598-Fall-2025/DISTEL_HW12_11172025/hdl_prj_v2/hdlsrc/spec_avg_CRD/Digital_Spectrometer_from_Chirp_DDC.vhd:59]
WARNING: [Synth 8-6014] Unused sequential element Delay14_out1_reg was removed.  [C:/Users/caleb/Documents/GitHub/SES-598-Fall-2025/DISTEL_HW12_11172025/hdl_prj_v2/hdlsrc/spec_avg_CRD/LPF.vhd:352]
WARNING: [Synth 8-6014] Unused sequential element SDFController_multjState_reg was removed.  [C:/Users/caleb/Documents/GitHub/SES-598-Fall-2025/DISTEL_HW12_11172025/hdl_prj_v2/hdlsrc/spec_avg_CRD/RADIX22FFT_CTRL1_1.vhd:65]
WARNING: [Synth 8-6014] Unused sequential element SDFController_multiply_J_reg_reg was removed.  [C:/Users/caleb/Documents/GitHub/SES-598-Fall-2025/DISTEL_HW12_11172025/hdl_prj_v2/hdlsrc/spec_avg_CRD/RADIX22FFT_CTRL1_1.vhd:67]
WARNING: [Synth 8-6014] Unused sequential element SDFCummutator_wrData_im_reg_reg was removed.  [C:/Users/caleb/Documents/GitHub/SES-598-Fall-2025/DISTEL_HW12_11172025/hdl_prj_v2/hdlsrc/spec_avg_CRD/SDFCommutator1.vhd:192]
WARNING: [Synth 8-6014] Unused sequential element Radix22TwdlMapping_dvldReg1_reg was removed.  [C:/Users/caleb/Documents/GitHub/SES-598-Fall-2025/DISTEL_HW12_11172025/hdl_prj_v2/hdlsrc/spec_avg_CRD/TWDLROM_3_1.vhd:112]
WARNING: [Synth 8-6014] Unused sequential element Radix22TwdlMapping_dvldReg2_reg was removed.  [C:/Users/caleb/Documents/GitHub/SES-598-Fall-2025/DISTEL_HW12_11172025/hdl_prj_v2/hdlsrc/spec_avg_CRD/TWDLROM_3_1.vhd:113]
WARNING: [Synth 8-6014] Unused sequential element SDFController_multjState_reg was removed.  [C:/Users/caleb/Documents/GitHub/SES-598-Fall-2025/DISTEL_HW12_11172025/hdl_prj_v2/hdlsrc/spec_avg_CRD/RADIX22FFT_CTRL1_3.vhd:65]
WARNING: [Synth 8-6014] Unused sequential element SDFController_multiply_J_reg_reg was removed.  [C:/Users/caleb/Documents/GitHub/SES-598-Fall-2025/DISTEL_HW12_11172025/hdl_prj_v2/hdlsrc/spec_avg_CRD/RADIX22FFT_CTRL1_3.vhd:67]
WARNING: [Synth 8-6014] Unused sequential element Radix22TwdlMapping_dvldReg1_reg was removed.  [C:/Users/caleb/Documents/GitHub/SES-598-Fall-2025/DISTEL_HW12_11172025/hdl_prj_v2/hdlsrc/spec_avg_CRD/TWDLROM_5_1.vhd:112]
WARNING: [Synth 8-6014] Unused sequential element Radix22TwdlMapping_dvldReg2_reg was removed.  [C:/Users/caleb/Documents/GitHub/SES-598-Fall-2025/DISTEL_HW12_11172025/hdl_prj_v2/hdlsrc/spec_avg_CRD/TWDLROM_5_1.vhd:113]
WARNING: [Synth 8-6014] Unused sequential element SDFController_multjState_reg was removed.  [C:/Users/caleb/Documents/GitHub/SES-598-Fall-2025/DISTEL_HW12_11172025/hdl_prj_v2/hdlsrc/spec_avg_CRD/RADIX22FFT_CTRL1_5.vhd:65]
WARNING: [Synth 8-6014] Unused sequential element SDFController_multiply_J_reg_reg was removed.  [C:/Users/caleb/Documents/GitHub/SES-598-Fall-2025/DISTEL_HW12_11172025/hdl_prj_v2/hdlsrc/spec_avg_CRD/RADIX22FFT_CTRL1_5.vhd:67]
WARNING: [Synth 8-6014] Unused sequential element Radix22TwdlMapping_dvldReg1_reg was removed.  [C:/Users/caleb/Documents/GitHub/SES-598-Fall-2025/DISTEL_HW12_11172025/hdl_prj_v2/hdlsrc/spec_avg_CRD/TWDLROM_7_1.vhd:112]
WARNING: [Synth 8-6014] Unused sequential element Radix22TwdlMapping_dvldReg2_reg was removed.  [C:/Users/caleb/Documents/GitHub/SES-598-Fall-2025/DISTEL_HW12_11172025/hdl_prj_v2/hdlsrc/spec_avg_CRD/TWDLROM_7_1.vhd:113]
WARNING: [Synth 8-6014] Unused sequential element SDFController_multjState_reg was removed.  [C:/Users/caleb/Documents/GitHub/SES-598-Fall-2025/DISTEL_HW12_11172025/hdl_prj_v2/hdlsrc/spec_avg_CRD/RADIX22FFT_CTRL1_7.vhd:65]
WARNING: [Synth 8-6014] Unused sequential element SDFController_multiply_J_reg_reg was removed.  [C:/Users/caleb/Documents/GitHub/SES-598-Fall-2025/DISTEL_HW12_11172025/hdl_prj_v2/hdlsrc/spec_avg_CRD/RADIX22FFT_CTRL1_7.vhd:67]
WARNING: [Synth 8-6014] Unused sequential element Radix22TwdlMapping_dvldReg1_reg was removed.  [C:/Users/caleb/Documents/GitHub/SES-598-Fall-2025/DISTEL_HW12_11172025/hdl_prj_v2/hdlsrc/spec_avg_CRD/TWDLROM_9_1.vhd:112]
WARNING: [Synth 8-6014] Unused sequential element Radix22TwdlMapping_dvldReg2_reg was removed.  [C:/Users/caleb/Documents/GitHub/SES-598-Fall-2025/DISTEL_HW12_11172025/hdl_prj_v2/hdlsrc/spec_avg_CRD/TWDLROM_9_1.vhd:113]
WARNING: [Synth 8-6014] Unused sequential element SDFController_multjState_reg was removed.  [C:/Users/caleb/Documents/GitHub/SES-598-Fall-2025/DISTEL_HW12_11172025/hdl_prj_v2/hdlsrc/spec_avg_CRD/RADIX22FFT_CTRL1_1_block.vhd:57]
WARNING: [Synth 8-6014] Unused sequential element rdStateMachineBitNatural_startOutReg_reg was removed.  [C:/Users/caleb/Documents/GitHub/SES-598-Fall-2025/DISTEL_HW12_11172025/hdl_prj_v2/hdlsrc/spec_avg_CRD/RADIX2FFT_bitNatural.vhd:209]
WARNING: [Synth 8-6014] Unused sequential element rdStateMachineBitNatural_endOutReg1_reg was removed.  [C:/Users/caleb/Documents/GitHub/SES-598-Fall-2025/DISTEL_HW12_11172025/hdl_prj_v2/hdlsrc/spec_avg_CRD/RADIX2FFT_bitNatural.vhd:210]
WARNING: [Synth 8-6014] Unused sequential element rdStateMachineBitNatural_endOutReg2_reg was removed.  [C:/Users/caleb/Documents/GitHub/SES-598-Fall-2025/DISTEL_HW12_11172025/hdl_prj_v2/hdlsrc/spec_avg_CRD/RADIX2FFT_bitNatural.vhd:211]
WARNING: [Synth 8-3936] Found unconnected internal register 'abs1_y_reg' and it is trimmed from '27' to '26' bits. [C:/Users/caleb/Documents/GitHub/SES-598-Fall-2025/DISTEL_HW12_11172025/hdl_prj_v2/hdlsrc/spec_avg_CRD/Quadrant_Mapper.vhd:57]
WARNING: [Synth 8-3936] Found unconnected internal register 'abs_rsvd_y_reg' and it is trimmed from '27' to '26' bits. [C:/Users/caleb/Documents/GitHub/SES-598-Fall-2025/DISTEL_HW12_11172025/hdl_prj_v2/hdlsrc/spec_avg_CRD/Quadrant_Mapper.vhd:77]
WARNING: [Synth 8-7129] Port din_9_vld_dly in module SDFCommutator9 is either unconnected or has no load
WARNING: [Synth 8-7129] Port xf_re[24] in module SDFCommutator9 is either unconnected or has no load
WARNING: [Synth 8-7129] Port xf_re[23] in module SDFCommutator9 is either unconnected or has no load
WARNING: [Synth 8-7129] Port xf_re[22] in module SDFCommutator9 is either unconnected or has no load
WARNING: [Synth 8-7129] Port xf_re[21] in module SDFCommutator9 is either unconnected or has no load
WARNING: [Synth 8-7129] Port xf_re[20] in module SDFCommutator9 is either unconnected or has no load
WARNING: [Synth 8-7129] Port xf_re[19] in module SDFCommutator9 is either unconnected or has no load
WARNING: [Synth 8-7129] Port xf_re[18] in module SDFCommutator9 is either unconnected or has no load
WARNING: [Synth 8-7129] Port xf_re[17] in module SDFCommutator9 is either unconnected or has no load
WARNING: [Synth 8-7129] Port xf_re[16] in module SDFCommutator9 is either unconnected or has no load
WARNING: [Synth 8-7129] Port xf_re[15] in module SDFCommutator9 is either unconnected or has no load
WARNING: [Synth 8-7129] Port xf_re[14] in module SDFCommutator9 is either unconnected or has no load
WARNING: [Synth 8-7129] Port xf_re[13] in module SDFCommutator9 is either unconnected or has no load
WARNING: [Synth 8-7129] Port xf_re[12] in module SDFCommutator9 is either unconnected or has no load
WARNING: [Synth 8-7129] Port xf_re[11] in module SDFCommutator9 is either unconnected or has no load
WARNING: [Synth 8-7129] Port xf_re[10] in module SDFCommutator9 is either unconnected or has no load
WARNING: [Synth 8-7129] Port xf_re[9] in module SDFCommutator9 is either unconnected or has no load
WARNING: [Synth 8-7129] Port xf_re[8] in module SDFCommutator9 is either unconnected or has no load
WARNING: [Synth 8-7129] Port xf_re[7] in module SDFCommutator9 is either unconnected or has no load
WARNING: [Synth 8-7129] Port xf_re[6] in module SDFCommutator9 is either unconnected or has no load
WARNING: [Synth 8-7129] Port xf_re[5] in module SDFCommutator9 is either unconnected or has no load
WARNING: [Synth 8-7129] Port xf_re[4] in module SDFCommutator9 is either unconnected or has no load
WARNING: [Synth 8-7129] Port xf_re[3] in module SDFCommutator9 is either unconnected or has no load
WARNING: [Synth 8-7129] Port xf_re[2] in module SDFCommutator9 is either unconnected or has no load
WARNING: [Synth 8-7129] Port xf_re[1] in module SDFCommutator9 is either unconnected or has no load
WARNING: [Synth 8-7129] Port xf_re[0] in module SDFCommutator9 is either unconnected or has no load
WARNING: [Synth 8-7129] Port xf_im[24] in module SDFCommutator9 is either unconnected or has no load
WARNING: [Synth 8-7129] Port xf_im[23] in module SDFCommutator9 is either unconnected or has no load
WARNING: [Synth 8-7129] Port xf_im[22] in module SDFCommutator9 is either unconnected or has no load
WARNING: [Synth 8-7129] Port xf_im[21] in module SDFCommutator9 is either unconnected or has no load
WARNING: [Synth 8-7129] Port xf_im[20] in module SDFCommutator9 is either unconnected or has no load
WARNING: [Synth 8-7129] Port xf_im[19] in module SDFCommutator9 is either unconnected or has no load
WARNING: [Synth 8-7129] Port xf_im[18] in module SDFCommutator9 is either unconnected or has no load
WARNING: [Synth 8-7129] Port xf_im[17] in module SDFCommutator9 is either unconnected or has no load
WARNING: [Synth 8-7129] Port xf_im[16] in module SDFCommutator9 is either unconnected or has no load
WARNING: [Synth 8-7129] Port xf_im[15] in module SDFCommutator9 is either unconnected or has no load
WARNING: [Synth 8-7129] Port xf_im[14] in module SDFCommutator9 is either unconnected or has no load
WARNING: [Synth 8-7129] Port xf_im[13] in module SDFCommutator9 is either unconnected or has no load
WARNING: [Synth 8-7129] Port xf_im[12] in module SDFCommutator9 is either unconnected or has no load
WARNING: [Synth 8-7129] Port xf_im[11] in module SDFCommutator9 is either unconnected or has no load
WARNING: [Synth 8-7129] Port xf_im[10] in module SDFCommutator9 is either unconnected or has no load
WARNING: [Synth 8-7129] Port xf_im[9] in module SDFCommutator9 is either unconnected or has no load
WARNING: [Synth 8-7129] Port xf_im[8] in module SDFCommutator9 is either unconnected or has no load
WARNING: [Synth 8-7129] Port xf_im[7] in module SDFCommutator9 is either unconnected or has no load
WARNING: [Synth 8-7129] Port xf_im[6] in module SDFCommutator9 is either unconnected or has no load
WARNING: [Synth 8-7129] Port xf_im[5] in module SDFCommutator9 is either unconnected or has no load
WARNING: [Synth 8-7129] Port xf_im[4] in module SDFCommutator9 is either unconnected or has no load
WARNING: [Synth 8-7129] Port xf_im[3] in module SDFCommutator9 is either unconnected or has no load
WARNING: [Synth 8-7129] Port xf_im[2] in module SDFCommutator9 is either unconnected or has no load
WARNING: [Synth 8-7129] Port xf_im[1] in module SDFCommutator9 is either unconnected or has no load
WARNING: [Synth 8-7129] Port xf_im[0] in module SDFCommutator9 is either unconnected or has no load
WARNING: [Synth 8-7129] Port xf_vld in module SDFCommutator9 is either unconnected or has no load
WARNING: [Synth 8-7129] Port xf_re[23] in module SDFCommutator8 is either unconnected or has no load
WARNING: [Synth 8-7129] Port xf_re[22] in module SDFCommutator8 is either unconnected or has no load
WARNING: [Synth 8-7129] Port xf_re[21] in module SDFCommutator8 is either unconnected or has no load
WARNING: [Synth 8-7129] Port xf_re[20] in module SDFCommutator8 is either unconnected or has no load
WARNING: [Synth 8-7129] Port xf_re[19] in module SDFCommutator8 is either unconnected or has no load
WARNING: [Synth 8-7129] Port xf_re[18] in module SDFCommutator8 is either unconnected or has no load
WARNING: [Synth 8-7129] Port xf_re[17] in module SDFCommutator8 is either unconnected or has no load
WARNING: [Synth 8-7129] Port xf_re[16] in module SDFCommutator8 is either unconnected or has no load
WARNING: [Synth 8-7129] Port xf_re[15] in module SDFCommutator8 is either unconnected or has no load
WARNING: [Synth 8-7129] Port xf_re[14] in module SDFCommutator8 is either unconnected or has no load
WARNING: [Synth 8-7129] Port xf_re[13] in module SDFCommutator8 is either unconnected or has no load
WARNING: [Synth 8-7129] Port xf_re[12] in module SDFCommutator8 is either unconnected or has no load
WARNING: [Synth 8-7129] Port xf_re[11] in module SDFCommutator8 is either unconnected or has no load
WARNING: [Synth 8-7129] Port xf_re[10] in module SDFCommutator8 is either unconnected or has no load
WARNING: [Synth 8-7129] Port xf_re[9] in module SDFCommutator8 is either unconnected or has no load
WARNING: [Synth 8-7129] Port xf_re[8] in module SDFCommutator8 is either unconnected or has no load
WARNING: [Synth 8-7129] Port xf_re[7] in module SDFCommutator8 is either unconnected or has no load
WARNING: [Synth 8-7129] Port xf_re[6] in module SDFCommutator8 is either unconnected or has no load
WARNING: [Synth 8-7129] Port xf_re[5] in module SDFCommutator8 is either unconnected or has no load
WARNING: [Synth 8-7129] Port xf_re[4] in module SDFCommutator8 is either unconnected or has no load
WARNING: [Synth 8-7129] Port xf_re[3] in module SDFCommutator8 is either unconnected or has no load
WARNING: [Synth 8-7129] Port xf_re[2] in module SDFCommutator8 is either unconnected or has no load
WARNING: [Synth 8-7129] Port xf_re[1] in module SDFCommutator8 is either unconnected or has no load
WARNING: [Synth 8-7129] Port xf_re[0] in module SDFCommutator8 is either unconnected or has no load
WARNING: [Synth 8-7129] Port xf_im[23] in module SDFCommutator8 is either unconnected or has no load
WARNING: [Synth 8-7129] Port xf_im[22] in module SDFCommutator8 is either unconnected or has no load
WARNING: [Synth 8-7129] Port xf_im[21] in module SDFCommutator8 is either unconnected or has no load
WARNING: [Synth 8-7129] Port xf_im[20] in module SDFCommutator8 is either unconnected or has no load
WARNING: [Synth 8-7129] Port xf_im[19] in module SDFCommutator8 is either unconnected or has no load
WARNING: [Synth 8-7129] Port xf_im[18] in module SDFCommutator8 is either unconnected or has no load
WARNING: [Synth 8-7129] Port xf_im[17] in module SDFCommutator8 is either unconnected or has no load
WARNING: [Synth 8-7129] Port xf_im[16] in module SDFCommutator8 is either unconnected or has no load
WARNING: [Synth 8-7129] Port xf_im[15] in module SDFCommutator8 is either unconnected or has no load
WARNING: [Synth 8-7129] Port xf_im[14] in module SDFCommutator8 is either unconnected or has no load
WARNING: [Synth 8-7129] Port xf_im[13] in module SDFCommutator8 is either unconnected or has no load
WARNING: [Synth 8-7129] Port xf_im[12] in module SDFCommutator8 is either unconnected or has no load
WARNING: [Synth 8-7129] Port xf_im[11] in module SDFCommutator8 is either unconnected or has no load
WARNING: [Synth 8-7129] Port xf_im[10] in module SDFCommutator8 is either unconnected or has no load
WARNING: [Synth 8-7129] Port xf_im[9] in module SDFCommutator8 is either unconnected or has no load
WARNING: [Synth 8-7129] Port xf_im[8] in module SDFCommutator8 is either unconnected or has no load
WARNING: [Synth 8-7129] Port xf_im[7] in module SDFCommutator8 is either unconnected or has no load
WARNING: [Synth 8-7129] Port xf_im[6] in module SDFCommutator8 is either unconnected or has no load
WARNING: [Synth 8-7129] Port xf_im[5] in module SDFCommutator8 is either unconnected or has no load
WARNING: [Synth 8-7129] Port xf_im[4] in module SDFCommutator8 is either unconnected or has no load
WARNING: [Synth 8-7129] Port xf_im[3] in module SDFCommutator8 is either unconnected or has no load
WARNING: [Synth 8-7129] Port xf_im[2] in module SDFCommutator8 is either unconnected or has no load
WARNING: [Synth 8-7129] Port xf_im[1] in module SDFCommutator8 is either unconnected or has no load
WARNING: [Synth 8-7129] Port xf_im[0] in module SDFCommutator8 is either unconnected or has no load
INFO: [Common 17-14] Message 'Synth 8-7129' appears 100 times and further instances of the messages will be disabled. Use the Tcl command set_msg_config to change the current settings.
---------------------------------------------------------------------------------
Finished RTL Elaboration : Time (s): cpu = 00:00:29 ; elapsed = 00:00:31 . Memory (MB): peak = 2066.785 ; gain = 1136.324
---------------------------------------------------------------------------------
---------------------------------------------------------------------------------
Start Handling Custom Attributes
---------------------------------------------------------------------------------
---------------------------------------------------------------------------------
Finished Handling Custom Attributes : Time (s): cpu = 00:00:31 ; elapsed = 00:00:32 . Memory (MB): peak = 2066.785 ; gain = 1136.324
---------------------------------------------------------------------------------
---------------------------------------------------------------------------------
Finished RTL Optimization Phase 1 : Time (s): cpu = 00:00:31 ; elapsed = 00:00:32 . Memory (MB): peak = 2066.785 ; gain = 1136.324
---------------------------------------------------------------------------------
Netlist sorting complete. Time (s): cpu = 00:00:02 ; elapsed = 00:00:03 . Memory (MB): peak = 2087.426 ; gain = 3.844
INFO: [Project 1-570] Preparing netlist for logic optimization

Processing XDC Constraints
Initializing timing engine
Parsing XDC File [C:/Users/caleb/Documents/GitHub/SES-598-Fall-2025/DISTEL_HW12_11172025/hdl_prj_v2/hdlsrc/spec_avg_CRD/clock_constraint.xdc]
Finished Parsing XDC File [C:/Users/caleb/Documents/GitHub/SES-598-Fall-2025/DISTEL_HW12_11172025/hdl_prj_v2/hdlsrc/spec_avg_CRD/clock_constraint.xdc]
Completed Processing XDC Constraints

Netlist sorting complete. Time (s): cpu = 00:00:00 ; elapsed = 00:00:00.057 . Memory (MB): peak = 2354.070 ; gain = 0.000
INFO: [Project 1-111] Unisim Transformation Summary:
No Unisim elements were transformed.

Constraint Validation Runtime : Time (s): cpu = 00:00:06 ; elapsed = 00:00:04 . Memory (MB): peak = 2638.168 ; gain = 284.098
---------------------------------------------------------------------------------
Finished Constraint Validation : Time (s): cpu = 00:01:13 ; elapsed = 00:01:14 . Memory (MB): peak = 2638.168 ; gain = 1707.707
---------------------------------------------------------------------------------
---------------------------------------------------------------------------------
Start Loading Part and Timing Information
---------------------------------------------------------------------------------
Loading part: xc7z020clg484-1
---------------------------------------------------------------------------------
Finished Loading Part and Timing Information : Time (s): cpu = 00:01:13 ; elapsed = 00:01:14 . Memory (MB): peak = 2638.168 ; gain = 1707.707
---------------------------------------------------------------------------------
---------------------------------------------------------------------------------
Start Applying 'set_property' XDC Constraints
---------------------------------------------------------------------------------
---------------------------------------------------------------------------------
Finished applying 'set_property' XDC Constraints : Time (s): cpu = 00:01:13 ; elapsed = 00:01:14 . Memory (MB): peak = 2638.168 ; gain = 1707.707
---------------------------------------------------------------------------------
INFO: [Synth 8-802] inferred FSM for state register 'SDFController_wrState_reg' in module 'RADIX22FFT_CTRL1_1'
INFO: [Synth 8-802] inferred FSM for state register 'SDFController_rdState_reg' in module 'RADIX22FFT_CTRL1_1'
INFO: [Synth 8-802] inferred FSM for state register 'SDFCummutator_wrState_reg' in module 'SDFCommutator1'
INFO: [Synth 8-802] inferred FSM for state register 'SDFCummutator_mem_btf_switch_reg' in module 'SDFCommutator1'
INFO: [Synth 8-802] inferred FSM for state register 'SDFCummutator_XState_reg' in module 'SDFCommutator1'
INFO: [Synth 8-802] inferred FSM for state register 'SDFController_wrState_reg' in module 'RADIX22FFT_CTRL1_2'
INFO: [Synth 8-802] inferred FSM for state register 'SDFController_rdState_reg' in module 'RADIX22FFT_CTRL1_2'
INFO: [Synth 8-802] inferred FSM for state register 'SDFCummutator_wrState_reg' in module 'SDFCommutator2'
INFO: [Synth 8-802] inferred FSM for state register 'SDFCummutator_mem_btf_switch_reg' in module 'SDFCommutator2'
INFO: [Synth 8-802] inferred FSM for state register 'SDFCummutator_XState_reg' in module 'SDFCommutator2'
INFO: [Synth 8-802] inferred FSM for state register 'SDFController_wrState_reg' in module 'RADIX22FFT_CTRL1_3'
INFO: [Synth 8-802] inferred FSM for state register 'SDFController_rdState_reg' in module 'RADIX22FFT_CTRL1_3'
INFO: [Synth 8-802] inferred FSM for state register 'SDFCummutator_wrState_reg' in module 'SDFCommutator3'
INFO: [Synth 8-802] inferred FSM for state register 'SDFCummutator_mem_btf_switch_reg' in module 'SDFCommutator3'
INFO: [Synth 8-802] inferred FSM for state register 'SDFCummutator_XState_reg' in module 'SDFCommutator3'
INFO: [Synth 8-802] inferred FSM for state register 'SDFController_wrState_reg' in module 'RADIX22FFT_CTRL1_4'
INFO: [Synth 8-802] inferred FSM for state register 'SDFController_rdState_reg' in module 'RADIX22FFT_CTRL1_4'
INFO: [Synth 8-802] inferred FSM for state register 'SDFCummutator_wrState_reg' in module 'SDFCommutator4'
INFO: [Synth 8-802] inferred FSM for state register 'SDFCummutator_mem_btf_switch_reg' in module 'SDFCommutator4'
INFO: [Synth 8-802] inferred FSM for state register 'SDFCummutator_XState_reg' in module 'SDFCommutator4'
INFO: [Synth 8-802] inferred FSM for state register 'SDFController_wrState_reg' in module 'RADIX22FFT_CTRL1_5'
INFO: [Synth 8-802] inferred FSM for state register 'SDFController_rdState_reg' in module 'RADIX22FFT_CTRL1_5'
INFO: [Synth 8-802] inferred FSM for state register 'SDFCummutator_wrState_reg' in module 'SDFCommutator5'
INFO: [Synth 8-802] inferred FSM for state register 'SDFCummutator_mem_btf_switch_reg' in module 'SDFCommutator5'
INFO: [Synth 8-802] inferred FSM for state register 'SDFCummutator_XState_reg' in module 'SDFCommutator5'
INFO: [Synth 8-802] inferred FSM for state register 'SDFController_wrState_reg' in module 'RADIX22FFT_CTRL1_6'
INFO: [Synth 8-802] inferred FSM for state register 'SDFController_rdState_reg' in module 'RADIX22FFT_CTRL1_6'
INFO: [Synth 8-802] inferred FSM for state register 'SDFCummutator_wrState_reg' in module 'SDFCommutator6'
INFO: [Synth 8-802] inferred FSM for state register 'SDFCummutator_XState_reg' in module 'SDFCommutator6'
INFO: [Synth 8-802] inferred FSM for state register 'SDFController_wrState_reg' in module 'RADIX22FFT_CTRL1_7'
INFO: [Synth 8-802] inferred FSM for state register 'SDFController_rdState_reg' in module 'RADIX22FFT_CTRL1_7'
INFO: [Synth 8-802] inferred FSM for state register 'SDFCummutator_wrState_reg' in module 'SDFCommutator7'
INFO: [Synth 8-802] inferred FSM for state register 'SDFCummutator_XState_reg' in module 'SDFCommutator7'
INFO: [Synth 8-802] inferred FSM for state register 'SDFController_wrState_reg' in module 'RADIX22FFT_CTRL1_8'
INFO: [Synth 8-802] inferred FSM for state register 'SDFController_rdState_reg' in module 'RADIX22FFT_CTRL1_8'
INFO: [Synth 8-802] inferred FSM for state register 'SDFCummutator_wrState_reg' in module 'SDFCommutator8'
INFO: [Synth 8-802] inferred FSM for state register 'SDFCummutator_XState_reg' in module 'SDFCommutator8'
INFO: [Synth 8-802] inferred FSM for state register 'SDFController_wrState_reg' in module 'RADIX22FFT_CTRL1_1_block'
INFO: [Synth 8-802] inferred FSM for state register 'SDFController_rdState_reg' in module 'RADIX22FFT_CTRL1_1_block'
INFO: [Synth 8-802] inferred FSM for state register 'SDFCummutator_wrState_reg' in module 'SDFCommutator9'
INFO: [Synth 8-802] inferred FSM for state register 'SDFCummutator_XState_reg' in module 'SDFCommutator9'
INFO: [Synth 8-802] inferred FSM for state register 'wrStateMachineBitNatural_wrState_reg' in module 'RADIX2FFT_bitNatural'
INFO: [Synth 8-802] inferred FSM for state register 'rdStateMachineBitNatural_rdState_reg' in module 'RADIX2FFT_bitNatural'
---------------------------------------------------------------------------------------------------
                   State |                     New Encoding |                Previous Encoding 
---------------------------------------------------------------------------------------------------
                  iSTATE |                               00 |                               00
                 iSTATE1 |                               01 |                               01
                 iSTATE0 |                               10 |                               10
---------------------------------------------------------------------------------------------------
INFO: [Synth 8-3354] encoded FSM with state register 'SDFController_wrState_reg' using encoding 'sequential' in module 'RADIX22FFT_CTRL1_1'
---------------------------------------------------------------------------------------------------
                   State |                     New Encoding |                Previous Encoding 
---------------------------------------------------------------------------------------------------
                 iSTATE0 |                               00 |                               00
                 iSTATE1 |                               01 |                               01
                  iSTATE |                               10 |                               10
---------------------------------------------------------------------------------------------------
INFO: [Synth 8-3354] encoded FSM with state register 'SDFController_rdState_reg' using encoding 'sequential' in module 'RADIX22FFT_CTRL1_1'
---------------------------------------------------------------------------------------------------
                   State |                     New Encoding |                Previous Encoding 
---------------------------------------------------------------------------------------------------
                 iSTATE0 |                              000 |                              000
                 iSTATE1 |                              001 |                              001
                 iSTATE2 |                              010 |                              100
                 iSTATE3 |                              011 |                              010
                  iSTATE |                              100 |                              011
---------------------------------------------------------------------------------------------------
INFO: [Synth 8-3354] encoded FSM with state register 'SDFCummutator_wrState_reg' using encoding 'sequential' in module 'SDFCommutator1'
---------------------------------------------------------------------------------------------------
                   State |                     New Encoding |                Previous Encoding 
---------------------------------------------------------------------------------------------------
                  iSTATE |                               00 |                               00
                 iSTATE1 |                               01 |                               01
                 iSTATE0 |                               10 |                               10
---------------------------------------------------------------------------------------------------
INFO: [Synth 8-3354] encoded FSM with state register 'SDFCummutator_mem_btf_switch_reg' using encoding 'sequential' in module 'SDFCommutator1'
---------------------------------------------------------------------------------------------------
                   State |                     New Encoding |                Previous Encoding 
---------------------------------------------------------------------------------------------------
                 iSTATE1 |                              000 |                              000
                 iSTATE2 |                              001 |                              001
                 iSTATE3 |                              010 |                              010
                  iSTATE |                              011 |                              011
                 iSTATE0 |                              100 |                              100
---------------------------------------------------------------------------------------------------
INFO: [Synth 8-3354] encoded FSM with state register 'SDFCummutator_XState_reg' using encoding 'sequential' in module 'SDFCommutator1'
---------------------------------------------------------------------------------------------------
                   State |                     New Encoding |                Previous Encoding 
---------------------------------------------------------------------------------------------------
                  iSTATE |                               00 |                               00
                 iSTATE1 |                               01 |                               01
                 iSTATE0 |                               10 |                               10
---------------------------------------------------------------------------------------------------
INFO: [Synth 8-3354] encoded FSM with state register 'SDFController_wrState_reg' using encoding 'sequential' in module 'RADIX22FFT_CTRL1_2'
---------------------------------------------------------------------------------------------------
                   State |                     New Encoding |                Previous Encoding 
---------------------------------------------------------------------------------------------------
                 iSTATE0 |                              001 |                               00
                 iSTATE1 |                              010 |                               01
                  iSTATE |                              100 |                               10
---------------------------------------------------------------------------------------------------
INFO: [Synth 8-3354] encoded FSM with state register 'SDFController_rdState_reg' using encoding 'one-hot' in module 'RADIX22FFT_CTRL1_2'
---------------------------------------------------------------------------------------------------
                   State |                     New Encoding |                Previous Encoding 
---------------------------------------------------------------------------------------------------
                 iSTATE0 |                              000 |                              000
                 iSTATE1 |                              001 |                              001
                 iSTATE2 |                              010 |                              100
                 iSTATE3 |                              011 |                              010
                  iSTATE |                              100 |                              011
---------------------------------------------------------------------------------------------------
INFO: [Synth 8-3354] encoded FSM with state register 'SDFCummutator_wrState_reg' using encoding 'sequential' in module 'SDFCommutator2'
---------------------------------------------------------------------------------------------------
                   State |                     New Encoding |                Previous Encoding 
---------------------------------------------------------------------------------------------------
                  iSTATE |                               00 |                               00
                 iSTATE1 |                               01 |                               01
                 iSTATE0 |                               10 |                               10
---------------------------------------------------------------------------------------------------
INFO: [Synth 8-3354] encoded FSM with state register 'SDFCummutator_mem_btf_switch_reg' using encoding 'sequential' in module 'SDFCommutator2'
---------------------------------------------------------------------------------------------------
                   State |                     New Encoding |                Previous Encoding 
---------------------------------------------------------------------------------------------------
                 iSTATE1 |                              000 |                              000
                 iSTATE2 |                              001 |                              001
                 iSTATE3 |                              010 |                              010
                  iSTATE |                              011 |                              011
                 iSTATE0 |                              100 |                              100
---------------------------------------------------------------------------------------------------
INFO: [Synth 8-3354] encoded FSM with state register 'SDFCummutator_XState_reg' using encoding 'sequential' in module 'SDFCommutator2'
---------------------------------------------------------------------------------------------------
                   State |                     New Encoding |                Previous Encoding 
---------------------------------------------------------------------------------------------------
                  iSTATE |                               00 |                               00
                 iSTATE1 |                               01 |                               01
                 iSTATE0 |                               10 |                               10
---------------------------------------------------------------------------------------------------
INFO: [Synth 8-3354] encoded FSM with state register 'SDFController_wrState_reg' using encoding 'sequential' in module 'RADIX22FFT_CTRL1_3'
---------------------------------------------------------------------------------------------------
                   State |                     New Encoding |                Previous Encoding 
---------------------------------------------------------------------------------------------------
                 iSTATE0 |                               00 |                               00
                 iSTATE1 |                               01 |                               01
                  iSTATE |                               10 |                               10
---------------------------------------------------------------------------------------------------
INFO: [Synth 8-3354] encoded FSM with state register 'SDFController_rdState_reg' using encoding 'sequential' in module 'RADIX22FFT_CTRL1_3'
---------------------------------------------------------------------------------------------------
                   State |                     New Encoding |                Previous Encoding 
---------------------------------------------------------------------------------------------------
                 iSTATE0 |                              000 |                              000
                 iSTATE1 |                              001 |                              001
                 iSTATE2 |                              010 |                              100
                 iSTATE3 |                              011 |                              010
                  iSTATE |                              100 |                              011
---------------------------------------------------------------------------------------------------
INFO: [Synth 8-3354] encoded FSM with state register 'SDFCummutator_wrState_reg' using encoding 'sequential' in module 'SDFCommutator3'
---------------------------------------------------------------------------------------------------
                   State |                     New Encoding |                Previous Encoding 
---------------------------------------------------------------------------------------------------
                  iSTATE |                               00 |                               00
                 iSTATE1 |                               01 |                               01
                 iSTATE0 |                               10 |                               10
---------------------------------------------------------------------------------------------------
INFO: [Synth 8-3354] encoded FSM with state register 'SDFCummutator_mem_btf_switch_reg' using encoding 'sequential' in module 'SDFCommutator3'
---------------------------------------------------------------------------------------------------
                   State |                     New Encoding |                Previous Encoding 
---------------------------------------------------------------------------------------------------
                 iSTATE1 |                              000 |                              000
                 iSTATE2 |                              001 |                              001
                 iSTATE3 |                              010 |                              010
                  iSTATE |                              011 |                              011
                 iSTATE0 |                              100 |                              100
---------------------------------------------------------------------------------------------------
INFO: [Synth 8-3354] encoded FSM with state register 'SDFCummutator_XState_reg' using encoding 'sequential' in module 'SDFCommutator3'
---------------------------------------------------------------------------------------------------
                   State |                     New Encoding |                Previous Encoding 
---------------------------------------------------------------------------------------------------
                  iSTATE |                               00 |                               00
                 iSTATE1 |                               01 |                               01
                 iSTATE0 |                               10 |                               10
---------------------------------------------------------------------------------------------------
INFO: [Synth 8-3354] encoded FSM with state register 'SDFController_wrState_reg' using encoding 'sequential' in module 'RADIX22FFT_CTRL1_4'
---------------------------------------------------------------------------------------------------
                   State |                     New Encoding |                Previous Encoding 
---------------------------------------------------------------------------------------------------
                 iSTATE0 |                              001 |                               00
                 iSTATE1 |                              010 |                               01
                  iSTATE |                              100 |                               10
---------------------------------------------------------------------------------------------------
INFO: [Synth 8-3354] encoded FSM with state register 'SDFController_rdState_reg' using encoding 'one-hot' in module 'RADIX22FFT_CTRL1_4'
---------------------------------------------------------------------------------------------------
                   State |                     New Encoding |                Previous Encoding 
---------------------------------------------------------------------------------------------------
                 iSTATE0 |                              000 |                              000
                 iSTATE1 |                              001 |                              001
                 iSTATE2 |                              010 |                              100
                 iSTATE3 |                              011 |                              010
                  iSTATE |                              100 |                              011
---------------------------------------------------------------------------------------------------
INFO: [Synth 8-3354] encoded FSM with state register 'SDFCummutator_wrState_reg' using encoding 'sequential' in module 'SDFCommutator4'
---------------------------------------------------------------------------------------------------
                   State |                     New Encoding |                Previous Encoding 
---------------------------------------------------------------------------------------------------
                  iSTATE |                               00 |                               00
                 iSTATE1 |                               01 |                               01
                 iSTATE0 |                               10 |                               10
---------------------------------------------------------------------------------------------------
INFO: [Synth 8-3354] encoded FSM with state register 'SDFCummutator_mem_btf_switch_reg' using encoding 'sequential' in module 'SDFCommutator4'
---------------------------------------------------------------------------------------------------
                   State |                     New Encoding |                Previous Encoding 
---------------------------------------------------------------------------------------------------
                 iSTATE1 |                              000 |                              000
                 iSTATE2 |                              001 |                              001
                 iSTATE3 |                              010 |                              010
                  iSTATE |                              011 |                              011
                 iSTATE0 |                              100 |                              100
---------------------------------------------------------------------------------------------------
INFO: [Synth 8-3354] encoded FSM with state register 'SDFCummutator_XState_reg' using encoding 'sequential' in module 'SDFCommutator4'
---------------------------------------------------------------------------------------------------
                   State |                     New Encoding |                Previous Encoding 
---------------------------------------------------------------------------------------------------
                  iSTATE |                               00 |                               00
                 iSTATE1 |                               01 |                               01
                 iSTATE0 |                               10 |                               10
---------------------------------------------------------------------------------------------------
INFO: [Synth 8-3354] encoded FSM with state register 'SDFController_wrState_reg' using encoding 'sequential' in module 'RADIX22FFT_CTRL1_5'
---------------------------------------------------------------------------------------------------
                   State |                     New Encoding |                Previous Encoding 
---------------------------------------------------------------------------------------------------
                 iSTATE0 |                               00 |                               00
                 iSTATE1 |                               01 |                               01
                  iSTATE |                               10 |                               10
---------------------------------------------------------------------------------------------------
INFO: [Synth 8-3354] encoded FSM with state register 'SDFController_rdState_reg' using encoding 'sequential' in module 'RADIX22FFT_CTRL1_5'
---------------------------------------------------------------------------------------------------
                   State |                     New Encoding |                Previous Encoding 
---------------------------------------------------------------------------------------------------
                 iSTATE0 |                              000 |                              000
                 iSTATE1 |                              001 |                              001
                 iSTATE2 |                              010 |                              100
                 iSTATE3 |                              011 |                              010
                  iSTATE |                              100 |                              011
---------------------------------------------------------------------------------------------------
INFO: [Synth 8-3354] encoded FSM with state register 'SDFCummutator_wrState_reg' using encoding 'sequential' in module 'SDFCommutator5'
---------------------------------------------------------------------------------------------------
                   State |                     New Encoding |                Previous Encoding 
---------------------------------------------------------------------------------------------------
                  iSTATE |                               00 |                               00
                 iSTATE1 |                               01 |                               01
                 iSTATE0 |                               10 |                               10
---------------------------------------------------------------------------------------------------
INFO: [Synth 8-3354] encoded FSM with state register 'SDFCummutator_mem_btf_switch_reg' using encoding 'sequential' in module 'SDFCommutator5'
---------------------------------------------------------------------------------------------------
                   State |                     New Encoding |                Previous Encoding 
---------------------------------------------------------------------------------------------------
                 iSTATE1 |                              000 |                              000
                 iSTATE2 |                              001 |                              001
                 iSTATE3 |                              010 |                              010
                  iSTATE |                              011 |                              011
                 iSTATE0 |                              100 |                              100
---------------------------------------------------------------------------------------------------
INFO: [Synth 8-3354] encoded FSM with state register 'SDFCummutator_XState_reg' using encoding 'sequential' in module 'SDFCommutator5'
---------------------------------------------------------------------------------------------------
                   State |                     New Encoding |                Previous Encoding 
---------------------------------------------------------------------------------------------------
                  iSTATE |                               00 |                               00
                 iSTATE1 |                               01 |                               01
                 iSTATE0 |                               10 |                               10
---------------------------------------------------------------------------------------------------
INFO: [Synth 8-3354] encoded FSM with state register 'SDFController_wrState_reg' using encoding 'sequential' in module 'RADIX22FFT_CTRL1_6'
---------------------------------------------------------------------------------------------------
                   State |                     New Encoding |                Previous Encoding 
---------------------------------------------------------------------------------------------------
                 iSTATE0 |                              001 |                               00
                 iSTATE1 |                              010 |                               01
                  iSTATE |                              100 |                               10
---------------------------------------------------------------------------------------------------
INFO: [Synth 8-3354] encoded FSM with state register 'SDFController_rdState_reg' using encoding 'one-hot' in module 'RADIX22FFT_CTRL1_6'
---------------------------------------------------------------------------------------------------
                   State |                     New Encoding |                Previous Encoding 
---------------------------------------------------------------------------------------------------
                 iSTATE0 |                               00 |                              000
                 iSTATE1 |                               01 |                              001
                  iSTATE |                               10 |                              011
---------------------------------------------------------------------------------------------------
INFO: [Synth 8-3354] encoded FSM with state register 'SDFCummutator_wrState_reg' using encoding 'sequential' in module 'SDFCommutator6'
---------------------------------------------------------------------------------------------------
                   State |                     New Encoding |                Previous Encoding 
---------------------------------------------------------------------------------------------------
                 iSTATE0 |                               00 |                              000
                 iSTATE1 |                               01 |                              010
                  iSTATE |                               10 |                              100
---------------------------------------------------------------------------------------------------
INFO: [Synth 8-3354] encoded FSM with state register 'SDFCummutator_XState_reg' using encoding 'sequential' in module 'SDFCommutator6'
---------------------------------------------------------------------------------------------------
                   State |                     New Encoding |                Previous Encoding 
---------------------------------------------------------------------------------------------------
                  iSTATE |                               00 |                               00
                 iSTATE1 |                               01 |                               01
                 iSTATE0 |                               10 |                               10
---------------------------------------------------------------------------------------------------
INFO: [Synth 8-3354] encoded FSM with state register 'SDFController_wrState_reg' using encoding 'sequential' in module 'RADIX22FFT_CTRL1_7'
---------------------------------------------------------------------------------------------------
                   State |                     New Encoding |                Previous Encoding 
---------------------------------------------------------------------------------------------------
                 iSTATE0 |                               00 |                               00
                 iSTATE1 |                               01 |                               01
                  iSTATE |                               10 |                               10
---------------------------------------------------------------------------------------------------
INFO: [Synth 8-3354] encoded FSM with state register 'SDFController_rdState_reg' using encoding 'sequential' in module 'RADIX22FFT_CTRL1_7'
---------------------------------------------------------------------------------------------------
                   State |                     New Encoding |                Previous Encoding 
---------------------------------------------------------------------------------------------------
                 iSTATE0 |                               00 |                              000
                 iSTATE1 |                               01 |                              001
                  iSTATE |                               10 |                              011
---------------------------------------------------------------------------------------------------
INFO: [Synth 8-3354] encoded FSM with state register 'SDFCummutator_wrState_reg' using encoding 'sequential' in module 'SDFCommutator7'
---------------------------------------------------------------------------------------------------
                   State |                     New Encoding |                Previous Encoding 
---------------------------------------------------------------------------------------------------
                 iSTATE0 |                               00 |                              000
                 iSTATE1 |                               01 |                              010
                  iSTATE |                               10 |                              100
---------------------------------------------------------------------------------------------------
INFO: [Synth 8-3354] encoded FSM with state register 'SDFCummutator_XState_reg' using encoding 'sequential' in module 'SDFCommutator7'
---------------------------------------------------------------------------------------------------
                   State |                     New Encoding |                Previous Encoding 
---------------------------------------------------------------------------------------------------
                 iSTATE1 |                               00 |                               00
                  iSTATE |                               01 |                               01
                 iSTATE0 |                               10 |                               10
---------------------------------------------------------------------------------------------------
INFO: [Synth 8-3354] encoded FSM with state register 'SDFController_wrState_reg' using encoding 'sequential' in module 'RADIX22FFT_CTRL1_8'
---------------------------------------------------------------------------------------------------
                   State |                     New Encoding |                Previous Encoding 
---------------------------------------------------------------------------------------------------
                 iSTATE0 |                              001 |                               00
                 iSTATE1 |                              010 |                               01
                  iSTATE |                              100 |                               10
---------------------------------------------------------------------------------------------------
INFO: [Synth 8-3354] encoded FSM with state register 'SDFController_rdState_reg' using encoding 'one-hot' in module 'RADIX22FFT_CTRL1_8'
---------------------------------------------------------------------------------------------------
                   State |                     New Encoding |                Previous Encoding 
---------------------------------------------------------------------------------------------------
                 iSTATE0 |                               00 |                              000
                 iSTATE1 |                               01 |                              001
                  iSTATE |                               10 |                              011
---------------------------------------------------------------------------------------------------
INFO: [Synth 8-3354] encoded FSM with state register 'SDFCummutator_wrState_reg' using encoding 'sequential' in module 'SDFCommutator8'
---------------------------------------------------------------------------------------------------
                   State |                     New Encoding |                Previous Encoding 
---------------------------------------------------------------------------------------------------
                 iSTATE0 |                               00 |                              000
                 iSTATE1 |                               01 |                              010
                  iSTATE |                               10 |                              100
---------------------------------------------------------------------------------------------------
INFO: [Synth 8-3354] encoded FSM with state register 'SDFCummutator_XState_reg' using encoding 'sequential' in module 'SDFCommutator8'
---------------------------------------------------------------------------------------------------
                   State |                     New Encoding |                Previous Encoding 
---------------------------------------------------------------------------------------------------
                  iSTATE |                               00 |                               00
                 iSTATE1 |                               01 |                               11
                 iSTATE0 |                               10 |                               10
---------------------------------------------------------------------------------------------------
INFO: [Synth 8-3354] encoded FSM with state register 'SDFController_wrState_reg' using encoding 'sequential' in module 'RADIX22FFT_CTRL1_1_block'
---------------------------------------------------------------------------------------------------
                   State |                     New Encoding |                Previous Encoding 
---------------------------------------------------------------------------------------------------
                  iSTATE |                                0 |                               00
                 iSTATE0 |                                1 |                               01
---------------------------------------------------------------------------------------------------
INFO: [Synth 8-3354] encoded FSM with state register 'SDFController_rdState_reg' using encoding 'sequential' in module 'RADIX22FFT_CTRL1_1_block'
---------------------------------------------------------------------------------------------------
                   State |                     New Encoding |                Previous Encoding 
---------------------------------------------------------------------------------------------------
                 iSTATE0 |                               00 |                              000
                 iSTATE1 |                               01 |                              001
                  iSTATE |                               10 |                              011
---------------------------------------------------------------------------------------------------
INFO: [Synth 8-3354] encoded FSM with state register 'SDFCummutator_wrState_reg' using encoding 'sequential' in module 'SDFCommutator9'
---------------------------------------------------------------------------------------------------
                   State |                     New Encoding |                Previous Encoding 
---------------------------------------------------------------------------------------------------
                 iSTATE0 |                               00 |                              000
                 iSTATE1 |                               01 |                              010
                  iSTATE |                               10 |                              100
---------------------------------------------------------------------------------------------------
INFO: [Synth 8-3354] encoded FSM with state register 'SDFCummutator_XState_reg' using encoding 'sequential' in module 'SDFCommutator9'
---------------------------------------------------------------------------------------------------
                   State |                     New Encoding |                Previous Encoding 
---------------------------------------------------------------------------------------------------
                  iSTATE |                               00 |                               00
                 iSTATE1 |                               01 |                               01
                 iSTATE0 |                               10 |                               10
---------------------------------------------------------------------------------------------------
INFO: [Synth 8-3354] encoded FSM with state register 'wrStateMachineBitNatural_wrState_reg' using encoding 'sequential' in module 'RADIX2FFT_bitNatural'
---------------------------------------------------------------------------------------------------
                   State |                     New Encoding |                Previous Encoding 
---------------------------------------------------------------------------------------------------
                 iSTATE2 |                               00 |                               00
                  iSTATE |                               01 |                               01
                 iSTATE0 |                               10 |                               10
                 iSTATE1 |                               11 |                               11
---------------------------------------------------------------------------------------------------
INFO: [Synth 8-3354] encoded FSM with state register 'rdStateMachineBitNatural_rdState_reg' using encoding 'sequential' in module 'RADIX2FFT_bitNatural'
---------------------------------------------------------------------------------
Finished RTL Optimization Phase 2 : Time (s): cpu = 00:07:03 ; elapsed = 00:07:10 . Memory (MB): peak = 2638.168 ; gain = 1707.707
---------------------------------------------------------------------------------
---------------------------------------------------------------------------------
Start RTL Component Statistics 
---------------------------------------------------------------------------------
Detailed RTL Component Info : 
+---Adders : 
	   3 Input   42 Bit       Adders := 1     
	   2 Input   42 Bit       Adders := 1     
	   3 Input   40 Bit       Adders := 1     
	   2 Input   40 Bit       Adders := 1     
	   3 Input   38 Bit       Adders := 1     
	   2 Input   38 Bit       Adders := 1     
	   3 Input   36 Bit       Adders := 1     
	   2 Input   36 Bit       Adders := 1     
	   2 Input   32 Bit       Adders := 1     
	   2 Input   31 Bit       Adders := 4     
	   2 Input   26 Bit       Adders := 5     
	   3 Input   26 Bit       Adders := 49    
	   2 Input   25 Bit       Adders := 1     
	   3 Input   25 Bit       Adders := 3     
	   3 Input   24 Bit       Adders := 3     
	   2 Input   24 Bit       Adders := 2     
	   2 Input   23 Bit       Adders := 3     
	   3 Input   23 Bit       Adders := 3     
	   2 Input   22 Bit       Adders := 3     
	   3 Input   22 Bit       Adders := 2     
	   2 Input   21 Bit       Adders := 1     
	   3 Input   21 Bit       Adders := 3     
	   2 Input   20 Bit       Adders := 2     
	   3 Input   20 Bit       Adders := 2     
	   2 Input   19 Bit       Adders := 4     
	   3 Input   19 Bit       Adders := 3     
	   2 Input   18 Bit       Adders := 3     
	   3 Input   18 Bit       Adders := 2     
	   2 Input   17 Bit       Adders := 4     
	   2 Input   16 Bit       Adders := 4     
	   2 Input   11 Bit       Adders := 2     
	   2 Input    9 Bit       Adders := 6     
	   2 Input    8 Bit       Adders := 4     
	   2 Input    7 Bit       Adders := 8     
	   2 Input    6 Bit       Adders := 8     
	   2 Input    5 Bit       Adders := 4     
	   2 Input    4 Bit       Adders := 4     
	   2 Input    3 Bit       Adders := 19    
	   2 Input    2 Bit       Adders := 7     
+---XORs : 
	   4 Input      1 Bit         XORs := 36    
	   2 Input      1 Bit         XORs := 2     
+---Registers : 
	               42 Bit    Registers := 2     
	               41 Bit    Registers := 4     
	               40 Bit    Registers := 2     
	               39 Bit    Registers := 4     
	               38 Bit    Registers := 2     
	               37 Bit    Registers := 4     
	               36 Bit    Registers := 2     
	               35 Bit    Registers := 4     
	               32 Bit    Registers := 513   
	               31 Bit    Registers := 4     
	               27 Bit    Registers := 1     
	               26 Bit    Registers := 59    
	               25 Bit    Registers := 34    
	               24 Bit    Registers := 38    
	               23 Bit    Registers := 26    
	               22 Bit    Registers := 30    
	               21 Bit    Registers := 26    
	               20 Bit    Registers := 30    
	               19 Bit    Registers := 28    
	               18 Bit    Registers := 30    
	               17 Bit    Registers := 20    
	               16 Bit    Registers := 58    
	               15 Bit    Registers := 5     
	               14 Bit    Registers := 13312 
	               13 Bit    Registers := 2     
	               11 Bit    Registers := 2     
	                9 Bit    Registers := 6     
	                8 Bit    Registers := 4     
	                7 Bit    Registers := 8     
	                6 Bit    Registers := 8     
	                5 Bit    Registers := 6     
	                4 Bit    Registers := 4     
	                3 Bit    Registers := 37    
	                2 Bit    Registers := 11    
	                1 Bit    Registers := 187   
+---Multipliers : 
	              16x32  Multipliers := 1     
+---RAMs : 
	             416K Bit	(16384 X 26 bit)          RAMs := 1     
	              12K Bit	(512 X 25 bit)          RAMs := 2     
	               4K Bit	(256 X 17 bit)          RAMs := 1     
	               2K Bit	(128 X 18 bit)          RAMs := 2     
	               1K Bit	(64 X 19 bit)          RAMs := 2     
	              640 Bit	(32 X 20 bit)          RAMs := 2     
	              336 Bit	(16 X 21 bit)          RAMs := 2     
	              200 Bit	(8 X 25 bit)          RAMs := 2     
	              192 Bit	(8 X 24 bit)          RAMs := 2     
	              184 Bit	(8 X 23 bit)          RAMs := 2     
	              176 Bit	(8 X 22 bit)          RAMs := 4     
	              168 Bit	(8 X 21 bit)          RAMs := 2     
	              160 Bit	(8 X 20 bit)          RAMs := 2     
	              152 Bit	(8 X 19 bit)          RAMs := 2     
	              144 Bit	(8 X 18 bit)          RAMs := 2     
	              136 Bit	(8 X 17 bit)          RAMs := 2     
	               92 Bit	(4 X 23 bit)          RAMs := 2     
+---ROMs : 
	                    ROMs := 4     
+---Muxes : 
	   2 Input   32 Bit        Muxes := 1     
	   2 Input   31 Bit        Muxes := 1     
	   2 Input   26 Bit        Muxes := 52    
	   2 Input   25 Bit        Muxes := 8     
	   3 Input   25 Bit        Muxes := 2     
	   2 Input   24 Bit        Muxes := 6     
	   3 Input   24 Bit        Muxes := 2     
	   2 Input   23 Bit        Muxes := 8     
	   3 Input   23 Bit        Muxes := 2     
	   2 Input   22 Bit        Muxes := 4     
	   3 Input   22 Bit        Muxes := 2     
	   2 Input   21 Bit        Muxes := 14    
	   5 Input   21 Bit        Muxes := 4     
	   3 Input   21 Bit        Muxes := 2     
	   5 Input   20 Bit        Muxes := 4     
	   3 Input   20 Bit        Muxes := 2     
	   2 Input   20 Bit        Muxes := 6     
	   2 Input   19 Bit        Muxes := 10    
	   5 Input   19 Bit        Muxes := 4     
	   3 Input   19 Bit        Muxes := 2     
	   5 Input   18 Bit        Muxes := 4     
	   3 Input   18 Bit        Muxes := 2     
	   2 Input   18 Bit        Muxes := 6     
	   5 Input   17 Bit        Muxes := 3     
	   3 Input   17 Bit        Muxes := 2     
	   2 Input   17 Bit        Muxes := 6     
	   5 Input   16 Bit        Muxes := 8     
	   2 Input   16 Bit        Muxes := 9     
	   2 Input   15 Bit        Muxes := 1     
	   2 Input   11 Bit        Muxes := 2     
	   2 Input    9 Bit        Muxes := 10    
	   3 Input    9 Bit        Muxes := 1     
	   4 Input    9 Bit        Muxes := 1     
	   3 Input    8 Bit        Muxes := 3     
	   5 Input    8 Bit        Muxes := 1     
	   2 Input    8 Bit        Muxes := 4     
	   3 Input    7 Bit        Muxes := 3     
	   5 Input    7 Bit        Muxes := 1     
	   3 Input    6 Bit        Muxes := 3     
	   5 Input    6 Bit        Muxes := 1     
	   3 Input    5 Bit        Muxes := 3     
	   2 Input    5 Bit        Muxes := 3     
	   5 Input    5 Bit        Muxes := 1     
	   3 Input    4 Bit        Muxes := 3     
	   2 Input    4 Bit        Muxes := 3     
	   5 Input    4 Bit        Muxes := 1     
	   5 Input    3 Bit        Muxes := 20    
	   2 Input    3 Bit        Muxes := 98    
	   3 Input    3 Bit        Muxes := 13    
	   3 Input    2 Bit        Muxes := 30    
	   2 Input    2 Bit        Muxes := 103   
	   4 Input    2 Bit        Muxes := 5     
	   3 Input    1 Bit        Muxes := 108   
	   5 Input    1 Bit        Muxes := 60    
	   2 Input    1 Bit        Muxes := 95    
	   4 Input    1 Bit        Muxes := 9     
---------------------------------------------------------------------------------
Finished RTL Component Statistics 
---------------------------------------------------------------------------------
---------------------------------------------------------------------------------
Start Part Resource Summary
---------------------------------------------------------------------------------
Part Resources:
DSPs: 220 (col length:60)
BRAMs: 280 (col length: RAMB18 60 RAMB36 30)
---------------------------------------------------------------------------------
Finished Part Resource Summary
---------------------------------------------------------------------------------
---------------------------------------------------------------------------------
Start Cross Boundary and Area Optimization
---------------------------------------------------------------------------------
WARNING: [Synth 8-3936] Found unconnected internal register 'u_Simple_Dual_Port_RAM/data_int_reg' and it is trimmed from '26' to '24' bits. [C:/Users/caleb/Documents/GitHub/SES-598-Fall-2025/DISTEL_HW12_11172025/hdl_prj_v2/hdlsrc/spec_avg_CRD/SimpleDualPortRAM_generic.vhd:61]
INFO: [Synth 8-4471] merging register 'u_MUL4/Complex4Multiply_twiddle_re_pipe1_reg[15:0]' into 'u_MUL4/Complex4Multiply_twiddle_re_pipe1_reg[15:0]' [C:/Users/caleb/Documents/GitHub/SES-598-Fall-2025/DISTEL_HW12_11172025/hdl_prj_v2/hdlsrc/spec_avg_CRD/Complex4Multiply.vhd:151]
INFO: [Synth 8-4471] merging register 'u_MUL4/Complex4Multiply_twiddle_im_pipe1_reg[15:0]' into 'u_MUL4/Complex4Multiply_twiddle_im_pipe1_reg[15:0]' [C:/Users/caleb/Documents/GitHub/SES-598-Fall-2025/DISTEL_HW12_11172025/hdl_prj_v2/hdlsrc/spec_avg_CRD/Complex4Multiply.vhd:152]
INFO: [Synth 8-4471] merging register 'u_MUL4/Complex4Multiply_din1_im_pipe1_reg[18:0]' into 'u_MUL4/Complex4Multiply_din1_im_pipe1_reg[18:0]' [C:/Users/caleb/Documents/GitHub/SES-598-Fall-2025/DISTEL_HW12_11172025/hdl_prj_v2/hdlsrc/spec_avg_CRD/Complex4Multiply.vhd:152]
INFO: [Synth 8-4471] merging register 'u_MUL4/Complex4Multiply_din1_re_pipe1_reg[18:0]' into 'u_MUL4/Complex4Multiply_din1_re_pipe1_reg[18:0]' [C:/Users/caleb/Documents/GitHub/SES-598-Fall-2025/DISTEL_HW12_11172025/hdl_prj_v2/hdlsrc/spec_avg_CRD/Complex4Multiply.vhd:151]
DSP Report: Generating DSP u_MUL4/prod2_re_reg, operation Mode is: (A2*B2)'.
DSP Report: register u_MUL4/Complex4Multiply_twiddle_im_pipe1_reg is absorbed into DSP u_MUL4/prod2_re_reg.
DSP Report: register u_MUL4/Complex4Multiply_din1_im_pipe1_reg is absorbed into DSP u_MUL4/prod2_re_reg.
DSP Report: register u_MUL4/prod2_re_reg is absorbed into DSP u_MUL4/prod2_re_reg.
DSP Report: register u_MUL4/Complex4Multiply_mult2_re_pipe1_reg is absorbed into DSP u_MUL4/prod2_re_reg.
DSP Report: operator u_MUL4/Complex4Multiply_mult2_re_pipe10 is absorbed into DSP u_MUL4/prod2_re_reg.
DSP Report: Generating DSP u_MUL4/prod1_re_reg, operation Mode is: (A2*B2)'.
DSP Report: register u_MUL4/Complex4Multiply_twiddle_re_pipe1_reg is absorbed into DSP u_MUL4/prod1_re_reg.
DSP Report: register u_MUL4/Complex4Multiply_din1_re_pipe1_reg is absorbed into DSP u_MUL4/prod1_re_reg.
DSP Report: register u_MUL4/prod1_re_reg is absorbed into DSP u_MUL4/prod1_re_reg.
DSP Report: register u_MUL4/Complex4Multiply_mult1_re_pipe1_reg is absorbed into DSP u_MUL4/prod1_re_reg.
DSP Report: operator u_MUL4/Complex4Multiply_mult1_re_pipe10 is absorbed into DSP u_MUL4/prod1_re_reg.
DSP Report: Generating DSP u_MUL4/prod2_im_reg, operation Mode is: (A2*B2)'.
DSP Report: register u_MUL4/Complex4Multiply_twiddle_re_pipe1_reg is absorbed into DSP u_MUL4/prod2_im_reg.
DSP Report: register u_MUL4/Complex4Multiply_din1_im_pipe1_reg is absorbed into DSP u_MUL4/prod2_im_reg.
DSP Report: register u_MUL4/prod2_im_reg is absorbed into DSP u_MUL4/prod2_im_reg.
DSP Report: register u_MUL4/Complex4Multiply_mult2_im_pipe1_reg is absorbed into DSP u_MUL4/prod2_im_reg.
DSP Report: operator u_MUL4/Complex4Multiply_mult2_im_pipe10 is absorbed into DSP u_MUL4/prod2_im_reg.
DSP Report: Generating DSP u_MUL4/prod1_im_reg, operation Mode is: (A2*B2)'.
DSP Report: register u_MUL4/Complex4Multiply_twiddle_im_pipe1_reg is absorbed into DSP u_MUL4/prod1_im_reg.
DSP Report: register u_MUL4/Complex4Multiply_din1_re_pipe1_reg is absorbed into DSP u_MUL4/prod1_im_reg.
DSP Report: register u_MUL4/prod1_im_reg is absorbed into DSP u_MUL4/prod1_im_reg.
DSP Report: register u_MUL4/Complex4Multiply_mult1_im_pipe1_reg is absorbed into DSP u_MUL4/prod1_im_reg.
DSP Report: operator u_MUL4/Complex4Multiply_mult1_im_pipe10 is absorbed into DSP u_MUL4/prod1_im_reg.
INFO: [Synth 8-4471] merging register 'u_MUL4/Complex4Multiply_twiddle_re_pipe1_reg[15:0]' into 'u_MUL4/Complex4Multiply_twiddle_re_pipe1_reg[15:0]' [C:/Users/caleb/Documents/GitHub/SES-598-Fall-2025/DISTEL_HW12_11172025/hdl_prj_v2/hdlsrc/spec_avg_CRD/Complex4Multiply_block.vhd:151]
INFO: [Synth 8-4471] merging register 'u_MUL4/Complex4Multiply_twiddle_im_pipe1_reg[15:0]' into 'u_MUL4/Complex4Multiply_twiddle_im_pipe1_reg[15:0]' [C:/Users/caleb/Documents/GitHub/SES-598-Fall-2025/DISTEL_HW12_11172025/hdl_prj_v2/hdlsrc/spec_avg_CRD/Complex4Multiply_block.vhd:152]
INFO: [Synth 8-4471] merging register 'u_MUL4/Complex4Multiply_din1_im_pipe1_reg[20:0]' into 'u_MUL4/Complex4Multiply_din1_im_pipe1_reg[20:0]' [C:/Users/caleb/Documents/GitHub/SES-598-Fall-2025/DISTEL_HW12_11172025/hdl_prj_v2/hdlsrc/spec_avg_CRD/Complex4Multiply_block.vhd:152]
INFO: [Synth 8-4471] merging register 'u_MUL4/Complex4Multiply_din1_re_pipe1_reg[20:0]' into 'u_MUL4/Complex4Multiply_din1_re_pipe1_reg[20:0]' [C:/Users/caleb/Documents/GitHub/SES-598-Fall-2025/DISTEL_HW12_11172025/hdl_prj_v2/hdlsrc/spec_avg_CRD/Complex4Multiply_block.vhd:151]
DSP Report: Generating DSP u_MUL4/prod2_re_reg, operation Mode is: (A2*B2)'.
DSP Report: register u_MUL4/Complex4Multiply_twiddle_im_pipe1_reg is absorbed into DSP u_MUL4/prod2_re_reg.
DSP Report: register u_MUL4/Complex4Multiply_din1_im_pipe1_reg is absorbed into DSP u_MUL4/prod2_re_reg.
DSP Report: register u_MUL4/prod2_re_reg is absorbed into DSP u_MUL4/prod2_re_reg.
DSP Report: register u_MUL4/Complex4Multiply_mult2_re_pipe1_reg is absorbed into DSP u_MUL4/prod2_re_reg.
DSP Report: operator u_MUL4/Complex4Multiply_mult2_re_pipe10 is absorbed into DSP u_MUL4/prod2_re_reg.
DSP Report: Generating DSP u_MUL4/prod1_re_reg, operation Mode is: (A2*B2)'.
DSP Report: register u_MUL4/Complex4Multiply_twiddle_re_pipe1_reg is absorbed into DSP u_MUL4/prod1_re_reg.
DSP Report: register u_MUL4/Complex4Multiply_din1_re_pipe1_reg is absorbed into DSP u_MUL4/prod1_re_reg.
DSP Report: register u_MUL4/prod1_re_reg is absorbed into DSP u_MUL4/prod1_re_reg.
DSP Report: register u_MUL4/Complex4Multiply_mult1_re_pipe1_reg is absorbed into DSP u_MUL4/prod1_re_reg.
DSP Report: operator u_MUL4/Complex4Multiply_mult1_re_pipe10 is absorbed into DSP u_MUL4/prod1_re_reg.
DSP Report: Generating DSP u_MUL4/prod2_im_reg, operation Mode is: (A2*B2)'.
DSP Report: register u_MUL4/Complex4Multiply_twiddle_re_pipe1_reg is absorbed into DSP u_MUL4/prod2_im_reg.
DSP Report: register u_MUL4/Complex4Multiply_din1_im_pipe1_reg is absorbed into DSP u_MUL4/prod2_im_reg.
DSP Report: register u_MUL4/prod2_im_reg is absorbed into DSP u_MUL4/prod2_im_reg.
DSP Report: register u_MUL4/Complex4Multiply_mult2_im_pipe1_reg is absorbed into DSP u_MUL4/prod2_im_reg.
DSP Report: operator u_MUL4/Complex4Multiply_mult2_im_pipe10 is absorbed into DSP u_MUL4/prod2_im_reg.
DSP Report: Generating DSP u_MUL4/prod1_im_reg, operation Mode is: (A2*B2)'.
DSP Report: register u_MUL4/Complex4Multiply_twiddle_im_pipe1_reg is absorbed into DSP u_MUL4/prod1_im_reg.
DSP Report: register u_MUL4/Complex4Multiply_din1_re_pipe1_reg is absorbed into DSP u_MUL4/prod1_im_reg.
DSP Report: register u_MUL4/prod1_im_reg is absorbed into DSP u_MUL4/prod1_im_reg.
DSP Report: register u_MUL4/Complex4Multiply_mult1_im_pipe1_reg is absorbed into DSP u_MUL4/prod1_im_reg.
DSP Report: operator u_MUL4/Complex4Multiply_mult1_im_pipe10 is absorbed into DSP u_MUL4/prod1_im_reg.
INFO: [Synth 8-4471] merging register 'Radix22ButterflyG2_dinXTwdl_re_dly2_reg[21:0]' into 'u_SDFCOMMUTATOR_6/SDFCummutator_wrData_re_reg_reg[21:0]' [C:/Users/caleb/Documents/GitHub/SES-598-Fall-2025/DISTEL_HW12_11172025/hdl_prj_v2/hdlsrc/spec_avg_CRD/RADIX22FFT_SDF2_6.vhd:300]
INFO: [Synth 8-4471] merging register 'Radix22ButterflyG2_dinXTwdl_im_dly2_reg[21:0]' into 'u_SDFCOMMUTATOR_6/SDFCummutator_wrData_im_reg_reg[21:0]' [C:/Users/caleb/Documents/GitHub/SES-598-Fall-2025/DISTEL_HW12_11172025/hdl_prj_v2/hdlsrc/spec_avg_CRD/RADIX22FFT_SDF2_6.vhd:301]
INFO: [Synth 8-4471] merging register 'u_MUL4/Complex4Multiply_twiddle_re_pipe1_reg[15:0]' into 'u_MUL4/Complex4Multiply_twiddle_re_pipe1_reg[15:0]' [C:/Users/caleb/Documents/GitHub/SES-598-Fall-2025/DISTEL_HW12_11172025/hdl_prj_v2/hdlsrc/spec_avg_CRD/Complex4Multiply_block1.vhd:151]
INFO: [Synth 8-4471] merging register 'u_MUL4/Complex4Multiply_twiddle_im_pipe1_reg[15:0]' into 'u_MUL4/Complex4Multiply_twiddle_im_pipe1_reg[15:0]' [C:/Users/caleb/Documents/GitHub/SES-598-Fall-2025/DISTEL_HW12_11172025/hdl_prj_v2/hdlsrc/spec_avg_CRD/Complex4Multiply_block1.vhd:152]
INFO: [Synth 8-4471] merging register 'Radix22ButterflyG1_dinXtwdl_re_dly1_reg[22:0]' into 'u_SDFCOMMUTATOR_7/SDFCummutator_wrData_re_reg_reg[22:0]' [C:/Users/caleb/Documents/GitHub/SES-598-Fall-2025/DISTEL_HW12_11172025/hdl_prj_v2/hdlsrc/spec_avg_CRD/RADIX22FFT_SDF1_7.vhd:278]
INFO: [Synth 8-4471] merging register 'Radix22ButterflyG1_dinXtwdl_im_dly1_reg[22:0]' into 'u_SDFCOMMUTATOR_7/SDFCummutator_wrData_im_reg_reg[22:0]' [C:/Users/caleb/Documents/GitHub/SES-598-Fall-2025/DISTEL_HW12_11172025/hdl_prj_v2/hdlsrc/spec_avg_CRD/RADIX22FFT_SDF1_7.vhd:279]
INFO: [Synth 8-4471] merging register 'u_MUL4/Complex4Multiply_din1_im_pipe1_reg[22:0]' into 'u_MUL4/Complex4Multiply_din1_im_pipe1_reg[22:0]' [C:/Users/caleb/Documents/GitHub/SES-598-Fall-2025/DISTEL_HW12_11172025/hdl_prj_v2/hdlsrc/spec_avg_CRD/Complex4Multiply_block1.vhd:152]
INFO: [Synth 8-4471] merging register 'u_MUL4/Complex4Multiply_din1_re_pipe1_reg[22:0]' into 'u_MUL4/Complex4Multiply_din1_re_pipe1_reg[22:0]' [C:/Users/caleb/Documents/GitHub/SES-598-Fall-2025/DISTEL_HW12_11172025/hdl_prj_v2/hdlsrc/spec_avg_CRD/Complex4Multiply_block1.vhd:151]
DSP Report: Generating DSP u_MUL4/prod2_re_reg, operation Mode is: (A2*B2)'.
DSP Report: register u_MUL4/Complex4Multiply_twiddle_im_pipe1_reg is absorbed into DSP u_MUL4/prod2_re_reg.
DSP Report: register u_MUL4/Complex4Multiply_din1_im_pipe1_reg is absorbed into DSP u_MUL4/prod2_re_reg.
DSP Report: register u_MUL4/prod2_re_reg is absorbed into DSP u_MUL4/prod2_re_reg.
DSP Report: register u_MUL4/Complex4Multiply_mult2_re_pipe1_reg is absorbed into DSP u_MUL4/prod2_re_reg.
DSP Report: operator u_MUL4/Complex4Multiply_mult2_re_pipe10 is absorbed into DSP u_MUL4/prod2_re_reg.
DSP Report: Generating DSP u_MUL4/prod1_re_reg, operation Mode is: (A2*B2)'.
DSP Report: register u_MUL4/Complex4Multiply_twiddle_re_pipe1_reg is absorbed into DSP u_MUL4/prod1_re_reg.
DSP Report: register u_MUL4/Complex4Multiply_din1_re_pipe1_reg is absorbed into DSP u_MUL4/prod1_re_reg.
DSP Report: register u_MUL4/prod1_re_reg is absorbed into DSP u_MUL4/prod1_re_reg.
DSP Report: register u_MUL4/Complex4Multiply_mult1_re_pipe1_reg is absorbed into DSP u_MUL4/prod1_re_reg.
DSP Report: operator u_MUL4/Complex4Multiply_mult1_re_pipe10 is absorbed into DSP u_MUL4/prod1_re_reg.
DSP Report: Generating DSP u_MUL4/prod2_im_reg, operation Mode is: (A2*B2)'.
DSP Report: register u_MUL4/Complex4Multiply_twiddle_re_pipe1_reg is absorbed into DSP u_MUL4/prod2_im_reg.
DSP Report: register u_MUL4/Complex4Multiply_din1_im_pipe1_reg is absorbed into DSP u_MUL4/prod2_im_reg.
DSP Report: register u_MUL4/prod2_im_reg is absorbed into DSP u_MUL4/prod2_im_reg.
DSP Report: register u_MUL4/Complex4Multiply_mult2_im_pipe1_reg is absorbed into DSP u_MUL4/prod2_im_reg.
DSP Report: operator u_MUL4/Complex4Multiply_mult2_im_pipe10 is absorbed into DSP u_MUL4/prod2_im_reg.
DSP Report: Generating DSP u_MUL4/prod1_im_reg, operation Mode is: (A2*B2)'.
DSP Report: register u_MUL4/Complex4Multiply_twiddle_im_pipe1_reg is absorbed into DSP u_MUL4/prod1_im_reg.
DSP Report: register u_MUL4/Complex4Multiply_din1_re_pipe1_reg is absorbed into DSP u_MUL4/prod1_im_reg.
DSP Report: register u_MUL4/prod1_im_reg is absorbed into DSP u_MUL4/prod1_im_reg.
DSP Report: register u_MUL4/Complex4Multiply_mult1_im_pipe1_reg is absorbed into DSP u_MUL4/prod1_im_reg.
DSP Report: operator u_MUL4/Complex4Multiply_mult1_im_pipe10 is absorbed into DSP u_MUL4/prod1_im_reg.
INFO: [Synth 8-4471] merging register 'btfin_re_reg[23:0]' into 'u_SDFCOMMUTATOR_8/SDFCummutator_wrData_re_reg_reg[23:0]' [C:/Users/caleb/Documents/GitHub/SES-598-Fall-2025/DISTEL_HW12_11172025/hdl_prj_v2/hdlsrc/spec_avg_CRD/RADIX22FFT_SDF2_8.vhd:217]
INFO: [Synth 8-4471] merging register 'btfin_im_reg[23:0]' into 'u_SDFCOMMUTATOR_8/SDFCummutator_wrData_im_reg_reg[23:0]' [C:/Users/caleb/Documents/GitHub/SES-598-Fall-2025/DISTEL_HW12_11172025/hdl_prj_v2/hdlsrc/spec_avg_CRD/RADIX22FFT_SDF2_8.vhd:241]
INFO: [Synth 8-4471] merging register 'u_MUL4/Complex4Multiply_twiddle_re_pipe1_reg[15:0]' into 'u_MUL4/Complex4Multiply_twiddle_re_pipe1_reg[15:0]' [C:/Users/caleb/Documents/GitHub/SES-598-Fall-2025/DISTEL_HW12_11172025/hdl_prj_v2/hdlsrc/spec_avg_CRD/Complex4Multiply_block2.vhd:151]
INFO: [Synth 8-4471] merging register 'u_MUL4/Complex4Multiply_twiddle_im_pipe1_reg[15:0]' into 'u_MUL4/Complex4Multiply_twiddle_im_pipe1_reg[15:0]' [C:/Users/caleb/Documents/GitHub/SES-598-Fall-2025/DISTEL_HW12_11172025/hdl_prj_v2/hdlsrc/spec_avg_CRD/Complex4Multiply_block2.vhd:152]
INFO: [Synth 8-4471] merging register 'Radix22ButterflyG1_dinXtwdl_re_dly1_reg[24:0]' into 'u_SDFCOMMUTATOR_9/SDFCummutator_wrData_re_reg_reg[24:0]' [C:/Users/caleb/Documents/GitHub/SES-598-Fall-2025/DISTEL_HW12_11172025/hdl_prj_v2/hdlsrc/spec_avg_CRD/RADIX22FFT_SDF1_9.vhd:293]
INFO: [Synth 8-4471] merging register 'Radix22ButterflyG1_dinXtwdl_im_dly1_reg[24:0]' into 'u_SDFCOMMUTATOR_9/SDFCummutator_wrData_im_reg_reg[24:0]' [C:/Users/caleb/Documents/GitHub/SES-598-Fall-2025/DISTEL_HW12_11172025/hdl_prj_v2/hdlsrc/spec_avg_CRD/RADIX22FFT_SDF1_9.vhd:294]
INFO: [Synth 8-4471] merging register 'u_MUL4/Complex4Multiply_din1_im_pipe1_reg[24:0]' into 'u_MUL4/Complex4Multiply_din1_im_pipe1_reg[24:0]' [C:/Users/caleb/Documents/GitHub/SES-598-Fall-2025/DISTEL_HW12_11172025/hdl_prj_v2/hdlsrc/spec_avg_CRD/Complex4Multiply_block2.vhd:152]
INFO: [Synth 8-4471] merging register 'u_MUL4/Complex4Multiply_din1_re_pipe1_reg[24:0]' into 'u_MUL4/Complex4Multiply_din1_re_pipe1_reg[24:0]' [C:/Users/caleb/Documents/GitHub/SES-598-Fall-2025/DISTEL_HW12_11172025/hdl_prj_v2/hdlsrc/spec_avg_CRD/Complex4Multiply_block2.vhd:151]
DSP Report: Generating DSP u_MUL4/prod2_re_reg, operation Mode is: (A2*B2)'.
DSP Report: register u_MUL4/Complex4Multiply_twiddle_im_pipe1_reg is absorbed into DSP u_MUL4/prod2_re_reg.
DSP Report: register u_MUL4/Complex4Multiply_din1_im_pipe1_reg is absorbed into DSP u_MUL4/prod2_re_reg.
DSP Report: register u_MUL4/prod2_re_reg is absorbed into DSP u_MUL4/prod2_re_reg.
DSP Report: register u_MUL4/Complex4Multiply_mult2_re_pipe1_reg is absorbed into DSP u_MUL4/prod2_re_reg.
DSP Report: operator u_MUL4/Complex4Multiply_mult2_re_pipe10 is absorbed into DSP u_MUL4/prod2_re_reg.
DSP Report: Generating DSP u_MUL4/prod1_re_reg, operation Mode is: (A2*B2)'.
DSP Report: register u_MUL4/Complex4Multiply_twiddle_re_pipe1_reg is absorbed into DSP u_MUL4/prod1_re_reg.
DSP Report: register u_MUL4/Complex4Multiply_din1_re_pipe1_reg is absorbed into DSP u_MUL4/prod1_re_reg.
DSP Report: register u_MUL4/prod1_re_reg is absorbed into DSP u_MUL4/prod1_re_reg.
DSP Report: register u_MUL4/Complex4Multiply_mult1_re_pipe1_reg is absorbed into DSP u_MUL4/prod1_re_reg.
DSP Report: operator u_MUL4/Complex4Multiply_mult1_re_pipe10 is absorbed into DSP u_MUL4/prod1_re_reg.
DSP Report: Generating DSP u_MUL4/prod2_im_reg, operation Mode is: (A2*B2)'.
DSP Report: register u_MUL4/Complex4Multiply_twiddle_re_pipe1_reg is absorbed into DSP u_MUL4/prod2_im_reg.
DSP Report: register u_MUL4/Complex4Multiply_din1_im_pipe1_reg is absorbed into DSP u_MUL4/prod2_im_reg.
DSP Report: register u_MUL4/prod2_im_reg is absorbed into DSP u_MUL4/prod2_im_reg.
DSP Report: register u_MUL4/Complex4Multiply_mult2_im_pipe1_reg is absorbed into DSP u_MUL4/prod2_im_reg.
DSP Report: operator u_MUL4/Complex4Multiply_mult2_im_pipe10 is absorbed into DSP u_MUL4/prod2_im_reg.
DSP Report: Generating DSP u_MUL4/prod1_im_reg, operation Mode is: (A2*B2)'.
DSP Report: register u_MUL4/Complex4Multiply_twiddle_im_pipe1_reg is absorbed into DSP u_MUL4/prod1_im_reg.
DSP Report: register u_MUL4/Complex4Multiply_din1_re_pipe1_reg is absorbed into DSP u_MUL4/prod1_im_reg.
DSP Report: register u_MUL4/prod1_im_reg is absorbed into DSP u_MUL4/prod1_im_reg.
DSP Report: register u_MUL4/Complex4Multiply_mult1_im_pipe1_reg is absorbed into DSP u_MUL4/prod1_im_reg.
DSP Report: operator u_MUL4/Complex4Multiply_mult1_im_pipe10 is absorbed into DSP u_MUL4/prod1_im_reg.
DSP Report: Generating DSP u_DDC/Mixer_mul_temp, operation Mode is: A*B.
DSP Report: operator u_DDC/Mixer_mul_temp is absorbed into DSP u_DDC/Mixer_mul_temp.
DSP Report: Generating DSP u_DDC/u_LPF/Product1_mul_temp, operation Mode is: A*(B:0x3ae4e).
DSP Report: operator u_DDC/u_LPF/Product1_mul_temp is absorbed into DSP u_DDC/u_LPF/Product1_mul_temp.
DSP Report: Generating DSP u_DDC/u_LPF/Product2_mul_temp, operation Mode is: A*(B:0x3b5b8).
DSP Report: operator u_DDC/u_LPF/Product2_mul_temp is absorbed into DSP u_DDC/u_LPF/Product2_mul_temp.
DSP Report: Generating DSP u_DDC/u_LPF/Product3_mul_temp, operation Mode is: A*(B:0x3ba1d).
DSP Report: operator u_DDC/u_LPF/Product3_mul_temp is absorbed into DSP u_DDC/u_LPF/Product3_mul_temp.
DSP Report: Generating DSP u_DDC/u_LPF/Product4_mul_temp, operation Mode is: (A:0xf981)*B.
DSP Report: operator u_DDC/u_LPF/Product4_mul_temp is absorbed into DSP u_DDC/u_LPF/Product4_mul_temp.
DSP Report: Generating DSP u_DDC/u_LPF/Product5_mul_temp, operation Mode is: (A:0x9167)*B.
DSP Report: operator u_DDC/u_LPF/Product5_mul_temp is absorbed into DSP u_DDC/u_LPF/Product5_mul_temp.
DSP Report: Generating DSP u_DDC/u_LPF/Product6_mul_temp, operation Mode is: (A:0xb35e)*B.
DSP Report: operator u_DDC/u_LPF/Product6_mul_temp is absorbed into DSP u_DDC/u_LPF/Product6_mul_temp.
DSP Report: Generating DSP u_DDC/u_LPF/Product7_mul_temp, operation Mode is: (A:0x8513)*B.
DSP Report: operator u_DDC/u_LPF/Product7_mul_temp is absorbed into DSP u_DDC/u_LPF/Product7_mul_temp.
DSP Report: Generating DSP u_DDC/u_LPF/Product8_mul_temp, operation Mode is: (A:0x8513)*B.
DSP Report: operator u_DDC/u_LPF/Product8_mul_temp is absorbed into DSP u_DDC/u_LPF/Product8_mul_temp.
DSP Report: Generating DSP u_DDC/u_LPF/Product9_mul_temp, operation Mode is: (A:0xb35e)*B.
DSP Report: operator u_DDC/u_LPF/Product9_mul_temp is absorbed into DSP u_DDC/u_LPF/Product9_mul_temp.
DSP Report: Generating DSP u_DDC/u_LPF/Product10_mul_temp, operation Mode is: (A:0x9167)*B.
DSP Report: operator u_DDC/u_LPF/Product10_mul_temp is absorbed into DSP u_DDC/u_LPF/Product10_mul_temp.
DSP Report: Generating DSP u_DDC/u_LPF/Product11_mul_temp, operation Mode is: (A:0xf981)*B.
DSP Report: operator u_DDC/u_LPF/Product11_mul_temp is absorbed into DSP u_DDC/u_LPF/Product11_mul_temp.
DSP Report: Generating DSP u_DDC/u_LPF/Product12_mul_temp, operation Mode is: A*(B:0x3ba1d).
DSP Report: operator u_DDC/u_LPF/Product12_mul_temp is absorbed into DSP u_DDC/u_LPF/Product12_mul_temp.
DSP Report: Generating DSP u_DDC/u_LPF/Product13_mul_temp, operation Mode is: A*(B:0x3b5b8).
DSP Report: operator u_DDC/u_LPF/Product13_mul_temp is absorbed into DSP u_DDC/u_LPF/Product13_mul_temp.
DSP Report: Generating DSP u_DDC/u_LPF/Product14_mul_temp, operation Mode is: A*(B:0x3ae4e).
DSP Report: operator u_DDC/u_LPF/Product14_mul_temp is absorbed into DSP u_DDC/u_LPF/Product14_mul_temp.
---------------------------------------------------------------------------------
Start Pre Area Optimization
---------------------------------------------------------------------------------
---------------------------------------------------------------------------------
Start Iterative Area Optimization
---------------------------------------------------------------------------------
INFO: [Synth 8-3333] propagating constant 0 across sequential element (u_QuadrantMapper/\yAbsReg_reg[25] )
INFO: [Synth 8-3333] propagating constant 0 across sequential element (\xin1_reg[25] )
INFO: [Synth 8-3886] merging instance 'u_512_pt_FFT/intdelay_reg_1_reg[0][0]' (FDCE) to 'u_512_pt_FFT/intdelay_reg_1_reg[0][1]'
INFO: [Synth 8-3886] merging instance 'u_512_pt_FFT/intdelay_reg_1_reg[1][0]' (FDCE) to 'u_512_pt_FFT/intdelay_reg_1_reg[1][1]'
INFO: [Synth 8-3886] merging instance 'u_512_pt_FFT/intdelay_reg_1_reg[2][0]' (FDCE) to 'u_512_pt_FFT/intdelay_reg_1_reg[2][1]'
INFO: [Synth 8-3886] merging instance 'u_512_pt_FFT/intdelay_reg_1_reg[0][1]' (FDCE) to 'u_512_pt_FFT/intdelay_reg_1_reg[0][2]'
INFO: [Synth 8-3886] merging instance 'u_512_pt_FFT/intdelay_reg_1_reg[1][1]' (FDCE) to 'u_512_pt_FFT/intdelay_reg_1_reg[1][2]'
INFO: [Synth 8-3886] merging instance 'u_512_pt_FFT/intdelay_reg_1_reg[2][1]' (FDCE) to 'u_512_pt_FFT/intdelay_reg_1_reg[2][2]'
INFO: [Synth 8-3886] merging instance 'u_512_pt_FFT/intdelay_reg_1_reg[0][2]' (FDCE) to 'u_512_pt_FFT/intdelay_reg_1_reg[0][3]'
INFO: [Synth 8-3886] merging instance 'u_512_pt_FFT/intdelay_reg_1_reg[1][2]' (FDCE) to 'u_512_pt_FFT/intdelay_reg_1_reg[1][3]'
INFO: [Synth 8-3886] merging instance 'u_512_pt_FFT/intdelay_reg_1_reg[2][2]' (FDCE) to 'u_512_pt_FFT/intdelay_reg_1_reg[2][3]'
INFO: [Synth 8-3886] merging instance 'u_512_pt_FFT/intdelay_reg_1_reg[0][3]' (FDCE) to 'u_512_pt_FFT/intdelay_reg_1_reg[0][4]'
INFO: [Synth 8-3886] merging instance 'u_512_pt_FFT/intdelay_reg_1_reg[1][3]' (FDCE) to 'u_512_pt_FFT/intdelay_reg_1_reg[1][4]'
INFO: [Synth 8-3886] merging instance 'u_512_pt_FFT/intdelay_reg_1_reg[2][3]' (FDCE) to 'u_512_pt_FFT/intdelay_reg_1_reg[2][4]'
INFO: [Synth 8-3886] merging instance 'u_512_pt_FFT/intdelay_reg_1_reg[0][4]' (FDCE) to 'u_512_pt_FFT/intdelay_reg_1_reg[0][5]'
INFO: [Synth 8-3886] merging instance 'u_512_pt_FFT/intdelay_reg_1_reg[1][4]' (FDCE) to 'u_512_pt_FFT/intdelay_reg_1_reg[1][5]'
INFO: [Synth 8-3886] merging instance 'u_512_pt_FFT/intdelay_reg_1_reg[2][4]' (FDCE) to 'u_512_pt_FFT/intdelay_reg_1_reg[2][5]'
INFO: [Synth 8-3886] merging instance 'u_512_pt_FFT/intdelay_reg_1_reg[0][5]' (FDCE) to 'u_512_pt_FFT/intdelay_reg_1_reg[0][6]'
INFO: [Synth 8-3886] merging instance 'u_512_pt_FFT/intdelay_reg_1_reg[1][5]' (FDCE) to 'u_512_pt_FFT/intdelay_reg_1_reg[1][6]'
INFO: [Synth 8-3886] merging instance 'u_512_pt_FFT/intdelay_reg_1_reg[2][5]' (FDCE) to 'u_512_pt_FFT/intdelay_reg_1_reg[2][6]'
INFO: [Synth 8-3886] merging instance 'u_512_pt_FFT/intdelay_reg_1_reg[0][6]' (FDCE) to 'u_512_pt_FFT/intdelay_reg_1_reg[0][7]'
INFO: [Synth 8-3886] merging instance 'u_512_pt_FFT/intdelay_reg_1_reg[1][6]' (FDCE) to 'u_512_pt_FFT/intdelay_reg_1_reg[1][7]'
INFO: [Synth 8-3886] merging instance 'u_512_pt_FFT/intdelay_reg_1_reg[2][6]' (FDCE) to 'u_512_pt_FFT/intdelay_reg_1_reg[2][7]'
INFO: [Synth 8-3886] merging instance 'u_512_pt_FFT/intdelay_reg_1_reg[0][7]' (FDCE) to 'u_512_pt_FFT/intdelay_reg_1_reg[0][8]'
INFO: [Synth 8-3886] merging instance 'u_512_pt_FFT/intdelay_reg_1_reg[1][7]' (FDCE) to 'u_512_pt_FFT/intdelay_reg_1_reg[1][8]'
INFO: [Synth 8-3886] merging instance 'u_512_pt_FFT/intdelay_reg_1_reg[2][7]' (FDCE) to 'u_512_pt_FFT/intdelay_reg_1_reg[2][8]'
INFO: [Synth 8-3886] merging instance 'u_512_pt_FFT/intdelay_reg_1_reg[0][8]' (FDCE) to 'u_512_pt_FFT/intdelay_reg_1_reg[0][9]'
INFO: [Synth 8-3886] merging instance 'u_512_pt_FFT/intdelay_reg_1_reg[1][8]' (FDCE) to 'u_512_pt_FFT/intdelay_reg_1_reg[1][9]'
INFO: [Synth 8-3886] merging instance 'u_512_pt_FFT/intdelay_reg_1_reg[2][8]' (FDCE) to 'u_512_pt_FFT/intdelay_reg_1_reg[2][9]'
INFO: [Synth 8-3886] merging instance 'u_512_pt_FFT/intdelay_reg_1_reg[0][9]' (FDCE) to 'u_512_pt_FFT/intdelay_reg_1_reg[0][10]'
INFO: [Synth 8-3886] merging instance 'u_512_pt_FFT/intdelay_reg_1_reg[1][9]' (FDCE) to 'u_512_pt_FFT/intdelay_reg_1_reg[1][10]'
INFO: [Synth 8-3886] merging instance 'u_512_pt_FFT/intdelay_reg_1_reg[2][9]' (FDCE) to 'u_512_pt_FFT/intdelay_reg_1_reg[2][10]'
INFO: [Synth 8-3886] merging instance 'u_512_pt_FFT/intdelay_reg_1_reg[0][10]' (FDCE) to 'u_512_pt_FFT/intdelay_reg_1_reg[0][11]'
INFO: [Synth 8-3886] merging instance 'u_512_pt_FFT/intdelay_reg_1_reg[1][10]' (FDCE) to 'u_512_pt_FFT/intdelay_reg_1_reg[1][11]'
INFO: [Synth 8-3886] merging instance 'u_512_pt_FFT/intdelay_reg_1_reg[2][10]' (FDCE) to 'u_512_pt_FFT/intdelay_reg_1_reg[2][11]'
INFO: [Synth 8-3886] merging instance 'u_512_pt_FFT/intdelay_reg_1_reg[0][11]' (FDCE) to 'u_512_pt_FFT/intdelay_reg_1_reg[0][12]'
INFO: [Synth 8-3886] merging instance 'u_512_pt_FFT/intdelay_reg_1_reg[1][11]' (FDCE) to 'u_512_pt_FFT/intdelay_reg_1_reg[1][12]'
INFO: [Synth 8-3886] merging instance 'u_512_pt_FFT/intdelay_reg_1_reg[2][11]' (FDCE) to 'u_512_pt_FFT/intdelay_reg_1_reg[2][12]'
INFO: [Synth 8-3886] merging instance 'u_512_pt_FFT/intdelay_reg_1_reg[0][12]' (FDCE) to 'u_512_pt_FFT/intdelay_reg_1_reg[0][13]'
INFO: [Synth 8-3886] merging instance 'u_512_pt_FFT/intdelay_reg_1_reg[1][12]' (FDCE) to 'u_512_pt_FFT/intdelay_reg_1_reg[1][13]'
INFO: [Synth 8-3886] merging instance 'u_512_pt_FFT/intdelay_reg_1_reg[2][12]' (FDCE) to 'u_512_pt_FFT/intdelay_reg_1_reg[2][13]'
INFO: [Synth 8-3886] merging instance 'u_512_pt_FFT/intdelay_reg_1_reg[0][13]' (FDCE) to 'u_512_pt_FFT/intdelay_reg_1_reg[0][14]'
INFO: [Synth 8-3886] merging instance 'u_512_pt_FFT/intdelay_reg_1_reg[1][13]' (FDCE) to 'u_512_pt_FFT/intdelay_reg_1_reg[1][14]'
INFO: [Synth 8-3886] merging instance 'u_512_pt_FFT/intdelay_reg_1_reg[2][13]' (FDCE) to 'u_512_pt_FFT/intdelay_reg_1_reg[2][14]'
INFO: [Synth 8-3886] merging instance 'u_512_pt_FFT/intdelay_reg_1_reg[0][14]' (FDCE) to 'u_512_pt_FFT/intdelay_reg_1_reg[0][15]'
INFO: [Synth 8-3886] merging instance 'u_512_pt_FFT/intdelay_reg_1_reg[1][14]' (FDCE) to 'u_512_pt_FFT/intdelay_reg_1_reg[1][15]'
INFO: [Synth 8-3886] merging instance 'u_512_pt_FFT/intdelay_reg_1_reg[2][14]' (FDCE) to 'u_512_pt_FFT/intdelay_reg_1_reg[2][15]'
INFO: [Synth 8-3333] propagating constant 0 across sequential element (u_512_pt_FFT/\intdelay_reg_1_reg[0][15] )
INFO: [Synth 8-3886] merging instance 'u_512_pt_FFT/intdelay_reg_1_reg[1][15]' (FDCE) to 'u_512_pt_FFT/intdelay_reg_1_reg[0][15]'
INFO: [Synth 8-3886] merging instance 'u_512_pt_FFT/u_SDF1_1_1/dinXTwdl_re_reg[16]' (FDCE) to 'u_512_pt_FFT/u_SDF1_1_1/dinXTwdl_re_reg[15]'
INFO: [Synth 8-3886] merging instance 'u_512_pt_FFT/u_SDF1_1_1/Radix22ButterflyG1_dinXtwdl_re_dly1_reg[16]' (FDCE) to 'u_512_pt_FFT/u_SDF1_1_1/Radix22ButterflyG1_dinXtwdl_re_dly1_reg[15]'
INFO: [Synth 8-3886] merging instance 'u_512_pt_FFT/u_SDF1_1_1/Radix22ButterflyG1_dinXtwdl_re_dly2_reg[16]' (FDCE) to 'u_512_pt_FFT/u_SDF1_1_1/Radix22ButterflyG1_dinXtwdl_re_dly2_reg[15]'
INFO: [Synth 8-3886] merging instance 'u_512_pt_FFT/u_SDF1_1_1/dinXTwdl_im_reg[16]' (FDCE) to 'u_512_pt_FFT/u_SDF1_1_1/dinXTwdl_im_reg[15]'
INFO: [Synth 8-3886] merging instance 'u_512_pt_FFT/u_SDF1_1_1/Radix22ButterflyG1_dinXtwdl_im_dly1_reg[16]' (FDCE) to 'u_512_pt_FFT/u_SDF1_1_1/Radix22ButterflyG1_dinXtwdl_im_dly1_reg[15]'
INFO: [Synth 8-3886] merging instance 'u_512_pt_FFT/u_SDF1_1_1/Radix22ButterflyG1_dinXtwdl_im_dly2_reg[16]' (FDCE) to 'u_512_pt_FFT/u_SDF1_1_1/Radix22ButterflyG1_dinXtwdl_im_dly2_reg[15]'
INFO: [Synth 8-3886] merging instance 'u_512_pt_FFT/u_SDF1_1_1/Radix22ButterflyG1_x_im_dly1_reg[0]' (FDCE) to 'u_512_pt_FFT/u_SDF1_1_1/Radix22ButterflyG1_x_im_dly1_reg[1]'
INFO: [Synth 8-3886] merging instance 'u_512_pt_FFT/u_SDF1_1_1/xf_im_reg[0]' (FDCE) to 'u_512_pt_FFT/u_SDF1_1_1/xf_im_reg[1]'
INFO: [Synth 8-3886] merging instance 'u_512_pt_FFT/u_SDF1_1_1/Radix22ButterflyG1_x_im_dly1_reg[1]' (FDCE) to 'u_512_pt_FFT/u_SDF1_1_1/Radix22ButterflyG1_x_im_dly1_reg[2]'
INFO: [Synth 8-3886] merging instance 'u_512_pt_FFT/u_SDF1_1_1/xf_im_reg[1]' (FDCE) to 'u_512_pt_FFT/u_SDF1_1_1/xf_im_reg[2]'
INFO: [Synth 8-3886] merging instance 'u_512_pt_FFT/u_SDF1_1_1/Radix22ButterflyG1_x_im_dly1_reg[2]' (FDCE) to 'u_512_pt_FFT/u_SDF1_1_1/Radix22ButterflyG1_x_im_dly1_reg[3]'
INFO: [Synth 8-3886] merging instance 'u_512_pt_FFT/u_SDF1_1_1/xf_im_reg[2]' (FDCE) to 'u_512_pt_FFT/u_SDF1_1_1/xf_im_reg[3]'
INFO: [Synth 8-3886] merging instance 'u_512_pt_FFT/u_SDF1_1_1/Radix22ButterflyG1_x_im_dly1_reg[3]' (FDCE) to 'u_512_pt_FFT/u_SDF1_1_1/Radix22ButterflyG1_x_im_dly1_reg[4]'
INFO: [Synth 8-3886] merging instance 'u_512_pt_FFT/u_SDF1_1_1/xf_im_reg[3]' (FDCE) to 'u_512_pt_FFT/u_SDF1_1_1/xf_im_reg[4]'
INFO: [Synth 8-3886] merging instance 'u_512_pt_FFT/u_SDF1_1_1/Radix22ButterflyG1_x_im_dly1_reg[4]' (FDCE) to 'u_512_pt_FFT/u_SDF1_1_1/Radix22ButterflyG1_x_im_dly1_reg[5]'
INFO: [Synth 8-3886] merging instance 'u_512_pt_FFT/u_SDF1_1_1/xf_im_reg[4]' (FDCE) to 'u_512_pt_FFT/u_SDF1_1_1/xf_im_reg[5]'
INFO: [Synth 8-3886] merging instance 'u_512_pt_FFT/u_SDF1_1_1/Radix22ButterflyG1_x_im_dly1_reg[5]' (FDCE) to 'u_512_pt_FFT/u_SDF1_1_1/Radix22ButterflyG1_x_im_dly1_reg[6]'
INFO: [Synth 8-3886] merging instance 'u_512_pt_FFT/u_SDF1_1_1/xf_im_reg[5]' (FDCE) to 'u_512_pt_FFT/u_SDF1_1_1/xf_im_reg[6]'
INFO: [Synth 8-3886] merging instance 'u_512_pt_FFT/u_SDF1_1_1/Radix22ButterflyG1_x_im_dly1_reg[6]' (FDCE) to 'u_512_pt_FFT/u_SDF1_1_1/Radix22ButterflyG1_x_im_dly1_reg[7]'
INFO: [Synth 8-3886] merging instance 'u_512_pt_FFT/u_SDF1_1_1/xf_im_reg[6]' (FDCE) to 'u_512_pt_FFT/u_SDF1_1_1/xf_im_reg[7]'
INFO: [Synth 8-3886] merging instance 'u_512_pt_FFT/u_SDF1_1_1/Radix22ButterflyG1_x_im_dly1_reg[7]' (FDCE) to 'u_512_pt_FFT/u_SDF1_1_1/Radix22ButterflyG1_x_im_dly1_reg[8]'
INFO: [Synth 8-3886] merging instance 'u_512_pt_FFT/u_SDF1_1_1/xf_im_reg[7]' (FDCE) to 'u_512_pt_FFT/u_SDF1_1_1/xf_im_reg[8]'
INFO: [Synth 8-3886] merging instance 'u_512_pt_FFT/u_SDF1_1_1/Radix22ButterflyG1_x_im_dly1_reg[8]' (FDCE) to 'u_512_pt_FFT/u_SDF1_1_1/Radix22ButterflyG1_x_im_dly1_reg[9]'
INFO: [Synth 8-3886] merging instance 'u_512_pt_FFT/u_SDF1_1_1/xf_im_reg[8]' (FDCE) to 'u_512_pt_FFT/u_SDF1_1_1/xf_im_reg[9]'
INFO: [Synth 8-3886] merging instance 'u_512_pt_FFT/u_SDF1_1_1/Radix22ButterflyG1_x_im_dly1_reg[9]' (FDCE) to 'u_512_pt_FFT/u_SDF1_1_1/Radix22ButterflyG1_x_im_dly1_reg[10]'
INFO: [Synth 8-3886] merging instance 'u_512_pt_FFT/u_SDF1_1_1/xf_im_reg[9]' (FDCE) to 'u_512_pt_FFT/u_SDF1_1_1/xf_im_reg[10]'
INFO: [Synth 8-3886] merging instance 'u_512_pt_FFT/u_SDF1_1_1/Radix22ButterflyG1_x_im_dly1_reg[10]' (FDCE) to 'u_512_pt_FFT/u_SDF1_1_1/Radix22ButterflyG1_x_im_dly1_reg[11]'
INFO: [Synth 8-3886] merging instance 'u_512_pt_FFT/u_SDF1_1_1/xf_im_reg[10]' (FDCE) to 'u_512_pt_FFT/u_SDF1_1_1/xf_im_reg[11]'
INFO: [Synth 8-3886] merging instance 'u_512_pt_FFT/u_SDF1_1_1/Radix22ButterflyG1_x_im_dly1_reg[11]' (FDCE) to 'u_512_pt_FFT/u_SDF1_1_1/Radix22ButterflyG1_x_im_dly1_reg[12]'
INFO: [Synth 8-3886] merging instance 'u_512_pt_FFT/u_SDF1_1_1/xf_im_reg[11]' (FDCE) to 'u_512_pt_FFT/u_SDF1_1_1/xf_im_reg[12]'
INFO: [Synth 8-3886] merging instance 'u_512_pt_FFT/u_SDF1_1_1/Radix22ButterflyG1_x_im_dly1_reg[12]' (FDCE) to 'u_512_pt_FFT/u_SDF1_1_1/Radix22ButterflyG1_x_im_dly1_reg[13]'
INFO: [Synth 8-3886] merging instance 'u_512_pt_FFT/u_SDF1_1_1/xf_im_reg[12]' (FDCE) to 'u_512_pt_FFT/u_SDF1_1_1/xf_im_reg[13]'
INFO: [Synth 8-3886] merging instance 'u_512_pt_FFT/u_SDF1_1_1/Radix22ButterflyG1_x_im_dly1_reg[13]' (FDCE) to 'u_512_pt_FFT/u_SDF1_1_1/Radix22ButterflyG1_x_im_dly1_reg[14]'
INFO: [Synth 8-3886] merging instance 'u_512_pt_FFT/u_SDF1_1_1/xf_im_reg[13]' (FDCE) to 'u_512_pt_FFT/u_SDF1_1_1/xf_im_reg[14]'
INFO: [Synth 8-3886] merging instance 'u_512_pt_FFT/u_SDF1_1_1/Radix22ButterflyG1_x_im_dly1_reg[14]' (FDCE) to 'u_512_pt_FFT/u_SDF1_1_1/Radix22ButterflyG1_x_im_dly1_reg[15]'
INFO: [Synth 8-3886] merging instance 'u_512_pt_FFT/u_SDF1_1_1/xf_im_reg[14]' (FDCE) to 'u_512_pt_FFT/u_SDF1_1_1/xf_im_reg[15]'
INFO: [Synth 8-3886] merging instance 'u_512_pt_FFT/u_SDF1_1_1/Radix22ButterflyG1_x_im_dly1_reg[15]' (FDCE) to 'u_512_pt_FFT/u_SDF1_1_1/Radix22ButterflyG1_x_im_dly1_reg[16]'
INFO: [Synth 8-3886] merging instance 'u_512_pt_FFT/u_SDF1_1_1/xf_im_reg[15]' (FDCE) to 'u_512_pt_FFT/u_SDF1_1_1/xf_im_reg[16]'
INFO: [Synth 8-3333] propagating constant 0 across sequential element (u_512_pt_FFT/u_SDF1_1_1/\Radix22ButterflyG1_x_im_dly1_reg[16] )
INFO: [Synth 8-3886] merging instance 'u_512_pt_FFT/u_SDF1_1_1/xf_im_reg[16]' (FDCE) to 'u_512_pt_FFT/u_SDF1_1_1/Radix22ButterflyG1_x_im_dly1_reg[16]'
INFO: [Synth 8-3886] merging instance 'u_512_pt_FFT/u_SDF2_2_1/Radix22ButterflyG2_din_re_dly_reg[17]' (FDCE) to 'u_512_pt_FFT/u_SDF2_2_1/Radix22ButterflyG2_din_re_dly_reg[16]'
INFO: [Synth 8-3886] merging instance 'u_512_pt_FFT/u_SDF2_2_1/Radix22ButterflyG2_dinXTwdl_re_dly2_reg[17]' (FDCE) to 'u_512_pt_FFT/u_SDF2_2_1/Radix22ButterflyG2_dinXTwdl_re_dly2_reg[16]'
INFO: [Synth 8-3886] merging instance 'u_512_pt_FFT/u_SDF2_2_1/Radix22ButterflyG2_din_im_dly_reg[17]' (FDCE) to 'u_512_pt_FFT/u_SDF2_2_1/Radix22ButterflyG2_din_im_dly_reg[16]'
INFO: [Synth 8-3886] merging instance 'u_512_pt_FFT/u_SDF2_2_1/Radix22ButterflyG2_dinXTwdl_im_dly2_reg[17]' (FDCE) to 'u_512_pt_FFT/u_SDF2_2_1/Radix22ButterflyG2_dinXTwdl_im_dly2_reg[16]'
INFO: [Synth 8-3333] propagating constant 0 across sequential element (u_512_pt_FFT/u_twdlROM_3_1/\twiddleReg_re_reg[15] )
INFO: [Synth 8-3886] merging instance 'u_512_pt_FFT/u_SDF1_3_1/u_MUL4/din_re_reg_reg[17]' (FDCE) to 'u_512_pt_FFT/u_SDF1_3_1/u_MUL4/din_re_reg_reg[18]'
INFO: [Synth 8-3886] merging instance 'u_512_pt_FFT/u_SDF1_3_1/u_MUL4/din_im_reg_reg[17]' (FDCE) to 'u_512_pt_FFT/u_SDF1_3_1/u_MUL4/din_im_reg_reg[18]'
INFO: [Synth 8-3886] merging instance 'u_512_pt_FFT/u_SDF2_4_1/Radix22ButterflyG2_din_re_dly_reg[19]' (FDCE) to 'u_512_pt_FFT/u_SDF2_4_1/Radix22ButterflyG2_din_re_dly_reg[18]'
INFO: [Synth 8-3886] merging instance 'u_512_pt_FFT/u_SDF2_4_1/Radix22ButterflyG2_dinXTwdl_re_dly2_reg[19]' (FDCE) to 'u_512_pt_FFT/u_SDF2_4_1/Radix22ButterflyG2_dinXTwdl_re_dly2_reg[18]'
INFO: [Synth 8-3886] merging instance 'u_512_pt_FFT/u_SDF2_4_1/Radix22ButterflyG2_din_im_dly_reg[19]' (FDCE) to 'u_512_pt_FFT/u_SDF2_4_1/Radix22ButterflyG2_din_im_dly_reg[18]'
INFO: [Synth 8-3886] merging instance 'u_512_pt_FFT/u_SDF2_4_1/Radix22ButterflyG2_dinXTwdl_im_dly2_reg[19]' (FDCE) to 'u_512_pt_FFT/u_SDF2_4_1/Radix22ButterflyG2_dinXTwdl_im_dly2_reg[18]'
INFO: [Synth 8-3333] propagating constant 0 across sequential element (u_512_pt_FFT/u_twdlROM_5_1/\twiddleReg_re_reg[15] )
INFO: [Synth 8-3886] merging instance 'u_512_pt_FFT/u_SDF1_5_1/u_MUL4/din_re_reg_reg[19]' (FDCE) to 'u_512_pt_FFT/u_SDF1_5_1/u_MUL4/din_re_reg_reg[20]'
INFO: [Synth 8-3886] merging instance 'u_512_pt_FFT/u_SDF1_5_1/u_MUL4/din_im_reg_reg[19]' (FDCE) to 'u_512_pt_FFT/u_SDF1_5_1/u_MUL4/din_im_reg_reg[20]'
INFO: [Synth 8-3886] merging instance 'u_512_pt_FFT/u_SDF2_6_1/Radix22ButterflyG2_din_re_dly_reg[21]' (FDCE) to 'u_512_pt_FFT/u_SDF2_6_1/Radix22ButterflyG2_din_re_dly_reg[20]'
INFO: [Synth 8-3886] merging instance 'u_512_pt_FFT/u_SDF2_6_1/u_SDFCOMMUTATOR_6/SDFCummutator_wrData_re_reg_reg[21]' (FDCE) to 'u_512_pt_FFT/u_SDF2_6_1/u_SDFCOMMUTATOR_6/SDFCummutator_wrData_re_reg_reg[20]'
INFO: [Synth 8-3886] merging instance 'u_512_pt_FFT/u_SDF2_6_1/Radix22ButterflyG2_din_im_dly_reg[21]' (FDCE) to 'u_512_pt_FFT/u_SDF2_6_1/Radix22ButterflyG2_din_im_dly_reg[20]'
INFO: [Common 17-14] Message 'Synth 8-3886' appears 100 times and further instances of the messages will be disabled. Use the Tcl command set_msg_config to change the current settings.
INFO: [Common 17-14] Message 'Synth 8-3886' appears 100 times and further instances of the messages will be disabled. Use the Tcl command set_msg_config to change the current settings.
INFO: [Synth 8-3333] propagating constant 0 across sequential element (u_512_pt_FFT/u_twdlROM_7_1/\twiddleReg_re_reg[15] )
INFO: [Synth 8-3333] propagating constant 0 across sequential element (u_512_pt_FFT/u_twdlROM_9/\twiddleReg_re_reg[15] )
INFO: [Synth 8-3333] propagating constant 0 across sequential element (u_512_pt_FFT/u_RADIX2/\u_SDFCOMMUTATOR_9/SDFCummutator_wrAddr_reg_reg )
INFO: [Synth 8-3333] propagating constant 0 across sequential element (u_512_pt_FFT/\u_CTRLRX2/SDFController_rdAddr_reg_reg )
INFO: [Synth 8-3333] propagating constant 0 across sequential element (u_512_pt_FFT/u_RADIX2/\u_SDFCOMMUTATOR_9/SDFCummutator_xWrAddr_reg[0] )
INFO: [Synth 8-3333] propagating constant 0 across sequential element (u_512_pt_FFT/u_twdlROM_5_1/Radix22TwdlMapping_cnt0_inferred/\Radix22TwdlMapping_cnt_reg[0] )
INFO: [Synth 8-3333] propagating constant 0 across sequential element (u_512_pt_FFT/u_twdlROM_5_1/Radix22TwdlMapping_cnt0_inferred/\Radix22TwdlMapping_cnt_reg[1] )
INFO: [Synth 8-3333] propagating constant 0 across sequential element (u_512_pt_FFT/u_twdlROM_7_1/Radix22TwdlMapping_cnt0_inferred/\Radix22TwdlMapping_cnt_reg[0] )
INFO: [Synth 8-3333] propagating constant 0 across sequential element (u_512_pt_FFT/u_twdlROM_7_1/Radix22TwdlMapping_cnt0_inferred/\Radix22TwdlMapping_cnt_reg[1] )
INFO: [Synth 8-3333] propagating constant 0 across sequential element (u_512_pt_FFT/u_twdlROM_7_1/Radix22TwdlMapping_cnt0_inferred/\Radix22TwdlMapping_cnt_reg[2] )
INFO: [Synth 8-3333] propagating constant 0 across sequential element (u_512_pt_FFT/u_twdlROM_7_1/Radix22TwdlMapping_cnt0_inferred/\Radix22TwdlMapping_cnt_reg[3] )
INFO: [Synth 8-3333] propagating constant 0 across sequential element (u_512_pt_FFT/u_twdlROM_9/Radix22TwdlMapping_cnt0_inferred/\Radix22TwdlMapping_cnt_reg[5] )
INFO: [Synth 8-3333] propagating constant 0 across sequential element (u_512_pt_FFT/u_twdlROM_9/Radix22TwdlMapping_cnt0_inferred/\Radix22TwdlMapping_cnt_reg[0] )
INFO: [Synth 8-3333] propagating constant 0 across sequential element (u_512_pt_FFT/u_twdlROM_9/Radix22TwdlMapping_cnt0_inferred/\Radix22TwdlMapping_cnt_reg[1] )
INFO: [Synth 8-3333] propagating constant 0 across sequential element (u_512_pt_FFT/u_twdlROM_9/Radix22TwdlMapping_cnt0_inferred/\Radix22TwdlMapping_cnt_reg[2] )
INFO: [Synth 8-3333] propagating constant 0 across sequential element (u_512_pt_FFT/u_twdlROM_9/Radix22TwdlMapping_cnt0_inferred/\Radix22TwdlMapping_cnt_reg[3] )
INFO: [Synth 8-3333] propagating constant 0 across sequential element (u_512_pt_FFT/u_twdlROM_9/Radix22TwdlMapping_cnt0_inferred/\Radix22TwdlMapping_cnt_reg[4] )
INFO: [Synth 8-3333] propagating constant 0 across sequential element (u_512_pt_FFT/\intdelay_reg_1_reg[0][15] )
INFO: [Synth 8-3333] propagating constant 0 across sequential element (u_512_pt_FFT/u_SDF1_1_1/\Radix22ButterflyG1_x_im_dly1_reg[16] )
INFO: [Synth 8-3333] propagating constant 0 across sequential element (u_512_pt_FFT/u_twdlROM_5_1/\Radix22TwdlMapping_twdlAddr_raw_reg[1] )
INFO: [Synth 8-3333] propagating constant 0 across sequential element (u_512_pt_FFT/u_twdlROM_7_1/\Radix22TwdlMapping_twdlAddr_raw_reg[3] )
INFO: [Synth 8-3333] propagating constant 0 across sequential element (u_512_pt_FFT/u_twdlROM_9/\Radix22TwdlMapping_twdlAddr_raw_reg[8] )
INFO: [Synth 8-3333] propagating constant 0 across sequential element (u_512_pt_FFT/u_RADIX2/\twoLocationReg_0_MEM_im_1_reg[24] )
INFO: [Synth 8-3333] propagating constant 0 across sequential element (u_512_pt_FFT/u_RADIX2/\twoLocationReg_0_MEM_im_1_reg[16] )
INFO: [Synth 8-3333] propagating constant 0 across sequential element (u_512_pt_FFT/u_RADIX2/\twoLocationReg_0_MEM_im_1_reg[17] )
INFO: [Synth 8-3333] propagating constant 0 across sequential element (u_512_pt_FFT/u_RADIX2/\twoLocationReg_0_MEM_im_1_reg[18] )
INFO: [Synth 8-3333] propagating constant 0 across sequential element (u_512_pt_FFT/u_RADIX2/\twoLocationReg_0_MEM_im_1_reg[19] )
INFO: [Synth 8-3333] propagating constant 0 across sequential element (u_512_pt_FFT/u_RADIX2/\twoLocationReg_0_MEM_im_1_reg[20] )
INFO: [Synth 8-3333] propagating constant 0 across sequential element (u_512_pt_FFT/u_RADIX2/\twoLocationReg_0_MEM_im_1_reg[21] )
INFO: [Synth 8-3333] propagating constant 0 across sequential element (u_512_pt_FFT/u_RADIX2/\twoLocationReg_0_MEM_im_1_reg[22] )
INFO: [Synth 8-3333] propagating constant 0 across sequential element (u_512_pt_FFT/u_RADIX2/\twoLocationReg_0_MEM_im_1_reg[23] )
INFO: [Synth 8-3333] propagating constant 0 across sequential element (u_512_pt_FFT/u_RADIX2/\twoLocationReg_0_MEM_im_1_reg[15] )
INFO: [Synth 8-3333] propagating constant 0 across sequential element (u_512_pt_FFT/u_RADIX2/\twoLocationReg_0_MEM_im_1_reg[0] )
INFO: [Synth 8-3333] propagating constant 0 across sequential element (u_512_pt_FFT/u_RADIX2/\twoLocationReg_0_MEM_im_1_reg[1] )
INFO: [Synth 8-3333] propagating constant 0 across sequential element (u_512_pt_FFT/u_RADIX2/\twoLocationReg_0_MEM_im_1_reg[2] )
INFO: [Synth 8-3333] propagating constant 0 across sequential element (u_512_pt_FFT/u_RADIX2/\twoLocationReg_0_MEM_im_1_reg[3] )
INFO: [Synth 8-3333] propagating constant 0 across sequential element (u_512_pt_FFT/u_RADIX2/\twoLocationReg_0_MEM_im_1_reg[4] )
INFO: [Synth 8-3333] propagating constant 0 across sequential element (u_512_pt_FFT/u_RADIX2/\twoLocationReg_0_MEM_im_1_reg[5] )
INFO: [Synth 8-3333] propagating constant 0 across sequential element (u_512_pt_FFT/u_RADIX2/\twoLocationReg_0_MEM_im_1_reg[6] )
INFO: [Synth 8-3333] propagating constant 0 across sequential element (u_512_pt_FFT/u_RADIX2/\twoLocationReg_0_MEM_im_1_reg[7] )
INFO: [Synth 8-3333] propagating constant 0 across sequential element (u_512_pt_FFT/u_RADIX2/\twoLocationReg_0_MEM_im_1_reg[8] )
INFO: [Synth 8-3333] propagating constant 0 across sequential element (u_512_pt_FFT/u_RADIX2/\twoLocationReg_0_MEM_im_1_reg[9] )
INFO: [Synth 8-3333] propagating constant 0 across sequential element (u_512_pt_FFT/u_RADIX2/\twoLocationReg_0_MEM_im_1_reg[10] )
INFO: [Synth 8-3333] propagating constant 0 across sequential element (u_512_pt_FFT/u_RADIX2/\twoLocationReg_0_MEM_im_1_reg[11] )
INFO: [Synth 8-3333] propagating constant 0 across sequential element (u_512_pt_FFT/u_RADIX2/\twoLocationReg_0_MEM_im_1_reg[12] )
INFO: [Synth 8-3333] propagating constant 0 across sequential element (u_512_pt_FFT/u_RADIX2/\twoLocationReg_0_MEM_im_1_reg[13] )
INFO: [Synth 8-3333] propagating constant 0 across sequential element (u_512_pt_FFT/u_RADIX2/\twoLocationReg_0_MEM_im_1_reg[14] )
INFO: [Synth 8-3333] propagating constant 0 across sequential element (u_512_pt_FFT/u_RADIX2/\twoLocationReg_0_MEM_re_1_reg[24] )
INFO: [Synth 8-3333] propagating constant 0 across sequential element (u_512_pt_FFT/u_RADIX2/\twoLocationReg_0_MEM_re_1_reg[16] )
INFO: [Synth 8-3333] propagating constant 0 across sequential element (u_512_pt_FFT/u_RADIX2/\twoLocationReg_0_MEM_re_1_reg[17] )
INFO: [Synth 8-3333] propagating constant 0 across sequential element (u_512_pt_FFT/u_RADIX2/\twoLocationReg_0_MEM_re_1_reg[18] )
INFO: [Synth 8-3333] propagating constant 0 across sequential element (u_512_pt_FFT/u_RADIX2/\twoLocationReg_0_MEM_re_1_reg[19] )
INFO: [Synth 8-3333] propagating constant 0 across sequential element (u_512_pt_FFT/u_RADIX2/\twoLocationReg_0_MEM_re_1_reg[20] )
INFO: [Synth 8-3333] propagating constant 0 across sequential element (u_512_pt_FFT/u_RADIX2/\twoLocationReg_0_MEM_re_1_reg[21] )
INFO: [Synth 8-3333] propagating constant 0 across sequential element (u_512_pt_FFT/u_RADIX2/\twoLocationReg_0_MEM_re_1_reg[22] )
INFO: [Synth 8-3333] propagating constant 0 across sequential element (u_512_pt_FFT/u_RADIX2/\twoLocationReg_0_MEM_re_1_reg[23] )
INFO: [Synth 8-3333] propagating constant 0 across sequential element (u_512_pt_FFT/u_RADIX2/\twoLocationReg_0_MEM_re_1_reg[15] )
INFO: [Synth 8-3333] propagating constant 0 across sequential element (u_512_pt_FFT/u_RADIX2/\twoLocationReg_0_MEM_re_1_reg[0] )
INFO: [Synth 8-3333] propagating constant 0 across sequential element (u_512_pt_FFT/u_RADIX2/\twoLocationReg_0_MEM_re_1_reg[1] )
INFO: [Synth 8-3333] propagating constant 0 across sequential element (u_512_pt_FFT/u_RADIX2/\twoLocationReg_0_MEM_re_1_reg[2] )
INFO: [Synth 8-3333] propagating constant 0 across sequential element (u_512_pt_FFT/u_RADIX2/\twoLocationReg_0_MEM_re_1_reg[3] )
INFO: [Synth 8-3333] propagating constant 0 across sequential element (u_512_pt_FFT/u_RADIX2/\twoLocationReg_0_MEM_re_1_reg[4] )
INFO: [Synth 8-3333] propagating constant 0 across sequential element (u_512_pt_FFT/u_RADIX2/\twoLocationReg_0_MEM_re_1_reg[5] )
INFO: [Synth 8-3333] propagating constant 0 across sequential element (u_512_pt_FFT/u_RADIX2/\twoLocationReg_0_MEM_re_1_reg[6] )
INFO: [Synth 8-3333] propagating constant 0 across sequential element (u_512_pt_FFT/u_RADIX2/\twoLocationReg_0_MEM_re_1_reg[7] )
INFO: [Synth 8-3333] propagating constant 0 across sequential element (u_512_pt_FFT/u_RADIX2/\twoLocationReg_0_MEM_re_1_reg[8] )
INFO: [Synth 8-3333] propagating constant 0 across sequential element (u_512_pt_FFT/u_RADIX2/\twoLocationReg_0_MEM_re_1_reg[9] )
INFO: [Synth 8-3333] propagating constant 0 across sequential element (u_512_pt_FFT/u_RADIX2/\twoLocationReg_0_MEM_re_1_reg[10] )
INFO: [Synth 8-3333] propagating constant 0 across sequential element (u_512_pt_FFT/u_RADIX2/\twoLocationReg_0_MEM_re_1_reg[11] )
INFO: [Synth 8-3333] propagating constant 0 across sequential element (u_512_pt_FFT/u_RADIX2/\twoLocationReg_0_MEM_re_1_reg[12] )
INFO: [Synth 8-3333] propagating constant 0 across sequential element (u_512_pt_FFT/u_RADIX2/\twoLocationReg_0_MEM_re_1_reg[13] )
INFO: [Synth 8-3333] propagating constant 0 across sequential element (u_512_pt_FFT/u_RADIX2/\twoLocationReg_0_MEM_re_1_reg[14] )
WARNING: [Synth 8-3332] Sequential element (u_CTRLRX2/FSM_sequential_SDFController_rdState_reg) is unused and will be removed from module alpha512_pt_FFT.
INFO: [Synth 8-3333] propagating constant 0 across sequential element (u_512_pt_FFT/\intdelay_reg_1_reg[0][15] )
INFO: [Synth 8-3333] propagating constant 0 across sequential element (u_512_pt_FFT/u_SDF1_1_1/\Radix22ButterflyG1_btf2_im_reg_reg[13] )
INFO: [Synth 8-3333] propagating constant 0 across sequential element (u_512_pt_FFT/u_twdlROM_5_1/\Radix22TwdlMapping_twdlAddrMap_reg[1] )
INFO: [Synth 8-3333] propagating constant 0 across sequential element (u_512_pt_FFT/u_twdlROM_7_1/\Radix22TwdlMapping_twdlAddrMap_reg[3] )
INFO: [Synth 8-3333] propagating constant 0 across sequential element (u_512_pt_FFT/u_twdlROM_9/\Radix22TwdlMapping_octantReg1_reg[2] )
INFO: [Synth 8-3333] propagating constant 0 across sequential element (u_512_pt_FFT/u_SDF1_1_1/\dinXTwdl_im_reg[15] )
INFO: [Synth 8-3333] propagating constant 0 across sequential element (u_512_pt_FFT/u_SDF1_1_1/\u_SDFCOMMUTATOR_1/SDFCummutator_wrXData_im_reg_reg[13] )
INFO: [Synth 8-3333] propagating constant 0 across sequential element (u_512_pt_FFT/u_twdlROM_9/\Radix22TwdlMapping_octantReg1_reg[2] )
INFO: [Synth 8-3333] propagating constant 0 across sequential element (u_512_pt_FFT/u_SDF1_1_1/\dinXTwdl_im_reg[15] )
INFO: [Synth 8-3333] propagating constant 0 across sequential element (u_512_pt_FFT/u_twdlROM_7_1/\twiddleReg_re_reg[3] )
INFO: [Synth 8-3333] propagating constant 0 across sequential element (u_512_pt_FFT/u_twdlROM_9/\twiddleReg_re_reg[0] )
INFO: [Synth 8-7067] Removed DRAM instance u_512_pt_FFT/u_SDF1_1_1/i_2/i_0/u_SDFCOMMUTATOR_1/u_dataXMEM_im_0_1/ram_reg_0_7_12_16 from module extram__59 due to constant propagation
INFO: [Synth 8-7067] Removed DRAM instance u_512_pt_FFT/u_SDF1_1_1/i_2/i_0/u_SDFCOMMUTATOR_1/u_dataXMEM_im_0_1/ram_reg_0_7_6_11 from module extram__59 due to constant propagation
INFO: [Synth 8-3333] propagating constant 0 across sequential element (u_512_pt_FFT/u_SDF1_1_1/\dinXTwdl_im_reg[15] )
INFO: [Synth 8-3333] propagating constant 0 across sequential element (u_512_pt_FFT/u_SDF1_1_1/i_2/\u_SDFCOMMUTATOR_1/u_dataXMEM_im_0_1/data_int_reg[16] )
INFO: [Synth 8-7067] Removed DRAM instance u_512_pt_FFT/u_SDF1_1_1/i_2/i_0/u_SDFCOMMUTATOR_1/u_dataXMEM_im_0_1/ram_reg_0_7_6_11 from module extram__59 due to constant propagation
INFO: [Synth 8-3333] propagating constant 0 across sequential element (\u_DDC/u_Chirp /\out_rsvd_1_reg[25] )
INFO: [Synth 8-3333] propagating constant 0 across sequential element (\u_DDC/u_LO/dither_reg_reg[29] )
INFO: [Synth 8-3333] propagating constant 0 across sequential element (\u_DDC/u_Chirp /u_NCO1/\dither_reg_reg[29] )
INFO: [Synth 8-3333] propagating constant 0 across sequential element (\u_DDC/u_LO/u_Wave_inst/u_CosineWave_inst/lutout_reg_reg[15] )
INFO: [Synth 8-3333] propagating constant 0 across sequential element (\u_DDC/u_Chirp /u_NCO1/\u_Wave_inst/u_CosineWave_inst/lutout_reg_reg[15] )
INFO: [Synth 8-3333] propagating constant 0 across sequential element (i_4/\u_DDC/u_LO/accphase_reg_reg[27] )
INFO: [Synth 8-3333] propagating constant 0 across sequential element (i_4/\u_DDC/u_LO/accphase_reg_reg[26] )
INFO: [Synth 8-3333] propagating constant 0 across sequential element (i_4/\u_DDC/u_LO/accphase_reg_reg[25] )
INFO: [Synth 8-3333] propagating constant 0 across sequential element (i_4/\u_DDC/u_LO/accphase_reg_reg[24] )
INFO: [Common 17-14] Message 'Synth 8-3333' appears 100 times and further instances of the messages will be disabled. Use the Tcl command set_msg_config to change the current settings.
INFO: [Common 17-14] Message 'Synth 8-3886' appears 100 times and further instances of the messages will be disabled. Use the Tcl command set_msg_config to change the current settings.
---------------------------------------------------------------------------------
Start Post Area Optimization : Time (s): cpu = 00:15:55 ; elapsed = 00:17:46 . Memory (MB): peak = 2638.168 ; gain = 1707.707
---------------------------------------------------------------------------------
---------------------------------------------------------------------------------
Finished Cross Boundary and Area Optimization : Time (s): cpu = 00:15:57 ; elapsed = 00:17:47 . Memory (MB): peak = 2638.168 ; gain = 1707.707
---------------------------------------------------------------------------------
 Sort Area is Digital_Spectrometer__GCB1 u_MUL4/prod1_im_reg_12 : 0 0 : 2893 2893 : Used 1 time 0
 Sort Area is Digital_Spectrometer__GCB1 u_MUL4/prod1_re_reg_f : 0 0 : 2893 2893 : Used 1 time 0
 Sort Area is Digital_Spectrometer__GCB1 u_MUL4/prod2_im_reg_13 : 0 0 : 2893 2893 : Used 1 time 0
 Sort Area is Digital_Spectrometer__GCB1 u_MUL4/prod2_re_reg_11 : 0 0 : 2893 2893 : Used 1 time 0
 Sort Area is Digital_Spectrometer__GCB1 u_MUL4/prod1_im_reg_d : 0 0 : 2703 2703 : Used 1 time 0
 Sort Area is Digital_Spectrometer__GCB1 u_MUL4/prod1_re_reg_a : 0 0 : 2703 2703 : Used 1 time 0
 Sort Area is Digital_Spectrometer__GCB1 u_MUL4/prod2_im_reg_e : 0 0 : 2703 2703 : Used 1 time 0
 Sort Area is Digital_Spectrometer__GCB1 u_MUL4/prod2_re_reg_c : 0 0 : 2703 2703 : Used 1 time 0
 Sort Area is Digital_Spectrometer__GCB1 u_MUL4/prod1_im_reg_8 : 0 0 : 2513 2513 : Used 1 time 0
 Sort Area is Digital_Spectrometer__GCB1 u_MUL4/prod1_re_reg_5 : 0 0 : 2513 2513 : Used 1 time 0
 Sort Area is Digital_Spectrometer__GCB1 u_MUL4/prod2_im_reg_9 : 0 0 : 2513 2513 : Used 1 time 0
 Sort Area is Digital_Spectrometer__GCB1 u_MUL4/prod2_re_reg_7 : 0 0 : 2513 2513 : Used 1 time 0
 Sort Area is Digital_Spectrometer__GCB1 u_MUL4/prod1_im_reg_3 : 0 0 : 2323 2323 : Used 1 time 0
 Sort Area is Digital_Spectrometer__GCB1 u_MUL4/prod1_re_reg_0 : 0 0 : 2323 2323 : Used 1 time 0
 Sort Area is Digital_Spectrometer__GCB1 u_MUL4/prod2_im_reg_4 : 0 0 : 2323 2323 : Used 1 time 0
 Sort Area is Digital_Spectrometer__GCB1 u_MUL4/prod2_re_reg_2 : 0 0 : 2323 2323 : Used 1 time 0
 Sort Area is Digital_Spectrometer_from_Chirp_DDC__GC0 u_DDC/Mixer_mul_temp_0 : 0 0 : 1937 1937 : Used 1 time 0
 Sort Area is Digital_Spectrometer_from_Chirp_DDC__GC0 u_DDC/u_LPF/Product12_mul_temp_4 : 0 0 : 1937 1937 : Used 1 time 0
 Sort Area is Digital_Spectrometer_from_Chirp_DDC__GC0 u_DDC/u_LPF/Product13_mul_temp_3 : 0 0 : 1937 1937 : Used 1 time 0
 Sort Area is Digital_Spectrometer_from_Chirp_DDC__GC0 u_DDC/u_LPF/Product14_mul_temp_2 : 0 0 : 1937 1937 : Used 1 time 0
 Sort Area is Digital_Spectrometer_from_Chirp_DDC__GC0 u_DDC/u_LPF/Product1_mul_temp_10 : 0 0 : 1937 1937 : Used 1 time 0
 Sort Area is Digital_Spectrometer_from_Chirp_DDC__GC0 u_DDC/u_LPF/Product2_mul_temp_f : 0 0 : 1937 1937 : Used 1 time 0
 Sort Area is Digital_Spectrometer_from_Chirp_DDC__GC0 u_DDC/u_LPF/Product3_mul_temp_e : 0 0 : 1937 1937 : Used 1 time 0
 Sort Area is Digital_Spectrometer_from_Chirp_DDC__GC0 u_DDC/u_LPF/Product10_mul_temp_7 : 0 0 : 1052 1052 : Used 1 time 0
 Sort Area is Digital_Spectrometer_from_Chirp_DDC__GC0 u_DDC/u_LPF/Product11_mul_temp_5 : 0 0 : 1052 1052 : Used 1 time 0
 Sort Area is Digital_Spectrometer_from_Chirp_DDC__GC0 u_DDC/u_LPF/Product4_mul_temp_d : 0 0 : 1052 1052 : Used 1 time 0
 Sort Area is Digital_Spectrometer_from_Chirp_DDC__GC0 u_DDC/u_LPF/Product5_mul_temp_c : 0 0 : 1052 1052 : Used 1 time 0
 Sort Area is Digital_Spectrometer_from_Chirp_DDC__GC0 u_DDC/u_LPF/Product6_mul_temp_b : 0 0 : 1052 1052 : Used 1 time 0
 Sort Area is Digital_Spectrometer_from_Chirp_DDC__GC0 u_DDC/u_LPF/Product7_mul_temp_a : 0 0 : 1052 1052 : Used 1 time 0
 Sort Area is Digital_Spectrometer_from_Chirp_DDC__GC0 u_DDC/u_LPF/Product8_mul_temp_9 : 0 0 : 1052 1052 : Used 1 time 0
 Sort Area is Digital_Spectrometer_from_Chirp_DDC__GC0 u_DDC/u_LPF/Product9_mul_temp_8 : 0 0 : 1052 1052 : Used 1 time 0
---------------------------------------------------------------------------------
Start ROM, RAM, DSP, Shift Register and Retiming Reporting
---------------------------------------------------------------------------------

ROM: Preliminary Mapping Report
+---------------------+--------------------------------+---------------+----------------+
|Module Name          | RTL Object                     | Depth x Width | Implemented As | 
+---------------------+--------------------------------+---------------+----------------+
|LookUpTableGen       | Lookup_Table_data[0]           | 2048x15       | LUT            | 
|Chirp                | alpha1_D_Lookup_Table1_data[0] | 32768x25      | LUT            | 
|LookUpTableGen_block | Lookup_Table_data[0]           | 2048x15       | LUT            | 
|TWDLROM_3_1          | Twiddle_re_table_data[0]       | 64x15         | LUT            | 
|TWDLROM_5_1          | Twiddle_re_table_data[0]       | 64x15         | LUT            | 
|TWDLROM_7_1          | Twiddle_re_table_data[0]       | 64x15         | LUT            | 
|TWDLROM_9_1          | Twiddle_re_table_data[0]       | 64x15         | LUT            | 
+---------------------+--------------------------------+---------------+----------------+


Block RAM: Preliminary Mapping Report (see note below)
+----------------------------------+----------------------------------+------------------------+---+---+------------------------+---+---+------------------+--------+--------+
|Module Name                       | RTL Object                       | PORT A (Depth x Width) | W | R | PORT B (Depth x Width) | W | R | Ports driving FF | RAMB18 | RAMB36 | 
+----------------------------------+----------------------------------+------------------------+---+---+------------------------+---+---+------------------+--------+--------+
|Spectral_Averager__GB1            | u_Simple_Dual_Port_RAM/ram_reg   | 16 K x 24(READ_FIRST)  | W |   | 16 K x 24(WRITE_FIRST) |   | R | Port A and B     | 0      | 12     | 
|u_512_pt_FFT/u_SDF1_1_1           | u_dataMEM_re_0_1_generic/ram_reg | 256 x 17(READ_FIRST)   | W |   | 256 x 17(WRITE_FIRST)  |   | R | Port A and B     | 1      | 0      | 
|u_512_pt_FFT/u_SDF2_2_1           | u_dataMEM_im_0_2/ram_reg         | 128 x 18(READ_FIRST)   | W |   | 128 x 18(WRITE_FIRST)  |   | R | Port A and B     | 1      | 0      | 
|u_512_pt_FFT/u_SDF2_2_1           | u_dataMEM_re_0_2/ram_reg         | 128 x 18(READ_FIRST)   | W |   | 128 x 18(WRITE_FIRST)  |   | R | Port A and B     | 1      | 0      | 
|u_512_pt_FFT/u_SDF1_3_1           | u_dataMEM_im_0_3/ram_reg         | 64 x 19(READ_FIRST)    | W |   | 64 x 19(WRITE_FIRST)   |   | R | Port A and B     | 1      | 0      | 
|u_512_pt_FFT/u_SDF1_3_1           | u_dataMEM_re_0_3/ram_reg         | 64 x 19(READ_FIRST)    | W |   | 64 x 19(WRITE_FIRST)   |   | R | Port A and B     | 1      | 0      | 
|u_512_pt_FFT/u_SDF2_4_1           | u_dataMEM_im_0_4/ram_reg         | 32 x 20(READ_FIRST)    | W |   | 32 x 20(WRITE_FIRST)   |   | R | Port A and B     | 1      | 0      | 
|u_512_pt_FFT/u_SDF2_4_1           | u_dataMEM_re_0_4/ram_reg         | 32 x 20(READ_FIRST)    | W |   | 32 x 20(WRITE_FIRST)   |   | R | Port A and B     | 1      | 0      | 
|u_512_pt_FFT/u_NaturalOrder_Stage | u_dataMEM_im_1/ram_reg           | 512 x 25(READ_FIRST)   | W |   | 512 x 25(WRITE_FIRST)  |   | R | Port A and B     | 1      | 0      | 
|u_512_pt_FFT/u_NaturalOrder_Stage | u_dataMEM_re_1/ram_reg           | 512 x 25(READ_FIRST)   | W |   | 512 x 25(WRITE_FIRST)  |   | R | Port A and B     | 1      | 0      | 
+----------------------------------+----------------------------------+------------------------+---+---+------------------------+---+---+------------------+--------+--------+

Note: The table above is a preliminary report that shows the Block RAMs at the current stage of the synthesis flow. Some Block RAMs may be reimplemented as non Block RAM primitives later in the synthesis flow. Multiple instantiated Block RAMs are reported only once. 

Distributed RAM: Preliminary Mapping Report (see note below)
+------------------------+---------------------------------------------+-----------+----------------------+----------------+
|Module Name             | RTL Object                                  | Inference | Size (Depth x Width) | Primitives     | 
+------------------------+---------------------------------------------+-----------+----------------------+----------------+
|u_512_pt_FFT/u_SDF1_1_1 | u_SDFCOMMUTATOR_1/u_dataXMEM_re_0_1/ram_reg | Implied   | 8 x 17               | RAM32M x 3     | 
|u_512_pt_FFT/u_SDF1_1_1 | u_SDFCOMMUTATOR_1/u_dataXMEM_im_0_1/ram_reg | Implied   | 8 x 17               | RAM32M x 3     | 
|u_512_pt_FFT/u_SDF2_2_1 | u_SDFCOMMUTATOR_2/u_dataXMEM_re_0_2/ram_reg | Implied   | 8 x 18               | RAM32M x 3     | 
|u_512_pt_FFT/u_SDF2_2_1 | u_SDFCOMMUTATOR_2/u_dataXMEM_im_0_2/ram_reg | Implied   | 8 x 18               | RAM32M x 3     | 
|u_512_pt_FFT/u_SDF1_3_1 | u_SDFCOMMUTATOR_3/u_dataXMEM_re_0_3/ram_reg | Implied   | 8 x 19               | RAM32M x 4     | 
|u_512_pt_FFT/u_SDF1_3_1 | u_SDFCOMMUTATOR_3/u_dataXMEM_im_0_3/ram_reg | Implied   | 8 x 19               | RAM32M x 4     | 
|u_512_pt_FFT/u_SDF2_4_1 | u_SDFCOMMUTATOR_4/u_dataXMEM_re_0_4/ram_reg | Implied   | 8 x 20               | RAM32M x 4     | 
|u_512_pt_FFT/u_SDF2_4_1 | u_SDFCOMMUTATOR_4/u_dataXMEM_im_0_4/ram_reg | Implied   | 8 x 20               | RAM32M x 4     | 
|u_512_pt_FFT/u_SDF1_5_1 | u_dataMEM_re_0_5/ram_reg                    | Implied   | 16 x 21              | RAM32M x 4     | 
|u_512_pt_FFT/u_SDF1_5_1 | u_SDFCOMMUTATOR_5/u_dataXMEM_re_0_5/ram_reg | Implied   | 8 x 21               | RAM32M x 4     | 
|u_512_pt_FFT/u_SDF1_5_1 | u_dataMEM_im_0_5/ram_reg                    | Implied   | 16 x 21              | RAM32M x 4     | 
|u_512_pt_FFT/u_SDF1_5_1 | u_SDFCOMMUTATOR_5/u_dataXMEM_im_0_5/ram_reg | Implied   | 8 x 21               | RAM32M x 4     | 
|u_512_pt_FFT/u_SDF2_6_1 | u_dataMEM_re_0_6/ram_reg                    | Implied   | 8 x 22               | RAM32M x 4     | 
|u_512_pt_FFT/u_SDF2_6_1 | u_SDFCOMMUTATOR_6/u_dataXMEM_re_0_6/ram_reg | Implied   | 8 x 22               | RAM32M x 4     | 
|u_512_pt_FFT/u_SDF2_6_1 | u_dataMEM_im_0_6/ram_reg                    | Implied   | 8 x 22               | RAM32M x 4     | 
|u_512_pt_FFT/u_SDF2_6_1 | u_SDFCOMMUTATOR_6/u_dataXMEM_im_0_6/ram_reg | Implied   | 8 x 22               | RAM32M x 4     | 
|u_512_pt_FFT/u_SDF1_7_1 | u_dataMEM_re_0_7/ram_reg                    | Implied   | 4 x 23               | RAM32M x 4     | 
|u_512_pt_FFT/u_SDF1_7_1 | u_SDFCOMMUTATOR_7/u_dataXMEM_re_0_7/ram_reg | Implied   | 8 x 23               | RAM32M x 4     | 
|u_512_pt_FFT/u_SDF1_7_1 | u_dataMEM_im_0_7/ram_reg                    | Implied   | 4 x 23               | RAM32M x 4     | 
|u_512_pt_FFT/u_SDF1_7_1 | u_SDFCOMMUTATOR_7/u_dataXMEM_im_0_7/ram_reg | Implied   | 8 x 23               | RAM32M x 4     | 
|u_512_pt_FFT/u_SDF2_8_1 | u_SDFCOMMUTATOR_8/u_dataXMEM_re_0_8/ram_reg | Implied   | 8 x 24               | RAM32M x 4     | 
|u_512_pt_FFT/u_SDF2_8_1 | u_SDFCOMMUTATOR_8/u_dataXMEM_im_0_8/ram_reg | Implied   | 8 x 24               | RAM32M x 4     | 
|u_512_pt_FFT/u_RADIX2   | u_SDFCOMMUTATOR_9/u_dataXMEM_re_0_9/ram_reg | Implied   | 8 x 25               | RAM16X1S x 25  | 
|u_512_pt_FFT/u_RADIX2   | u_SDFCOMMUTATOR_9/u_dataXMEM_im_0_9/ram_reg | Implied   | 8 x 25               | RAM16X1S x 25  | 
+------------------------+---------------------------------------------+-----------+----------------------+----------------+

Note: The table above is a preliminary report that shows the Distributed RAMs at the current stage of the synthesis flow. Some Distributed RAMs may be reimplemented as non Distributed RAM primitives later in the synthesis flow. Multiple instantiated RAMs are reported only once.

DSP: Preliminary Mapping Report (see note below. The ' indicates corresponding REG is set)
+------------------------+---------------+--------+--------+--------+--------+--------+------+------+------+------+-------+------+------+
|Module Name             | DSP Mapping   | A Size | B Size | C Size | D Size | P Size | AREG | BREG | CREG | DREG | ADREG | MREG | PREG | 
+------------------------+---------------+--------+--------+--------+--------+--------+------+------+------+------+-------+------+------+
|Complex4Multiply        | (A2*B2)'      | 19     | 16     | -      | -      | 35     | 1    | 1    | -    | -    | -     | 1    | 1    | 
|Complex4Multiply        | (A2*B2)'      | 19     | 16     | -      | -      | 35     | 1    | 1    | -    | -    | -     | 1    | 1    | 
|Complex4Multiply        | (A2*B2)'      | 19     | 16     | -      | -      | 35     | 1    | 1    | -    | -    | -     | 1    | 1    | 
|Complex4Multiply        | (A2*B2)'      | 19     | 16     | -      | -      | 35     | 1    | 1    | -    | -    | -     | 1    | 1    | 
|Complex4Multiply_block  | (A2*B2)'      | 21     | 16     | -      | -      | 37     | 1    | 1    | -    | -    | -     | 1    | 1    | 
|Complex4Multiply_block  | (A2*B2)'      | 21     | 16     | -      | -      | 37     | 1    | 1    | -    | -    | -     | 1    | 1    | 
|Complex4Multiply_block  | (A2*B2)'      | 21     | 16     | -      | -      | 37     | 1    | 1    | -    | -    | -     | 1    | 1    | 
|Complex4Multiply_block  | (A2*B2)'      | 21     | 16     | -      | -      | 37     | 1    | 1    | -    | -    | -     | 1    | 1    | 
|Complex4Multiply_block1 | (A2*B2)'      | 23     | 16     | -      | -      | 39     | 1    | 1    | -    | -    | -     | 1    | 1    | 
|Complex4Multiply_block1 | (A2*B2)'      | 23     | 16     | -      | -      | 39     | 1    | 1    | -    | -    | -     | 1    | 1    | 
|Complex4Multiply_block1 | (A2*B2)'      | 23     | 16     | -      | -      | 39     | 1    | 1    | -    | -    | -     | 1    | 1    | 
|Complex4Multiply_block1 | (A2*B2)'      | 23     | 16     | -      | -      | 39     | 1    | 1    | -    | -    | -     | 1    | 1    | 
|Complex4Multiply_block2 | (A2*B2)'      | 25     | 16     | -      | -      | 41     | 1    | 1    | -    | -    | -     | 1    | 1    | 
|Complex4Multiply_block2 | (A2*B2)'      | 25     | 16     | -      | -      | 41     | 1    | 1    | -    | -    | -     | 1    | 1    | 
|Complex4Multiply_block2 | (A2*B2)'      | 25     | 16     | -      | -      | 41     | 1    | 1    | -    | -    | -     | 1    | 1    | 
|Complex4Multiply_block2 | (A2*B2)'      | 25     | 16     | -      | -      | 41     | 1    | 1    | -    | -    | -     | 1    | 1    | 
|DDC                     | A*B           | 16     | 16     | -      | -      | 32     | 0    | 0    | -    | -    | -     | 0    | 0    | 
|LPF                     | A*(B:0x3ae4e) | 16     | 16     | -      | -      | 32     | 0    | 0    | -    | -    | -     | 0    | 0    | 
|LPF                     | A*(B:0x3b5b8) | 16     | 16     | -      | -      | 32     | 0    | 0    | -    | -    | -     | 0    | 0    | 
|LPF                     | A*(B:0x3ba1d) | 16     | 16     | -      | -      | 32     | 0    | 0    | -    | -    | -     | 0    | 0    | 
|LPF                     | (A:0xf981)*B  | 16     | 17     | -      | -      | 33     | 0    | 0    | -    | -    | -     | 0    | 0    | 
|LPF                     | (A:0x9167)*B  | 16     | 17     | -      | -      | 33     | 0    | 0    | -    | -    | -     | 0    | 0    | 
|LPF                     | (A:0xb35e)*B  | 16     | 17     | -      | -      | 33     | 0    | 0    | -    | -    | -     | 0    | 0    | 
|LPF                     | (A:0x8513)*B  | 16     | 17     | -      | -      | 33     | 0    | 0    | -    | -    | -     | 0    | 0    | 
|LPF                     | (A:0x8513)*B  | 16     | 17     | -      | -      | 33     | 0    | 0    | -    | -    | -     | 0    | 0    | 
|LPF                     | (A:0xb35e)*B  | 16     | 17     | -      | -      | 33     | 0    | 0    | -    | -    | -     | 0    | 0    | 
|LPF                     | (A:0x9167)*B  | 16     | 17     | -      | -      | 33     | 0    | 0    | -    | -    | -     | 0    | 0    | 
|LPF                     | (A:0xf981)*B  | 16     | 17     | -      | -      | 33     | 0    | 0    | -    | -    | -     | 0    | 0    | 
|LPF                     | A*(B:0x3ba1d) | 16     | 16     | -      | -      | 32     | 0    | 0    | -    | -    | -     | 0    | 0    | 
|LPF                     | A*(B:0x3b5b8) | 16     | 16     | -      | -      | 32     | 0    | 0    | -    | -    | -     | 0    | 0    | 
|LPF                     | A*(B:0x3ae4e) | 16     | 16     | -      | -      | 32     | 0    | 0    | -    | -    | -     | 0    | 0    | 
+------------------------+---------------+--------+--------+--------+--------+--------+------+------+------+------+-------+------+------+

Note: The table above is a preliminary report that shows the DSPs inferred at the current stage of the synthesis flow. Some DSP may be reimplemented as non DSP primitives later in the synthesis flow. Multiple instantiated DSPs are reported only once.
---------------------------------------------------------------------------------
Finished ROM, RAM, DSP, Shift Register and Retiming Reporting
---------------------------------------------------------------------------------
---------------------------------------------------------------------------------
Start Applying XDC Timing Constraints
---------------------------------------------------------------------------------
---------------------------------------------------------------------------------
Finished Applying XDC Timing Constraints : Time (s): cpu = 00:16:09 ; elapsed = 00:18:00 . Memory (MB): peak = 2638.168 ; gain = 1707.707
---------------------------------------------------------------------------------
---------------------------------------------------------------------------------
Start Timing Optimization
---------------------------------------------------------------------------------
---------------------------------------------------------------------------------
Finished Timing Optimization : Time (s): cpu = 00:16:20 ; elapsed = 00:18:11 . Memory (MB): peak = 2638.168 ; gain = 1707.707
---------------------------------------------------------------------------------
---------------------------------------------------------------------------------
Start ROM, RAM, DSP, Shift Register and Retiming Reporting
---------------------------------------------------------------------------------

Block RAM: Final Mapping Report
+----------------------------------+----------------------------------+------------------------+---+---+------------------------+---+---+------------------+--------+--------+
|Module Name                       | RTL Object                       | PORT A (Depth x Width) | W | R | PORT B (Depth x Width) | W | R | Ports driving FF | RAMB18 | RAMB36 | 
+----------------------------------+----------------------------------+------------------------+---+---+------------------------+---+---+------------------+--------+--------+
|Spectral_Averager__GB1            | u_Simple_Dual_Port_RAM/ram_reg   | 16 K x 24(READ_FIRST)  | W |   | 16 K x 24(WRITE_FIRST) |   | R | Port A and B     | 0      | 12     | 
|u_512_pt_FFT/u_SDF1_1_1           | u_dataMEM_re_0_1_generic/ram_reg | 256 x 17(READ_FIRST)   | W |   | 256 x 17(WRITE_FIRST)  |   | R | Port A and B     | 1      | 0      | 
|u_512_pt_FFT/u_SDF2_2_1           | u_dataMEM_im_0_2/ram_reg         | 128 x 18(READ_FIRST)   | W |   | 128 x 18(WRITE_FIRST)  |   | R | Port A and B     | 1      | 0      | 
|u_512_pt_FFT/u_SDF2_2_1           | u_dataMEM_re_0_2/ram_reg         | 128 x 18(READ_FIRST)   | W |   | 128 x 18(WRITE_FIRST)  |   | R | Port A and B     | 1      | 0      | 
|u_512_pt_FFT/u_SDF1_3_1           | u_dataMEM_im_0_3/ram_reg         | 64 x 19(READ_FIRST)    | W |   | 64 x 19(WRITE_FIRST)   |   | R | Port A and B     | 1      | 0      | 
|u_512_pt_FFT/u_SDF1_3_1           | u_dataMEM_re_0_3/ram_reg         | 64 x 19(READ_FIRST)    | W |   | 64 x 19(WRITE_FIRST)   |   | R | Port A and B     | 1      | 0      | 
|u_512_pt_FFT/u_SDF2_4_1           | u_dataMEM_im_0_4/ram_reg         | 32 x 20(READ_FIRST)    | W |   | 32 x 20(WRITE_FIRST)   |   | R | Port A and B     | 1      | 0      | 
|u_512_pt_FFT/u_SDF2_4_1           | u_dataMEM_re_0_4/ram_reg         | 32 x 20(READ_FIRST)    | W |   | 32 x 20(WRITE_FIRST)   |   | R | Port A and B     | 1      | 0      | 
|u_512_pt_FFT/u_NaturalOrder_Stage | u_dataMEM_im_1/ram_reg           | 512 x 25(READ_FIRST)   | W |   | 512 x 25(WRITE_FIRST)  |   | R | Port A and B     | 1      | 0      | 
|u_512_pt_FFT/u_NaturalOrder_Stage | u_dataMEM_re_1/ram_reg           | 512 x 25(READ_FIRST)   | W |   | 512 x 25(WRITE_FIRST)  |   | R | Port A and B     | 1      | 0      | 
+----------------------------------+----------------------------------+------------------------+---+---+------------------------+---+---+------------------+--------+--------+


Distributed RAM: Final Mapping Report
+------------------------+---------------------------------------------+-----------+----------------------+----------------+
|Module Name             | RTL Object                                  | Inference | Size (Depth x Width) | Primitives     | 
+------------------------+---------------------------------------------+-----------+----------------------+----------------+
|u_512_pt_FFT/u_SDF1_1_1 | u_SDFCOMMUTATOR_1/u_dataXMEM_re_0_1/ram_reg | Implied   | 8 x 17               | RAM32M x 3     | 
|u_512_pt_FFT/u_SDF1_1_1 | u_SDFCOMMUTATOR_1/u_dataXMEM_im_0_1/ram_reg | Implied   | 8 x 17               | RAM32M x 3     | 
|u_512_pt_FFT/u_SDF2_2_1 | u_SDFCOMMUTATOR_2/u_dataXMEM_re_0_2/ram_reg | Implied   | 8 x 18               | RAM32M x 3     | 
|u_512_pt_FFT/u_SDF2_2_1 | u_SDFCOMMUTATOR_2/u_dataXMEM_im_0_2/ram_reg | Implied   | 8 x 18               | RAM32M x 3     | 
|u_512_pt_FFT/u_SDF1_3_1 | u_SDFCOMMUTATOR_3/u_dataXMEM_re_0_3/ram_reg | Implied   | 8 x 19               | RAM32M x 4     | 
|u_512_pt_FFT/u_SDF1_3_1 | u_SDFCOMMUTATOR_3/u_dataXMEM_im_0_3/ram_reg | Implied   | 8 x 19               | RAM32M x 4     | 
|u_512_pt_FFT/u_SDF2_4_1 | u_SDFCOMMUTATOR_4/u_dataXMEM_re_0_4/ram_reg | Implied   | 8 x 20               | RAM32M x 4     | 
|u_512_pt_FFT/u_SDF2_4_1 | u_SDFCOMMUTATOR_4/u_dataXMEM_im_0_4/ram_reg | Implied   | 8 x 20               | RAM32M x 4     | 
|u_512_pt_FFT/u_SDF1_5_1 | u_dataMEM_re_0_5/ram_reg                    | Implied   | 16 x 21              | RAM32M x 4     | 
|u_512_pt_FFT/u_SDF1_5_1 | u_SDFCOMMUTATOR_5/u_dataXMEM_re_0_5/ram_reg | Implied   | 8 x 21               | RAM32M x 4     | 
|u_512_pt_FFT/u_SDF1_5_1 | u_dataMEM_im_0_5/ram_reg                    | Implied   | 16 x 21              | RAM32M x 4     | 
|u_512_pt_FFT/u_SDF1_5_1 | u_SDFCOMMUTATOR_5/u_dataXMEM_im_0_5/ram_reg | Implied   | 8 x 21               | RAM32M x 4     | 
|u_512_pt_FFT/u_SDF2_6_1 | u_dataMEM_re_0_6/ram_reg                    | Implied   | 8 x 22               | RAM32M x 4     | 
|u_512_pt_FFT/u_SDF2_6_1 | u_SDFCOMMUTATOR_6/u_dataXMEM_re_0_6/ram_reg | Implied   | 8 x 22               | RAM32M x 4     | 
|u_512_pt_FFT/u_SDF2_6_1 | u_dataMEM_im_0_6/ram_reg                    | Implied   | 8 x 22               | RAM32M x 4     | 
|u_512_pt_FFT/u_SDF2_6_1 | u_SDFCOMMUTATOR_6/u_dataXMEM_im_0_6/ram_reg | Implied   | 8 x 22               | RAM32M x 4     | 
|u_512_pt_FFT/u_SDF1_7_1 | u_dataMEM_re_0_7/ram_reg                    | Implied   | 4 x 23               | RAM32M x 4     | 
|u_512_pt_FFT/u_SDF1_7_1 | u_SDFCOMMUTATOR_7/u_dataXMEM_re_0_7/ram_reg | Implied   | 8 x 23               | RAM32M x 4     | 
|u_512_pt_FFT/u_SDF1_7_1 | u_dataMEM_im_0_7/ram_reg                    | Implied   | 4 x 23               | RAM32M x 4     | 
|u_512_pt_FFT/u_SDF1_7_1 | u_SDFCOMMUTATOR_7/u_dataXMEM_im_0_7/ram_reg | Implied   | 8 x 23               | RAM32M x 4     | 
|u_512_pt_FFT/u_SDF2_8_1 | u_SDFCOMMUTATOR_8/u_dataXMEM_re_0_8/ram_reg | Implied   | 8 x 24               | RAM32M x 4     | 
|u_512_pt_FFT/u_SDF2_8_1 | u_SDFCOMMUTATOR_8/u_dataXMEM_im_0_8/ram_reg | Implied   | 8 x 24               | RAM32M x 4     | 
|u_512_pt_FFT/u_RADIX2   | u_SDFCOMMUTATOR_9/u_dataXMEM_re_0_9/ram_reg | Implied   | 8 x 25               | RAM16X1S x 25  | 
|u_512_pt_FFT/u_RADIX2   | u_SDFCOMMUTATOR_9/u_dataXMEM_im_0_9/ram_reg | Implied   | 8 x 25               | RAM16X1S x 25  | 
+------------------------+---------------------------------------------+-----------+----------------------+----------------+

---------------------------------------------------------------------------------
Finished ROM, RAM, DSP, Shift Register and Retiming Reporting
---------------------------------------------------------------------------------
---------------------------------------------------------------------------------
Start Technology Mapping
---------------------------------------------------------------------------------
INFO: [Synth 8-7052] The timing for the instance u_Spectral_Averageri_0/u_Digital_Spectrometer/u_Spectral_Averager/u_Simple_Dual_Port_RAM/ram_reg_0 (implemented as a Block RAM) might be sub-optimal as no optional output register could be merged into the ram block. Providing additional output register may help in improving timing.
INFO: [Synth 8-7052] The timing for the instance u_Spectral_Averageri_0/u_Digital_Spectrometer/u_Spectral_Averager/u_Simple_Dual_Port_RAM/ram_reg_1 (implemented as a Block RAM) might be sub-optimal as no optional output register could be merged into the ram block. Providing additional output register may help in improving timing.
INFO: [Synth 8-7052] The timing for the instance u_Spectral_Averageri_0/u_Digital_Spectrometer/u_Spectral_Averager/u_Simple_Dual_Port_RAM/ram_reg_2 (implemented as a Block RAM) might be sub-optimal as no optional output register could be merged into the ram block. Providing additional output register may help in improving timing.
INFO: [Synth 8-7052] The timing for the instance u_Spectral_Averageri_0/u_Digital_Spectrometer/u_Spectral_Averager/u_Simple_Dual_Port_RAM/ram_reg_3 (implemented as a Block RAM) might be sub-optimal as no optional output register could be merged into the ram block. Providing additional output register may help in improving timing.
INFO: [Synth 8-7052] The timing for the instance u_Spectral_Averageri_0/u_Digital_Spectrometer/u_Spectral_Averager/u_Simple_Dual_Port_RAM/ram_reg_4 (implemented as a Block RAM) might be sub-optimal as no optional output register could be merged into the ram block. Providing additional output register may help in improving timing.
INFO: [Synth 8-7052] The timing for the instance u_Spectral_Averageri_0/u_Digital_Spectrometer/u_Spectral_Averager/u_Simple_Dual_Port_RAM/ram_reg_5 (implemented as a Block RAM) might be sub-optimal as no optional output register could be merged into the ram block. Providing additional output register may help in improving timing.
INFO: [Synth 8-7052] The timing for the instance u_Spectral_Averageri_0/u_Digital_Spectrometer/u_Spectral_Averager/u_Simple_Dual_Port_RAM/ram_reg_6 (implemented as a Block RAM) might be sub-optimal as no optional output register could be merged into the ram block. Providing additional output register may help in improving timing.
INFO: [Synth 8-7052] The timing for the instance u_Spectral_Averageri_0/u_Digital_Spectrometer/u_Spectral_Averager/u_Simple_Dual_Port_RAM/ram_reg_7 (implemented as a Block RAM) might be sub-optimal as no optional output register could be merged into the ram block. Providing additional output register may help in improving timing.
INFO: [Synth 8-7052] The timing for the instance u_Spectral_Averageri_0/u_Digital_Spectrometer/u_Spectral_Averager/u_Simple_Dual_Port_RAM/ram_reg_8 (implemented as a Block RAM) might be sub-optimal as no optional output register could be merged into the ram block. Providing additional output register may help in improving timing.
INFO: [Synth 8-7052] The timing for the instance u_Spectral_Averageri_0/u_Digital_Spectrometer/u_Spectral_Averager/u_Simple_Dual_Port_RAM/ram_reg_9 (implemented as a Block RAM) might be sub-optimal as no optional output register could be merged into the ram block. Providing additional output register may help in improving timing.
INFO: [Synth 8-7052] The timing for the instance u_Spectral_Averageri_0/u_Digital_Spectrometer/u_Spectral_Averager/u_Simple_Dual_Port_RAM/ram_reg_10 (implemented as a Block RAM) might be sub-optimal as no optional output register could be merged into the ram block. Providing additional output register may help in improving timing.
INFO: [Synth 8-7052] The timing for the instance u_Spectral_Averageri_0/u_Digital_Spectrometer/u_Spectral_Averager/u_Simple_Dual_Port_RAM/ram_reg_11 (implemented as a Block RAM) might be sub-optimal as no optional output register could be merged into the ram block. Providing additional output register may help in improving timing.
INFO: [Synth 8-5844] Detected registers with asynchronous reset at DSP/BRAM block boundary. Consider using synchronous reset for optimal packing [C:/Users/caleb/Documents/GitHub/SES-598-Fall-2025/DISTEL_HW12_11172025/hdl_prj_v2/hdlsrc/spec_avg_CRD/Complex4Multiply.vhd:105]
INFO: [Synth 8-5844] Detected registers with asynchronous reset at DSP/BRAM block boundary. Consider using synchronous reset for optimal packing [C:/Users/caleb/Documents/GitHub/SES-598-Fall-2025/DISTEL_HW12_11172025/hdl_prj_v2/hdlsrc/spec_avg_CRD/Complex4Multiply.vhd:133]
INFO: [Synth 8-5844] Detected registers with asynchronous reset at DSP/BRAM block boundary. Consider using synchronous reset for optimal packing [C:/Users/caleb/Documents/GitHub/SES-598-Fall-2025/DISTEL_HW12_11172025/hdl_prj_v2/hdlsrc/spec_avg_CRD/Complex4Multiply.vhd:91]
INFO: [Synth 8-5844] Detected registers with asynchronous reset at DSP/BRAM block boundary. Consider using synchronous reset for optimal packing [C:/Users/caleb/Documents/GitHub/SES-598-Fall-2025/DISTEL_HW12_11172025/hdl_prj_v2/hdlsrc/spec_avg_CRD/Complex4Multiply.vhd:119]
INFO: [Synth 8-5844] Detected registers with asynchronous reset at DSP/BRAM block boundary. Consider using synchronous reset for optimal packing [C:/Users/caleb/Documents/GitHub/SES-598-Fall-2025/DISTEL_HW12_11172025/hdl_prj_v2/hdlsrc/spec_avg_CRD/Complex4Multiply.vhd:105]
INFO: [Synth 8-5844] Detected registers with asynchronous reset at DSP/BRAM block boundary. Consider using synchronous reset for optimal packing [C:/Users/caleb/Documents/GitHub/SES-598-Fall-2025/DISTEL_HW12_11172025/hdl_prj_v2/hdlsrc/spec_avg_CRD/Complex4Multiply.vhd:119]
INFO: [Synth 8-5844] Detected registers with asynchronous reset at DSP/BRAM block boundary. Consider using synchronous reset for optimal packing [C:/Users/caleb/Documents/GitHub/SES-598-Fall-2025/DISTEL_HW12_11172025/hdl_prj_v2/hdlsrc/spec_avg_CRD/Complex4Multiply.vhd:91]
INFO: [Synth 8-5844] Detected registers with asynchronous reset at DSP/BRAM block boundary. Consider using synchronous reset for optimal packing [C:/Users/caleb/Documents/GitHub/SES-598-Fall-2025/DISTEL_HW12_11172025/hdl_prj_v2/hdlsrc/spec_avg_CRD/Complex4Multiply.vhd:133]
INFO: [Synth 8-5844] Detected registers with asynchronous reset at DSP/BRAM block boundary. Consider using synchronous reset for optimal packing [C:/Users/caleb/Documents/GitHub/SES-598-Fall-2025/DISTEL_HW12_11172025/hdl_prj_v2/hdlsrc/spec_avg_CRD/Complex4Multiply_block.vhd:105]
INFO: [Synth 8-5844] Detected registers with asynchronous reset at DSP/BRAM block boundary. Consider using synchronous reset for optimal packing [C:/Users/caleb/Documents/GitHub/SES-598-Fall-2025/DISTEL_HW12_11172025/hdl_prj_v2/hdlsrc/spec_avg_CRD/Complex4Multiply_block.vhd:133]
INFO: [Synth 8-5844] Detected registers with asynchronous reset at DSP/BRAM block boundary. Consider using synchronous reset for optimal packing [C:/Users/caleb/Documents/GitHub/SES-598-Fall-2025/DISTEL_HW12_11172025/hdl_prj_v2/hdlsrc/spec_avg_CRD/Complex4Multiply_block.vhd:91]
INFO: [Synth 8-5844] Detected registers with asynchronous reset at DSP/BRAM block boundary. Consider using synchronous reset for optimal packing [C:/Users/caleb/Documents/GitHub/SES-598-Fall-2025/DISTEL_HW12_11172025/hdl_prj_v2/hdlsrc/spec_avg_CRD/Complex4Multiply_block.vhd:119]
INFO: [Synth 8-5844] Detected registers with asynchronous reset at DSP/BRAM block boundary. Consider using synchronous reset for optimal packing [C:/Users/caleb/Documents/GitHub/SES-598-Fall-2025/DISTEL_HW12_11172025/hdl_prj_v2/hdlsrc/spec_avg_CRD/Complex4Multiply_block.vhd:105]
INFO: [Synth 8-5844] Detected registers with asynchronous reset at DSP/BRAM block boundary. Consider using synchronous reset for optimal packing [C:/Users/caleb/Documents/GitHub/SES-598-Fall-2025/DISTEL_HW12_11172025/hdl_prj_v2/hdlsrc/spec_avg_CRD/Complex4Multiply_block.vhd:119]
INFO: [Synth 8-5844] Detected registers with asynchronous reset at DSP/BRAM block boundary. Consider using synchronous reset for optimal packing [C:/Users/caleb/Documents/GitHub/SES-598-Fall-2025/DISTEL_HW12_11172025/hdl_prj_v2/hdlsrc/spec_avg_CRD/Complex4Multiply_block.vhd:91]
INFO: [Synth 8-5844] Detected registers with asynchronous reset at DSP/BRAM block boundary. Consider using synchronous reset for optimal packing [C:/Users/caleb/Documents/GitHub/SES-598-Fall-2025/DISTEL_HW12_11172025/hdl_prj_v2/hdlsrc/spec_avg_CRD/Complex4Multiply_block.vhd:133]
INFO: [Synth 8-5844] Detected registers with asynchronous reset at DSP/BRAM block boundary. Consider using synchronous reset for optimal packing [C:/Users/caleb/Documents/GitHub/SES-598-Fall-2025/DISTEL_HW12_11172025/hdl_prj_v2/hdlsrc/spec_avg_CRD/Complex4Multiply_block1.vhd:105]
INFO: [Synth 8-5844] Detected registers with asynchronous reset at DSP/BRAM block boundary. Consider using synchronous reset for optimal packing [C:/Users/caleb/Documents/GitHub/SES-598-Fall-2025/DISTEL_HW12_11172025/hdl_prj_v2/hdlsrc/spec_avg_CRD/Complex4Multiply_block1.vhd:133]
INFO: [Synth 8-5844] Detected registers with asynchronous reset at DSP/BRAM block boundary. Consider using synchronous reset for optimal packing [C:/Users/caleb/Documents/GitHub/SES-598-Fall-2025/DISTEL_HW12_11172025/hdl_prj_v2/hdlsrc/spec_avg_CRD/Complex4Multiply_block1.vhd:91]
INFO: [Synth 8-5844] Detected registers with asynchronous reset at DSP/BRAM block boundary. Consider using synchronous reset for optimal packing [C:/Users/caleb/Documents/GitHub/SES-598-Fall-2025/DISTEL_HW12_11172025/hdl_prj_v2/hdlsrc/spec_avg_CRD/Complex4Multiply_block1.vhd:119]
INFO: [Synth 8-5844] Detected registers with asynchronous reset at DSP/BRAM block boundary. Consider using synchronous reset for optimal packing [C:/Users/caleb/Documents/GitHub/SES-598-Fall-2025/DISTEL_HW12_11172025/hdl_prj_v2/hdlsrc/spec_avg_CRD/Complex4Multiply_block1.vhd:105]
INFO: [Synth 8-5844] Detected registers with asynchronous reset at DSP/BRAM block boundary. Consider using synchronous reset for optimal packing [C:/Users/caleb/Documents/GitHub/SES-598-Fall-2025/DISTEL_HW12_11172025/hdl_prj_v2/hdlsrc/spec_avg_CRD/Complex4Multiply_block1.vhd:119]
INFO: [Synth 8-5844] Detected registers with asynchronous reset at DSP/BRAM block boundary. Consider using synchronous reset for optimal packing [C:/Users/caleb/Documents/GitHub/SES-598-Fall-2025/DISTEL_HW12_11172025/hdl_prj_v2/hdlsrc/spec_avg_CRD/Complex4Multiply_block1.vhd:91]
INFO: [Synth 8-5844] Detected registers with asynchronous reset at DSP/BRAM block boundary. Consider using synchronous reset for optimal packing [C:/Users/caleb/Documents/GitHub/SES-598-Fall-2025/DISTEL_HW12_11172025/hdl_prj_v2/hdlsrc/spec_avg_CRD/Complex4Multiply_block1.vhd:133]
INFO: [Synth 8-5844] Detected registers with asynchronous reset at DSP/BRAM block boundary. Consider using synchronous reset for optimal packing [C:/Users/caleb/Documents/GitHub/SES-598-Fall-2025/DISTEL_HW12_11172025/hdl_prj_v2/hdlsrc/spec_avg_CRD/Complex4Multiply_block2.vhd:105]
INFO: [Synth 8-5844] Detected registers with asynchronous reset at DSP/BRAM block boundary. Consider using synchronous reset for optimal packing [C:/Users/caleb/Documents/GitHub/SES-598-Fall-2025/DISTEL_HW12_11172025/hdl_prj_v2/hdlsrc/spec_avg_CRD/Complex4Multiply_block2.vhd:133]
INFO: [Synth 8-5844] Detected registers with asynchronous reset at DSP/BRAM block boundary. Consider using synchronous reset for optimal packing [C:/Users/caleb/Documents/GitHub/SES-598-Fall-2025/DISTEL_HW12_11172025/hdl_prj_v2/hdlsrc/spec_avg_CRD/Complex4Multiply_block2.vhd:91]
INFO: [Synth 8-5844] Detected registers with asynchronous reset at DSP/BRAM block boundary. Consider using synchronous reset for optimal packing [C:/Users/caleb/Documents/GitHub/SES-598-Fall-2025/DISTEL_HW12_11172025/hdl_prj_v2/hdlsrc/spec_avg_CRD/Complex4Multiply_block2.vhd:119]
INFO: [Synth 8-5844] Detected registers with asynchronous reset at DSP/BRAM block boundary. Consider using synchronous reset for optimal packing [C:/Users/caleb/Documents/GitHub/SES-598-Fall-2025/DISTEL_HW12_11172025/hdl_prj_v2/hdlsrc/spec_avg_CRD/Complex4Multiply_block2.vhd:105]
INFO: [Synth 8-5844] Detected registers with asynchronous reset at DSP/BRAM block boundary. Consider using synchronous reset for optimal packing [C:/Users/caleb/Documents/GitHub/SES-598-Fall-2025/DISTEL_HW12_11172025/hdl_prj_v2/hdlsrc/spec_avg_CRD/Complex4Multiply_block2.vhd:119]
INFO: [Synth 8-5844] Detected registers with asynchronous reset at DSP/BRAM block boundary. Consider using synchronous reset for optimal packing [C:/Users/caleb/Documents/GitHub/SES-598-Fall-2025/DISTEL_HW12_11172025/hdl_prj_v2/hdlsrc/spec_avg_CRD/Complex4Multiply_block2.vhd:91]
INFO: [Synth 8-5844] Detected registers with asynchronous reset at DSP/BRAM block boundary. Consider using synchronous reset for optimal packing [C:/Users/caleb/Documents/GitHub/SES-598-Fall-2025/DISTEL_HW12_11172025/hdl_prj_v2/hdlsrc/spec_avg_CRD/Complex4Multiply_block2.vhd:133]
INFO: [Synth 8-7052] The timing for the instance u_Digital_Spectrometeri_2/u_Digital_Spectrometer/u_512_pt_FFT/u_SDF1_1_1/u_dataMEM_re_0_1_generic/ram_reg (implemented as a Block RAM) might be sub-optimal as no optional output register could be merged into the ram block. Providing additional output register may help in improving timing.
INFO: [Synth 8-7052] The timing for the instance u_Digital_Spectrometeri_2/u_Digital_Spectrometer/u_512_pt_FFT/u_SDF2_2_1/u_dataMEM_im_0_2/ram_reg (implemented as a Block RAM) might be sub-optimal as no optional output register could be merged into the ram block. Providing additional output register may help in improving timing.
INFO: [Synth 8-7052] The timing for the instance u_Digital_Spectrometeri_2/u_Digital_Spectrometer/u_512_pt_FFT/u_SDF2_2_1/u_dataMEM_re_0_2/ram_reg (implemented as a Block RAM) might be sub-optimal as no optional output register could be merged into the ram block. Providing additional output register may help in improving timing.
INFO: [Synth 8-7052] The timing for the instance u_Digital_Spectrometeri_2/u_Digital_Spectrometer/u_512_pt_FFT/u_twdlROM_3_1/twiddleReg_im_reg (implemented as a Block RAM) might be sub-optimal as no optional output register could be merged into the ram block. Providing additional output register may help in improving timing.
INFO: [Synth 8-7052] The timing for the instance u_Digital_Spectrometeri_2/u_Digital_Spectrometer/u_512_pt_FFT/u_twdlROM_3_1/twiddleReg_im_reg (implemented as a Block RAM) might be sub-optimal as no optional output register could be merged into the ram block. Providing additional output register may help in improving timing.
INFO: [Synth 8-7052] The timing for the instance u_Digital_Spectrometeri_2/u_Digital_Spectrometer/u_512_pt_FFT/u_SDF1_3_1/u_dataMEM_im_0_3/ram_reg (implemented as a Block RAM) might be sub-optimal as no optional output register could be merged into the ram block. Providing additional output register may help in improving timing.
INFO: [Synth 8-7052] The timing for the instance u_Digital_Spectrometeri_2/u_Digital_Spectrometer/u_512_pt_FFT/u_SDF1_3_1/u_dataMEM_re_0_3/ram_reg (implemented as a Block RAM) might be sub-optimal as no optional output register could be merged into the ram block. Providing additional output register may help in improving timing.
INFO: [Synth 8-7052] The timing for the instance u_Digital_Spectrometeri_2/u_Digital_Spectrometer/u_512_pt_FFT/u_SDF2_4_1/u_dataMEM_im_0_4/ram_reg (implemented as a Block RAM) might be sub-optimal as no optional output register could be merged into the ram block. Providing additional output register may help in improving timing.
INFO: [Synth 8-7052] The timing for the instance u_Digital_Spectrometeri_2/u_Digital_Spectrometer/u_512_pt_FFT/u_SDF2_4_1/u_dataMEM_re_0_4/ram_reg (implemented as a Block RAM) might be sub-optimal as no optional output register could be merged into the ram block. Providing additional output register may help in improving timing.
INFO: [Synth 8-7052] The timing for the instance u_Digital_Spectrometeri_2/u_Digital_Spectrometer/u_512_pt_FFT/u_twdlROM_7_1/twiddleReg_im_reg (implemented as a Block RAM) might be sub-optimal as no optional output register could be merged into the ram block. Providing additional output register may help in improving timing.
INFO: [Synth 8-7052] The timing for the instance u_Digital_Spectrometeri_2/u_Digital_Spectrometer/u_512_pt_FFT/u_twdlROM_7_1/twiddleReg_im_reg (implemented as a Block RAM) might be sub-optimal as no optional output register could be merged into the ram block. Providing additional output register may help in improving timing.
INFO: [Synth 8-7052] The timing for the instance u_Digital_Spectrometeri_2/u_Digital_Spectrometer/u_512_pt_FFT/u_NaturalOrder_Stage/u_dataMEM_im_1/ram_reg (implemented as a Block RAM) might be sub-optimal as no optional output register could be merged into the ram block. Providing additional output register may help in improving timing.
INFO: [Synth 8-7052] The timing for the instance u_Digital_Spectrometeri_2/u_Digital_Spectrometer/u_512_pt_FFT/u_NaturalOrder_Stage/u_dataMEM_re_1/ram_reg (implemented as a Block RAM) might be sub-optimal as no optional output register could be merged into the ram block. Providing additional output register may help in improving timing.
---------------------------------------------------------------------------------
Finished Technology Mapping : Time (s): cpu = 00:25:31 ; elapsed = 00:27:38 . Memory (MB): peak = 2638.168 ; gain = 1707.707
---------------------------------------------------------------------------------
---------------------------------------------------------------------------------
Start IO Insertion
---------------------------------------------------------------------------------
---------------------------------------------------------------------------------
Start Flattening Before IO Insertion
---------------------------------------------------------------------------------
---------------------------------------------------------------------------------
Finished Flattening Before IO Insertion
---------------------------------------------------------------------------------
---------------------------------------------------------------------------------
Start Final Netlist Cleanup
---------------------------------------------------------------------------------
INFO: [Synth 8-7052] The timing for the instance u_Digital_Spectrometer/u_Spectral_Averager/u_Simple_Dual_Port_RAM/ram_reg_0 (implemented as a Block RAM) might be sub-optimal as no optional output register could be merged into the ram block. Providing additional output register may help in improving timing.
INFO: [Synth 8-7052] The timing for the instance u_Digital_Spectrometer/u_Spectral_Averager/u_Simple_Dual_Port_RAM/ram_reg_1 (implemented as a Block RAM) might be sub-optimal as no optional output register could be merged into the ram block. Providing additional output register may help in improving timing.
INFO: [Synth 8-7052] The timing for the instance u_Digital_Spectrometer/u_Spectral_Averager/u_Simple_Dual_Port_RAM/ram_reg_2 (implemented as a Block RAM) might be sub-optimal as no optional output register could be merged into the ram block. Providing additional output register may help in improving timing.
INFO: [Synth 8-7052] The timing for the instance u_Digital_Spectrometer/u_Spectral_Averager/u_Simple_Dual_Port_RAM/ram_reg_3 (implemented as a Block RAM) might be sub-optimal as no optional output register could be merged into the ram block. Providing additional output register may help in improving timing.
INFO: [Synth 8-7052] The timing for the instance u_Digital_Spectrometer/u_Spectral_Averager/u_Simple_Dual_Port_RAM/ram_reg_4 (implemented as a Block RAM) might be sub-optimal as no optional output register could be merged into the ram block. Providing additional output register may help in improving timing.
INFO: [Synth 8-7052] The timing for the instance u_Digital_Spectrometer/u_Spectral_Averager/u_Simple_Dual_Port_RAM/ram_reg_5 (implemented as a Block RAM) might be sub-optimal as no optional output register could be merged into the ram block. Providing additional output register may help in improving timing.
INFO: [Synth 8-7052] The timing for the instance u_Digital_Spectrometer/u_Spectral_Averager/u_Simple_Dual_Port_RAM/ram_reg_6 (implemented as a Block RAM) might be sub-optimal as no optional output register could be merged into the ram block. Providing additional output register may help in improving timing.
INFO: [Synth 8-7052] The timing for the instance u_Digital_Spectrometer/u_Spectral_Averager/u_Simple_Dual_Port_RAM/ram_reg_7 (implemented as a Block RAM) might be sub-optimal as no optional output register could be merged into the ram block. Providing additional output register may help in improving timing.
INFO: [Synth 8-7052] The timing for the instance u_Digital_Spectrometer/u_Spectral_Averager/u_Simple_Dual_Port_RAM/ram_reg_8 (implemented as a Block RAM) might be sub-optimal as no optional output register could be merged into the ram block. Providing additional output register may help in improving timing.
INFO: [Synth 8-7052] The timing for the instance u_Digital_Spectrometer/u_Spectral_Averager/u_Simple_Dual_Port_RAM/ram_reg_9 (implemented as a Block RAM) might be sub-optimal as no optional output register could be merged into the ram block. Providing additional output register may help in improving timing.
INFO: [Synth 8-7052] The timing for the instance u_Digital_Spectrometer/u_Spectral_Averager/u_Simple_Dual_Port_RAM/ram_reg_10 (implemented as a Block RAM) might be sub-optimal as no optional output register could be merged into the ram block. Providing additional output register may help in improving timing.
INFO: [Synth 8-7052] The timing for the instance u_Digital_Spectrometer/u_Spectral_Averager/u_Simple_Dual_Port_RAM/ram_reg_11 (implemented as a Block RAM) might be sub-optimal as no optional output register could be merged into the ram block. Providing additional output register may help in improving timing.
INFO: [Synth 8-7052] The timing for the instance u_Digital_Spectrometer/u_512_pt_FFT/u_SDF1_1_1/u_dataMEM_re_0_1_generic/ram_reg (implemented as a Block RAM) might be sub-optimal as no optional output register could be merged into the ram block. Providing additional output register may help in improving timing.
INFO: [Synth 8-7052] The timing for the instance u_Digital_Spectrometer/u_512_pt_FFT/u_SDF2_2_1/u_dataMEM_im_0_2/ram_reg (implemented as a Block RAM) might be sub-optimal as no optional output register could be merged into the ram block. Providing additional output register may help in improving timing.
INFO: [Synth 8-7052] The timing for the instance u_Digital_Spectrometer/u_512_pt_FFT/u_SDF2_2_1/u_dataMEM_re_0_2/ram_reg (implemented as a Block RAM) might be sub-optimal as no optional output register could be merged into the ram block. Providing additional output register may help in improving timing.
INFO: [Synth 8-7052] The timing for the instance u_Digital_Spectrometer/u_512_pt_FFT/u_twdlROM_3_1/twiddleReg_im_reg (implemented as a Block RAM) might be sub-optimal as no optional output register could be merged into the ram block. Providing additional output register may help in improving timing.
INFO: [Synth 8-7052] The timing for the instance u_Digital_Spectrometer/u_512_pt_FFT/u_twdlROM_3_1/twiddleReg_im_reg (implemented as a Block RAM) might be sub-optimal as no optional output register could be merged into the ram block. Providing additional output register may help in improving timing.
INFO: [Synth 8-7052] The timing for the instance u_Digital_Spectrometer/u_512_pt_FFT/u_SDF1_3_1/u_dataMEM_im_0_3/ram_reg (implemented as a Block RAM) might be sub-optimal as no optional output register could be merged into the ram block. Providing additional output register may help in improving timing.
INFO: [Synth 8-7052] The timing for the instance u_Digital_Spectrometer/u_512_pt_FFT/u_SDF1_3_1/u_dataMEM_re_0_3/ram_reg (implemented as a Block RAM) might be sub-optimal as no optional output register could be merged into the ram block. Providing additional output register may help in improving timing.
INFO: [Synth 8-7052] The timing for the instance u_Digital_Spectrometer/u_512_pt_FFT/u_SDF2_4_1/u_dataMEM_im_0_4/ram_reg (implemented as a Block RAM) might be sub-optimal as no optional output register could be merged into the ram block. Providing additional output register may help in improving timing.
INFO: [Synth 8-7052] The timing for the instance u_Digital_Spectrometer/u_512_pt_FFT/u_SDF2_4_1/u_dataMEM_re_0_4/ram_reg (implemented as a Block RAM) might be sub-optimal as no optional output register could be merged into the ram block. Providing additional output register may help in improving timing.
INFO: [Synth 8-7052] The timing for the instance u_Digital_Spectrometer/u_512_pt_FFT/u_twdlROM_7_1/twiddleReg_im_reg (implemented as a Block RAM) might be sub-optimal as no optional output register could be merged into the ram block. Providing additional output register may help in improving timing.
INFO: [Synth 8-7052] The timing for the instance u_Digital_Spectrometer/u_512_pt_FFT/u_twdlROM_7_1/twiddleReg_im_reg (implemented as a Block RAM) might be sub-optimal as no optional output register could be merged into the ram block. Providing additional output register may help in improving timing.
INFO: [Synth 8-7052] The timing for the instance u_Digital_Spectrometer/u_512_pt_FFT/u_NaturalOrder_Stage/u_dataMEM_im_1/ram_reg (implemented as a Block RAM) might be sub-optimal as no optional output register could be merged into the ram block. Providing additional output register may help in improving timing.
INFO: [Synth 8-7052] The timing for the instance u_Digital_Spectrometer/u_512_pt_FFT/u_NaturalOrder_Stage/u_dataMEM_re_1/ram_reg (implemented as a Block RAM) might be sub-optimal as no optional output register could be merged into the ram block. Providing additional output register may help in improving timing.
---------------------------------------------------------------------------------
Finished Final Netlist Cleanup
---------------------------------------------------------------------------------
---------------------------------------------------------------------------------
Finished IO Insertion : Time (s): cpu = 00:25:51 ; elapsed = 00:27:59 . Memory (MB): peak = 2638.168 ; gain = 1707.707
---------------------------------------------------------------------------------
---------------------------------------------------------------------------------
Start Renaming Generated Instances
---------------------------------------------------------------------------------
---------------------------------------------------------------------------------
Finished Renaming Generated Instances : Time (s): cpu = 00:25:52 ; elapsed = 00:27:59 . Memory (MB): peak = 2638.168 ; gain = 1707.707
---------------------------------------------------------------------------------
---------------------------------------------------------------------------------
Start Rebuilding User Hierarchy
---------------------------------------------------------------------------------
---------------------------------------------------------------------------------
Finished Rebuilding User Hierarchy : Time (s): cpu = 00:25:56 ; elapsed = 00:28:03 . Memory (MB): peak = 2638.168 ; gain = 1707.707
---------------------------------------------------------------------------------
---------------------------------------------------------------------------------
Start Renaming Generated Ports
---------------------------------------------------------------------------------
---------------------------------------------------------------------------------
Finished Renaming Generated Ports : Time (s): cpu = 00:25:56 ; elapsed = 00:28:03 . Memory (MB): peak = 2638.168 ; gain = 1707.707
---------------------------------------------------------------------------------
---------------------------------------------------------------------------------
Start Handling Custom Attributes
---------------------------------------------------------------------------------
---------------------------------------------------------------------------------
Finished Handling Custom Attributes : Time (s): cpu = 00:25:56 ; elapsed = 00:28:04 . Memory (MB): peak = 2638.168 ; gain = 1707.707
---------------------------------------------------------------------------------
---------------------------------------------------------------------------------
Start Renaming Generated Nets
---------------------------------------------------------------------------------
---------------------------------------------------------------------------------
Finished Renaming Generated Nets : Time (s): cpu = 00:25:56 ; elapsed = 00:28:04 . Memory (MB): peak = 2638.168 ; gain = 1707.707
---------------------------------------------------------------------------------
---------------------------------------------------------------------------------
Start ROM, RAM, DSP, Shift Register and Retiming Reporting
---------------------------------------------------------------------------------

Static Shift Register Report:
+------------------------------------+------------------------------------------------------------------------------+--------+-------+--------------+--------------------+-------------------+--------+---------+
|Module Name                         | RTL Name                                                                     | Length | Width | Reset Signal | Pull out first Reg | Pull out last Reg | SRL16E | SRLC32E | 
+------------------------------------+------------------------------------------------------------------------------+--------+-------+--------------+--------------------+-------------------+--------+---------+
|Digital_Spectrometer_from_Chirp_DDC | Delay_reg_reg[13311][13]                                                     | 13312  | 14    | YES          | NO                 | YES               | 0      | 5824    | 
|Digital_Spectrometer_from_Chirp_DDC | u_Digital_Spectrometer/u_512_pt_FFT/u_SDF1_1_1/dinXTwdl_re_reg[15]           | 4      | 16    | YES          | NO                 | YES               | 16     | 0       | 
|Digital_Spectrometer_from_Chirp_DDC | u_Digital_Spectrometer/u_512_pt_FFT/u_SDF1_1_1/dinXTwdl_1_1_vld_1_reg        | 4      | 1     | YES          | NO                 | YES               | 1      | 0       | 
|Digital_Spectrometer_from_Chirp_DDC | u_Digital_Spectrometer/u_512_pt_FFT/u_SDF1_3_1/u_MUL4/din_im_reg_reg[18]     | 4      | 18    | YES          | NO                 | YES               | 18     | 0       | 
|Digital_Spectrometer_from_Chirp_DDC | u_Digital_Spectrometer/u_512_pt_FFT/u_SDF1_3_1/u_MUL4/din_re_reg_reg[18]     | 4      | 18    | YES          | NO                 | YES               | 18     | 0       | 
|Digital_Spectrometer_from_Chirp_DDC | u_Digital_Spectrometer/u_512_pt_FFT/u_SDF1_3_1/u_MUL4/dinXTwdl_3_1_vld_1_reg | 9      | 1     | YES          | NO                 | YES               | 1      | 0       | 
|Digital_Spectrometer_from_Chirp_DDC | u_Digital_Spectrometer/u_512_pt_FFT/u_SDF1_5_1/u_MUL4/din_im_reg_reg[20]     | 4      | 20    | YES          | NO                 | YES               | 20     | 0       | 
|Digital_Spectrometer_from_Chirp_DDC | u_Digital_Spectrometer/u_512_pt_FFT/u_SDF1_5_1/u_MUL4/din_re_reg_reg[20]     | 4      | 20    | YES          | NO                 | YES               | 20     | 0       | 
|Digital_Spectrometer_from_Chirp_DDC | u_Digital_Spectrometer/u_512_pt_FFT/u_SDF1_5_1/u_MUL4/dinXTwdl_5_1_vld_1_reg | 9      | 1     | YES          | NO                 | YES               | 1      | 0       | 
|Digital_Spectrometer_from_Chirp_DDC | u_Digital_Spectrometer/u_512_pt_FFT/u_SDF1_7_1/u_MUL4/din_im_reg_reg[22]     | 4      | 22    | YES          | NO                 | YES               | 22     | 0       | 
|Digital_Spectrometer_from_Chirp_DDC | u_Digital_Spectrometer/u_512_pt_FFT/u_SDF1_7_1/u_MUL4/din_re_reg_reg[22]     | 4      | 22    | YES          | NO                 | YES               | 22     | 0       | 
|Digital_Spectrometer_from_Chirp_DDC | u_Digital_Spectrometer/u_512_pt_FFT/u_SDF1_7_1/u_MUL4/dinXTwdl_7_1_vld_1_reg | 6      | 1     | YES          | NO                 | YES               | 1      | 0       | 
|Digital_Spectrometer_from_Chirp_DDC | u_Digital_Spectrometer/u_512_pt_FFT/u_RADIX2/u_MUL4/din_im_reg_reg[24]       | 4      | 24    | YES          | NO                 | YES               | 24     | 0       | 
|Digital_Spectrometer_from_Chirp_DDC | u_Digital_Spectrometer/u_512_pt_FFT/u_RADIX2/u_MUL4/din_re_reg_reg[24]       | 4      | 24    | YES          | NO                 | YES               | 24     | 0       | 
|Digital_Spectrometer_from_Chirp_DDC | u_Digital_Spectrometer/u_512_pt_FFT/u_RADIX2/u_MUL4/dinXTwdl_9_vld_1_reg     | 9      | 1     | YES          | NO                 | YES               | 1      | 0       | 
|Digital_Spectrometer_from_Chirp_DDC | u_Digital_Spectrometer/Delay_ValidIn_reg_reg[26]                             | 28     | 1     | YES          | NO                 | YES               | 0      | 1       | 
|Digital_Spectrometer_from_Chirp_DDC | u_Digital_Spectrometer/u_Spectral_Averager/Delay1_reg_reg[511][31]           | 512    | 32    | YES          | NO                 | YES               | 0      | 512     | 
|Digital_Spectrometer_from_Chirp_DDC | u_DDC/LPF_valid_out_1_reg                                                    | 16     | 1     | YES          | NO                 | YES               | 1      | 0       | 
|Digital_Spectrometer_from_Chirp_DDC | u_DDC/u_LO/outsel_reg_reg_reg[4]                                             | 4      | 1     | YES          | NO                 | YES               | 1      | 0       | 
+------------------------------------+------------------------------------------------------------------------------+--------+-------+--------------+--------------------+-------------------+--------+---------+

---------------------------------------------------------------------------------
Finished ROM, RAM, DSP, Shift Register and Retiming Reporting
---------------------------------------------------------------------------------
---------------------------------------------------------------------------------
Start Writing Synthesis Report
---------------------------------------------------------------------------------

DSP Final Report (the ' indicates corresponding REG is set)
+------------------------+-------------+--------+--------+--------+--------+--------+------+------+------+------+-------+------+------+
|Module Name             | DSP Mapping | A Size | B Size | C Size | D Size | P Size | AREG | BREG | CREG | DREG | ADREG | MREG | PREG | 
+------------------------+-------------+--------+--------+--------+--------+--------+------+------+------+------+-------+------+------+
|DDC                     | (A*B)'      | 30     | 18     | -      | -      | 32     | 0    | 0    | -    | -    | -     | 0    | 1    | 
|LPF                     | A*B         | 30     | 18     | -      | -      | 32     | 0    | 0    | -    | -    | -     | 0    | 0    | 
|LPF                     | A*B         | 30     | 18     | -      | -      | 32     | 0    | 0    | -    | -    | -     | 0    | 0    | 
|LPF                     | A*B         | 30     | 18     | -      | -      | 32     | 0    | 0    | -    | -    | -     | 0    | 0    | 
|LPF                     | A*B         | 30     | 16     | -      | -      | 33     | 0    | 0    | -    | -    | -     | 0    | 0    | 
|LPF                     | A*B         | 30     | 16     | -      | -      | 33     | 0    | 0    | -    | -    | -     | 0    | 0    | 
|LPF                     | A*B         | 30     | 16     | -      | -      | 33     | 0    | 0    | -    | -    | -     | 0    | 0    | 
|LPF                     | A*B         | 30     | 16     | -      | -      | 33     | 0    | 0    | -    | -    | -     | 0    | 0    | 
|LPF                     | A*B         | 30     | 16     | -      | -      | 33     | 0    | 0    | -    | -    | -     | 0    | 0    | 
|LPF                     | A*B         | 30     | 16     | -      | -      | 33     | 0    | 0    | -    | -    | -     | 0    | 0    | 
|LPF                     | A*B         | 30     | 16     | -      | -      | 33     | 0    | 0    | -    | -    | -     | 0    | 0    | 
|LPF                     | A*B         | 30     | 16     | -      | -      | 33     | 0    | 0    | -    | -    | -     | 0    | 0    | 
|LPF                     | A*B         | 30     | 18     | -      | -      | 32     | 0    | 0    | -    | -    | -     | 0    | 0    | 
|LPF                     | A*B         | 30     | 18     | -      | -      | 32     | 0    | 0    | -    | -    | -     | 0    | 0    | 
|LPF                     | A*B         | 30     | 18     | -      | -      | 32     | 0    | 0    | -    | -    | -     | 0    | 0    | 
|Complex4Multiply_block2 | ((A'*B')')' | 30     | 18     | -      | -      | 41     | 1    | 1    | -    | -    | -     | 1    | 1    | 
|Complex4Multiply_block2 | ((A'*B')')' | 30     | 18     | -      | -      | 41     | 1    | 1    | -    | -    | -     | 1    | 1    | 
|Complex4Multiply_block2 | ((A'*B')')' | 30     | 18     | -      | -      | 41     | 1    | 1    | -    | -    | -     | 1    | 1    | 
|Complex4Multiply_block2 | ((A'*B')')' | 30     | 18     | -      | -      | 41     | 1    | 1    | -    | -    | -     | 1    | 1    | 
|Complex4Multiply        | ((A'*B')')' | 30     | 18     | -      | -      | 35     | 1    | 1    | -    | -    | -     | 1    | 1    | 
|Complex4Multiply        | ((A'*B')')' | 30     | 18     | -      | -      | 35     | 1    | 1    | -    | -    | -     | 1    | 1    | 
|Complex4Multiply        | ((A'*B')')' | 30     | 18     | -      | -      | 35     | 1    | 1    | -    | -    | -     | 1    | 1    | 
|Complex4Multiply        | ((A'*B')')' | 30     | 18     | -      | -      | 35     | 1    | 1    | -    | -    | -     | 1    | 1    | 
|Complex4Multiply_block  | ((A'*B')')' | 30     | 18     | -      | -      | 37     | 1    | 1    | -    | -    | -     | 1    | 1    | 
|Complex4Multiply_block  | ((A'*B')')' | 30     | 18     | -      | -      | 37     | 1    | 1    | -    | -    | -     | 1    | 1    | 
|Complex4Multiply_block  | ((A'*B')')' | 30     | 18     | -      | -      | 37     | 1    | 1    | -    | -    | -     | 1    | 1    | 
|Complex4Multiply_block  | ((A'*B')')' | 30     | 18     | -      | -      | 37     | 1    | 1    | -    | -    | -     | 1    | 1    | 
|Complex4Multiply_block1 | ((A'*B')')' | 30     | 18     | -      | -      | 39     | 1    | 1    | -    | -    | -     | 1    | 1    | 
|Complex4Multiply_block1 | ((A'*B')')' | 30     | 18     | -      | -      | 39     | 1    | 1    | -    | -    | -     | 1    | 1    | 
|Complex4Multiply_block1 | ((A'*B')')' | 30     | 18     | -      | -      | 39     | 1    | 1    | -    | -    | -     | 1    | 1    | 
|Complex4Multiply_block1 | ((A'*B')')' | 30     | 18     | -      | -      | 39     | 1    | 1    | -    | -    | -     | 1    | 1    | 
+------------------------+-------------+--------+--------+--------+--------+--------+------+------+------+------+-------+------+------+


Report BlackBoxes: 
+-+--------------+----------+
| |BlackBox name |Instances |
+-+--------------+----------+
+-+--------------+----------+

Report Cell Usage: 
+------+---------+------+
|      |Cell     |Count |
+------+---------+------+
|1     |CARRY4   |   803|
|2     |DSP48E1  |    31|
|5     |LUT1     |   169|
|6     |LUT2     |  1879|
|7     |LUT3     |  2117|
|8     |LUT4     |  1004|
|9     |LUT5     |   832|
|10    |LUT6     |  1230|
|11    |MUXF7    |   276|
|12    |MUXF8    |    78|
|13    |RAM16X1S |    50|
|14    |RAM32M   |    79|
|15    |RAM32X1D |     2|
|16    |RAMB18E1 |    11|
|19    |RAMB36E1 |    12|
|20    |SRL16E   |   191|
|21    |SRLC32E  |  6337|
|22    |FDCE     | 20892|
|23    |FDPE     |     6|
|24    |FDRE     |   832|
+------+---------+------+
---------------------------------------------------------------------------------
Finished Writing Synthesis Report : Time (s): cpu = 00:25:56 ; elapsed = 00:28:04 . Memory (MB): peak = 2638.168 ; gain = 1707.707
---------------------------------------------------------------------------------
Synthesis finished with 0 errors, 0 critical warnings and 7 warnings.
Synthesis Optimization Runtime : Time (s): cpu = 00:24:56 ; elapsed = 00:27:37 . Memory (MB): peak = 2638.168 ; gain = 1136.324
Synthesis Optimization Complete : Time (s): cpu = 00:25:57 ; elapsed = 00:28:06 . Memory (MB): peak = 2638.168 ; gain = 1707.707
INFO: [Project 1-571] Translating synthesized netlist
Netlist sorting complete. Time (s): cpu = 00:00:01 ; elapsed = 00:00:00.447 . Memory (MB): peak = 2638.168 ; gain = 0.000
INFO: [Netlist 29-17] Analyzing 1342 Unisim elements for replacement
INFO: [Netlist 29-28] Unisim Transformation completed in 0 CPU seconds
INFO: [Project 1-570] Preparing netlist for logic optimization
INFO: [Opt 31-138] Pushed 0 inverter(s) to 0 load pin(s).
Netlist sorting complete. Time (s): cpu = 00:00:00 ; elapsed = 00:00:00.011 . Memory (MB): peak = 2638.168 ; gain = 0.000
INFO: [Project 1-111] Unisim Transformation Summary:
  A total of 131 instances were transformed.
  RAM16X1S => RAM32X1S (RAMS32): 50 instances
  RAM32M => RAM32M (RAMD32(x6), RAMS32(x2)): 79 instances
  RAM32X1D => RAM32X1D (RAMD32(x2)): 2 instances

Synth Design complete | Checksum: ddd535eb
INFO: [Common 17-83] Releasing license: Synthesis
720 Infos, 126 Warnings, 0 Critical Warnings and 0 Errors encountered.
synth_design completed successfully
synth_design: Time (s): cpu = 00:26:08 ; elapsed = 00:28:19 . Memory (MB): peak = 2638.168 ; gain = 2139.988
Write ShapeDB Complete: Time (s): cpu = 00:00:00 ; elapsed = 00:00:00.148 . Memory (MB): peak = 2638.168 ; gain = 0.000
INFO: [Common 17-1381] The checkpoint 'C:/Users/caleb/Documents/GitHub/SES-598-Fall-2025/DISTEL_HW12_11172025/hdl_prj_v2/vivado_prj/Digital_Spectrometer_from_Chirp_DDC_vivado.runs/synth_1/Digital_Spectrometer_from_Chirp_DDC.dcp' has been generated.
INFO: [Vivado 12-24828] Executing command : report_utilization -file Digital_Spectrometer_from_Chirp_DDC_utilization_synth.rpt -pb Digital_Spectrometer_from_Chirp_DDC_utilization_synth.pb
INFO: [Common 17-206] Exiting Vivado at Mon Dec  1 14:38:51 2025...
[Mon Dec  1 14:38:54 2025] synth_1 finished
wait_on_runs: Time (s): cpu = 00:00:02 ; elapsed = 00:28:43 . Memory (MB): peak = 503.816 ; gain = 0.000
### Synthesis Complete.
### Running PostMapTiming in Xilinx Vivado 2024.1 ...
Design is defaulting to impl run constrset: constrs_1
Design is defaulting to synth run part: xc7z020clg484-1
INFO: [Device 21-403] Loading part xc7z020clg484-1
INFO: [Device 21-9227] Part: xc7z020clg484-1 does not have CEAM library.
Netlist sorting complete. Time (s): cpu = 00:00:00 ; elapsed = 00:00:00.167 . Memory (MB): peak = 962.543 ; gain = 0.000
INFO: [Netlist 29-17] Analyzing 1342 Unisim elements for replacement
INFO: [Netlist 29-28] Unisim Transformation completed in 0 CPU seconds
INFO: [Project 1-479] Netlist was created with Vivado 2024.1
INFO: [Project 1-570] Preparing netlist for logic optimization
Parsing XDC File [C:/Users/caleb/Documents/GitHub/SES-598-Fall-2025/DISTEL_HW12_11172025/hdl_prj_v2/hdlsrc/spec_avg_CRD/clock_constraint.xdc]
Finished Parsing XDC File [C:/Users/caleb/Documents/GitHub/SES-598-Fall-2025/DISTEL_HW12_11172025/hdl_prj_v2/hdlsrc/spec_avg_CRD/clock_constraint.xdc]
INFO: [Opt 31-138] Pushed 0 inverter(s) to 0 load pin(s).
Netlist sorting complete. Time (s): cpu = 00:00:00 ; elapsed = 00:00:00.007 . Memory (MB): peak = 1124.465 ; gain = 0.000
INFO: [Project 1-111] Unisim Transformation Summary:
  A total of 131 instances were transformed.
  RAM16X1S => RAM32X1S (RAMS32): 50 instances
  RAM32M => RAM32M (RAMD32(x6), RAMS32(x2)): 79 instances
  RAM32X1D => RAM32X1D (RAMD32(x2)): 2 instances

open_run: Time (s): cpu = 00:00:08 ; elapsed = 00:00:10 . Memory (MB): peak = 1124.465 ; gain = 620.648
WARNING: [Common 17-708] report_timing_summary: The '-name' option will be ignored because it is only relevant in GUI mode.
INFO: [Timing 38-35] Done setting XDC timing constraints.
INFO: [Timing 38-91] UpdateTimingParams: Speed grade: -1, Delay Type: min_max.
INFO: [Timing 38-191] Multithreading enabled for timing update using a maximum of 2 CPUs
WARNING: [Timing 38-242] The property HD.CLK_SRC of clock port "clk" is not set. In out-of-context mode, this prevents timing estimation for clock delay/skew
Resolution: Set the HD.CLK_SRC property of the out-of-context port to the location of the clock buffer instance in the top-level design
report_timing_summary: Time (s): cpu = 00:00:16 ; elapsed = 00:00:13 . Memory (MB): peak = 1887.477 ; gain = 763.012
### PostMapTiming Complete.
### Close Xilinx Vivado 2024.1 project.
INFO: [Common 17-206] Exiting Vivado at Mon Dec  1 14:39:25 2025...
